{"metadata":{"meta":{"(1,14,14)":{"fields":{"formspec":" size[8,8]\n\t\tlist[context;main;0,0;8,3;]\n\t\tlist[current_player;main;0,4;8,4;]\n\t\tlistring[current_player;main]\n\t\tlistring[context;main]\" image[0,4;1,1;gui_hb_bg.png]image[1,4;1,1;gui_hb_bg.png]image[2,4;1,1;gui_hb_bg.png]image[3,4;1,1;gui_hb_bg.png]image[4,4;1,1;gui_hb_bg.png]image[5,4;1,1;gui_hb_bg.png]image[6,4;1,1;gui_hb_bg.png]image[7,4;1,1;gui_hb_bg.png]","infotext":"\u001b(T@xdecor)Plain Shelf\u001bE"},"inventory":{"main":["","","","","","","","","","","","","","","","","","","","","","","",""]}},"(1,14,15)":{"fields":{"formspec":" size[8,8]\n\t\tlist[context;main;0,0;8,3;]\n\t\tlist[current_player;main;0,4;8,4;]\n\t\tlistring[current_player;main]\n\t\tlistring[context;main]\" image[0,4;1,1;gui_hb_bg.png]image[1,4;1,1;gui_hb_bg.png]image[2,4;1,1;gui_hb_bg.png]image[3,4;1,1;gui_hb_bg.png]image[4,4;1,1;gui_hb_bg.png]image[5,4;1,1;gui_hb_bg.png]image[6,4;1,1;gui_hb_bg.png]image[7,4;1,1;gui_hb_bg.png]","infotext":"\u001b(T@xdecor)Plain Shelf\u001bE"},"inventory":{"main":["","","","","","","","","","","","","","","","","","","","","","","",""]}},"(1,15,14)":{"fields":{"formspec":" size[8,8]\n\t\tlist[context;main;0,0;8,3;]\n\t\tlist[current_player;main;0,4;8,4;]\n\t\tlistring[current_player;main]\n\t\tlistring[context;main]\" image[0,4;1,1;gui_hb_bg.png]image[1,4;1,1;gui_hb_bg.png]image[2,4;1,1;gui_hb_bg.png]image[3,4;1,1;gui_hb_bg.png]image[4,4;1,1;gui_hb_bg.png]image[5,4;1,1;gui_hb_bg.png]image[6,4;1,1;gui_hb_bg.png]image[7,4;1,1;gui_hb_bg.png]","infotext":"\u001b(T@xdecor)Plain Shelf\u001bE"},"inventory":{"main":["","","","","","","","","","","","","","","","","","","","","","","",""]}},"(1,15,15)":{"fields":{"formspec":" size[8,8]\n\t\tlist[context;main;0,0;8,3;]\n\t\tlist[current_player;main;0,4;8,4;]\n\t\tlistring[current_player;main]\n\t\tlistring[context;main]\" image[0,4;1,1;gui_hb_bg.png]image[1,4;1,1;gui_hb_bg.png]image[2,4;1,1;gui_hb_bg.png]image[3,4;1,1;gui_hb_bg.png]image[4,4;1,1;gui_hb_bg.png]image[5,4;1,1;gui_hb_bg.png]image[6,4;1,1;gui_hb_bg.png]image[7,4;1,1;gui_hb_bg.png]","infotext":"\u001b(T@xdecor)Plain Shelf\u001bE"},"inventory":{"main":["","","","","","","","","","","","","","","","","","","","","","","",""]}},"(2,14,1)":{"fields":{"infotext":"\u001b(T@default)Chest\u001bE"},"inventory":{"main":["","","","","","","","","","","","","","","","","","","","","","","","","","","","","","","",""]}},"(4,14,14)":{"fields":{"formspec":" size[8,8]\n\t\tlist[context;main;0,0;8,3;]\n\t\tlist[current_player;main;0,4;8,4;]\n\t\tlistring[current_player;main]\n\t\tlistring[context;main]\" image[0,4;1,1;gui_hb_bg.png]image[1,4;1,1;gui_hb_bg.png]image[2,4;1,1;gui_hb_bg.png]image[3,4;1,1;gui_hb_bg.png]image[4,4;1,1;gui_hb_bg.png]image[5,4;1,1;gui_hb_bg.png]image[6,4;1,1;gui_hb_bg.png]image[7,4;1,1;gui_hb_bg.png]","infotext":"\u001b(T@xdecor)Plain Shelf\u001bE"},"inventory":{"main":["","","","","","","","","","","","","","","","","","","","","","","",""]}},"(4,14,15)":{"fields":{"formspec":" size[8,8]\n\t\tlist[context;main;0,0;8,3;]\n\t\tlist[current_player;main;0,4;8,4;]\n\t\tlistring[current_player;main]\n\t\tlistring[context;main]\" image[0,4;1,1;gui_hb_bg.png]image[1,4;1,1;gui_hb_bg.png]image[2,4;1,1;gui_hb_bg.png]image[3,4;1,1;gui_hb_bg.png]image[4,4;1,1;gui_hb_bg.png]image[5,4;1,1;gui_hb_bg.png]image[6,4;1,1;gui_hb_bg.png]image[7,4;1,1;gui_hb_bg.png]","infotext":"\u001b(T@xdecor)Plain Shelf\u001bE"},"inventory":{"main":["","","","","","","","","","","","","","","","","","","","","","","",""]}},"(4,15,14)":{"fields":{"formspec":" size[8,8]\n\t\tlist[context;main;0,0;8,3;]\n\t\tlist[current_player;main;0,4;8,4;]\n\t\tlistring[current_player;main]\n\t\tlistring[context;main]\" image[0,4;1,1;gui_hb_bg.png]image[1,4;1,1;gui_hb_bg.png]image[2,4;1,1;gui_hb_bg.png]image[3,4;1,1;gui_hb_bg.png]image[4,4;1,1;gui_hb_bg.png]image[5,4;1,1;gui_hb_bg.png]image[6,4;1,1;gui_hb_bg.png]image[7,4;1,1;gui_hb_bg.png]","infotext":"\u001b(T@xdecor)Plain Shelf\u001bE"},"inventory":{"main":["","","","","","","","","","","","","","","","","","","","","","","",""]}},"(4,15,15)":{"fields":{"formspec":" size[8,8]\n\t\tlist[context;main;0,0;8,3;]\n\t\tlist[current_player;main;0,4;8,4;]\n\t\tlistring[current_player;main]\n\t\tlistring[context;main]\" image[0,4;1,1;gui_hb_bg.png]image[1,4;1,1;gui_hb_bg.png]image[2,4;1,1;gui_hb_bg.png]image[3,4;1,1;gui_hb_bg.png]image[4,4;1,1;gui_hb_bg.png]image[5,4;1,1;gui_hb_bg.png]image[6,4;1,1;gui_hb_bg.png]image[7,4;1,1;gui_hb_bg.png]","infotext":"\u001b(T@xdecor)Plain Shelf\u001bE"},"inventory":{"main":["","","","","","","","","","","","","","","","","","","","","","","",""]}},"(7,14,2)":{"fields":{"infotext":"\u001b(T@default)Chest\u001bE"},"inventory":{"main":["","","","","","","","","","","","","","","","","","","","","","","","","","","","","","","",""]}},"(9,14,13)":{"fields":{"formspec":" size[8,8]\n\t\tlist[context;main;0,0;8,3;]\n\t\tlist[current_player;main;0,4;8,4;]\n\t\tlistring[current_player;main]\n\t\tlistring[context;main]\" image[0,4;1,1;gui_hb_bg.png]image[1,4;1,1;gui_hb_bg.png]image[2,4;1,1;gui_hb_bg.png]image[3,4;1,1;gui_hb_bg.png]image[4,4;1,1;gui_hb_bg.png]image[5,4;1,1;gui_hb_bg.png]image[6,4;1,1;gui_hb_bg.png]image[7,4;1,1;gui_hb_bg.png]","infotext":"\u001b(T@xdecor)Plain Shelf\u001bE"},"inventory":{"main":["","","","","","","","","","","","","","","","","","","","","","","",""]}},"(9,14,14)":{"fields":{"formspec":" size[8,8]\n\t\tlist[context;main;0,0;8,3;]\n\t\tlist[current_player;main;0,4;8,4;]\n\t\tlistring[current_player;main]\n\t\tlistring[context;main]\" image[0,4;1,1;gui_hb_bg.png]image[1,4;1,1;gui_hb_bg.png]image[2,4;1,1;gui_hb_bg.png]image[3,4;1,1;gui_hb_bg.png]image[4,4;1,1;gui_hb_bg.png]image[5,4;1,1;gui_hb_bg.png]image[6,4;1,1;gui_hb_bg.png]image[7,4;1,1;gui_hb_bg.png]","infotext":"\u001b(T@xdecor)Plain Shelf\u001bE"},"inventory":{"main":["","","","","","","","","","","","","","","","","","","","","","","",""]}},"(9,14,15)":{"fields":{"formspec":" size[8,8]\n\t\tlist[context;main;0,0;8,3;]\n\t\tlist[current_player;main;0,4;8,4;]\n\t\tlistring[current_player;main]\n\t\tlistring[context;main]\" image[0,4;1,1;gui_hb_bg.png]image[1,4;1,1;gui_hb_bg.png]image[2,4;1,1;gui_hb_bg.png]image[3,4;1,1;gui_hb_bg.png]image[4,4;1,1;gui_hb_bg.png]image[5,4;1,1;gui_hb_bg.png]image[6,4;1,1;gui_hb_bg.png]image[7,4;1,1;gui_hb_bg.png]","infotext":"\u001b(T@xdecor)Plain Shelf\u001bE"},"inventory":{"main":["","","","","","","","","","","","","","","","","","","","","","","",""]}},"(9,15,13)":{"fields":{"formspec":" size[8,8]\n\t\tlist[context;main;0,0;8,3;]\n\t\tlist[current_player;main;0,4;8,4;]\n\t\tlistring[current_player;main]\n\t\tlistring[context;main]\" image[0,4;1,1;gui_hb_bg.png]image[1,4;1,1;gui_hb_bg.png]image[2,4;1,1;gui_hb_bg.png]image[3,4;1,1;gui_hb_bg.png]image[4,4;1,1;gui_hb_bg.png]image[5,4;1,1;gui_hb_bg.png]image[6,4;1,1;gui_hb_bg.png]image[7,4;1,1;gui_hb_bg.png]","infotext":"\u001b(T@xdecor)Plain Shelf\u001bE"},"inventory":{"main":["","","","","","","","","","","","","","","","","","","","","","","",""]}},"(9,15,14)":{"fields":{"formspec":" size[8,8]\n\t\tlist[context;main;0,0;8,3;]\n\t\tlist[current_player;main;0,4;8,4;]\n\t\tlistring[current_player;main]\n\t\tlistring[context;main]\" image[0,4;1,1;gui_hb_bg.png]image[1,4;1,1;gui_hb_bg.png]image[2,4;1,1;gui_hb_bg.png]image[3,4;1,1;gui_hb_bg.png]image[4,4;1,1;gui_hb_bg.png]image[5,4;1,1;gui_hb_bg.png]image[6,4;1,1;gui_hb_bg.png]image[7,4;1,1;gui_hb_bg.png]","infotext":"\u001b(T@xdecor)Plain Shelf\u001bE"},"inventory":{"main":["","","","","","","","","","","","","","","","","","","","","","","",""]}},"(9,15,15)":{"fields":{"formspec":" size[8,8]\n\t\tlist[context;main;0,0;8,3;]\n\t\tlist[current_player;main;0,4;8,4;]\n\t\tlistring[current_player;main]\n\t\tlistring[context;main]\" image[0,4;1,1;gui_hb_bg.png]image[1,4;1,1;gui_hb_bg.png]image[2,4;1,1;gui_hb_bg.png]image[3,4;1,1;gui_hb_bg.png]image[4,4;1,1;gui_hb_bg.png]image[5,4;1,1;gui_hb_bg.png]image[6,4;1,1;gui_hb_bg.png]image[7,4;1,1;gui_hb_bg.png]","infotext":"\u001b(T@xdecor)Plain Shelf\u001bE"},"inventory":{"main":["","","","","","","","","","","","","","","","","","","","","","","",""]}}}},"node_mapping":{"air":126.0,"default:chest":155.0,"default:fence_rail_aspen_wood":144.0,"default:sand":34.0,"hightech:dark":394.0,"hightech:dark_stripe_bottom_autoconnect_0000":409.0,"hightech:dark_stripe_top_autoconnect_0001":410.0,"hightech:dark_stripe_top_autoconnect_0010":412.0,"hightech:dark_stripe_top_autoconnect_0011":414.0,"hightech:dark_stripe_top_autoconnect_0101":418.0,"hightech:dark_stripe_top_autoconnect_0110":420.0,"hightech:dark_stripe_top_autoconnect_1100":432.0,"hightech:dark_stripe_vertical":407.0,"hightech:glass":400.0,"stairs:stair_hightech_dark":395.0,"stairs:stair_inner_glass":312.0,"xdecor:empty_shelf":508.0}}