{"metadata":{"meta":{"(0,0,10)":{"fields":{"worldedit_placeholder":"air"},"inventory":null},"(0,0,11)":{"fields":{"worldedit_placeholder":"air"},"inventory":null},"(0,0,15)":{"fields":{"worldedit_placeholder":"air"},"inventory":null},"(0,0,5)":{"fields":{"worldedit_placeholder":"air"},"inventory":null},"(0,1,10)":{"fields":{"worldedit_placeholder":"air"},"inventory":null},"(0,1,11)":{"fields":{"worldedit_placeholder":"air"},"inventory":null},"(0,1,15)":{"fields":{"worldedit_placeholder":"air"},"inventory":null},"(0,1,5)":{"fields":{"worldedit_placeholder":"air"},"inventory":null},"(0,1,6)":{"fields":{"worldedit_placeholder":"air"},"inventory":null},"(0,1,7)":{"fields":{"worldedit_placeholder":"air"},"inventory":null},"(0,10,11)":{"fields":{"worldedit_placeholder":"air"},"inventory":null},"(0,10,15)":{"fields":{"worldedit_placeholder":"air"},"inventory":null},"(0,10,5)":{"fields":{"worldedit_placeholder":"air"},"inventory":null},"(0,10,6)":{"fields":{"state":"0"},"inventory":null},"(0,10,7)":{"fields":{"worldedit_placeholder":"air"},"inventory":null},"(0,11,10)":{"fields":{"worldedit_placeholder":"air"},"inventory":null},"(0,11,11)":{"fields":{"worldedit_placeholder":"air"},"inventory":null},"(0,11,15)":{"fields":{"worldedit_placeholder":"air"},"inventory":null},"(0,11,5)":{"fields":{"worldedit_placeholder":"air"},"inventory":null},"(0,12,10)":{"fields":{"worldedit_placeholder":"air"},"inventory":null},"(0,12,11)":{"fields":{"worldedit_placeholder":"air"},"inventory":null},"(0,12,15)":{"fields":{"worldedit_placeholder":"air"},"inventory":null},"(0,12,5)":{"fields":{"worldedit_placeholder":"air"},"inventory":null},"(0,12,6)":{"fields":{"worldedit_placeholder":"air"},"inventory":null},"(0,12,7)":{"fields":{"worldedit_placeholder":"air"},"inventory":null},"(0,13,10)":{"fields":{"worldedit_placeholder":"air"},"inventory":null},"(0,13,11)":{"fields":{"worldedit_placeholder":"air"},"inventory":null},"(0,13,15)":{"fields":{"worldedit_placeholder":"air"},"inventory":null},"(0,13,5)":{"fields":{"worldedit_placeholder":"air"},"inventory":null},"(0,13,6)":{"fields":{"worldedit_placeholder":"air"},"inventory":null},"(0,13,7)":{"fields":{"worldedit_placeholder":"air"},"inventory":null},"(0,13,8)":{"fields":{"worldedit_placeholder":"air"},"inventory":null},"(0,13,9)":{"fields":{"worldedit_placeholder":"air"},"inventory":null},"(0,14,10)":{"fields":{"worldedit_placeholder":"air"},"inventory":null},"(0,14,11)":{"fields":{"worldedit_placeholder":"air"},"inventory":null},"(0,14,15)":{"fields":{"worldedit_placeholder":"air"},"inventory":null},"(0,14,5)":{"fields":{"worldedit_placeholder":"air"},"inventory":null},"(0,14,6)":{"fields":{"worldedit_placeholder":"air"},"inventory":null},"(0,14,7)":{"fields":{"worldedit_placeholder":"air"},"inventory":null},"(0,14,8)":{"fields":{"worldedit_placeholder":"air"},"inventory":null},"(0,14,9)":{"fields":{"worldedit_placeholder":"air"},"inventory":null},"(0,15,10)":{"fields":{"worldedit_placeholder":"air"},"inventory":null},"(0,15,11)":{"fields":{"worldedit_placeholder":"air"},"inventory":null},"(0,15,15)":{"fields":{"worldedit_placeholder":"air"},"inventory":null},"(0,15,5)":{"fields":{"worldedit_placeholder":"air"},"inventory":null},"(0,15,6)":{"fields":{"worldedit_placeholder":"air"},"inventory":null},"(0,15,7)":{"fields":{"worldedit_placeholder":"air"},"inventory":null},"(0,15,8)":{"fields":{"worldedit_placeholder":"air"},"inventory":null},"(0,15,9)":{"fields":{"worldedit_placeholder":"air"},"inventory":null},"(0,2,10)":{"fields":{"worldedit_placeholder":"air"},"inventory":null},"(0,2,11)":{"fields":{"worldedit_placeholder":"air"},"inventory":null},"(0,2,15)":{"fields":{"worldedit_placeholder":"air"},"inventory":null},"(0,2,5)":{"fields":{"worldedit_placeholder":"air"},"inventory":null},"(0,2,6)":{"fields":{"worldedit_placeholder":"air"},"inventory":null},"(0,2,7)":{"fields":{"worldedit_placeholder":"air"},"inventory":null},"(0,2,8)":{"fields":{"worldedit_placeholder":"air"},"inventory":null},"(0,2,9)":{"fields":{"worldedit_placeholder":"air"},"inventory":null},"(0,3,10)":{"fields":{"worldedit_placeholder":"air"},"inventory":null},"(0,3,11)":{"fields":{"worldedit_placeholder":"air"},"inventory":null},"(0,3,15)":{"fields":{"worldedit_placeholder":"air"},"inventory":null},"(0,3,5)":{"fields":{"worldedit_placeholder":"air"},"inventory":null},"(0,3,6)":{"fields":{"worldedit_placeholder":"air"},"inventory":null},"(0,3,7)":{"fields":{"worldedit_placeholder":"air"},"inventory":null},"(0,3,8)":{"fields":{"worldedit_placeholder":"air"},"inventory":null},"(0,3,9)":{"fields":{"worldedit_placeholder":"air"},"inventory":null},"(0,4,10)":{"fields":{"worldedit_placeholder":"air"},"inventory":null},"(0,4,11)":{"fields":{"worldedit_placeholder":"air"},"inventory":null},"(0,4,15)":{"fields":{"worldedit_placeholder":"air"},"inventory":null},"(0,4,5)":{"fields":{"worldedit_placeholder":"air"},"inventory":null},"(0,4,6)":{"fields":{"worldedit_placeholder":"air"},"inventory":null},"(0,4,7)":{"fields":{"worldedit_placeholder":"air"},"inventory":null},"(0,4,8)":{"fields":{"worldedit_placeholder":"air"},"inventory":null},"(0,4,9)":{"fields":{"worldedit_placeholder":"air"},"inventory":null},"(0,5,10)":{"fields":{"worldedit_placeholder":"air"},"inventory":null},"(0,5,11)":{"fields":{"worldedit_placeholder":"air"},"inventory":null},"(0,5,15)":{"fields":{"worldedit_placeholder":"air"},"inventory":null},"(0,5,5)":{"fields":{"worldedit_placeholder":"air"},"inventory":null},"(0,5,6)":{"fields":{"worldedit_placeholder":"air"},"inventory":null},"(0,5,7)":{"fields":{"worldedit_placeholder":"air"},"inventory":null},"(0,5,8)":{"fields":{"worldedit_placeholder":"air"},"inventory":null},"(0,5,9)":{"fields":{"worldedit_placeholder":"air"},"inventory":null},"(0,6,10)":{"fields":{"worldedit_placeholder":"air"},"inventory":null},"(0,6,11)":{"fields":{"worldedit_placeholder":"air"},"inventory":null},"(0,6,15)":{"fields":{"worldedit_placeholder":"air"},"inventory":null},"(0,6,5)":{"fields":{"worldedit_placeholder":"air"},"inventory":null},"(0,6,6)":{"fields":{"worldedit_placeholder":"air"},"inventory":null},"(0,6,7)":{"fields":{"worldedit_placeholder":"air"},"inventory":null},"(0,6,8)":{"fields":{"worldedit_placeholder":"air"},"inventory":null},"(0,6,9)":{"fields":{"worldedit_placeholder":"air"},"inventory":null},"(0,7,10)":{"fields":{"worldedit_placeholder":"air"},"inventory":null},"(0,7,11)":{"fields":{"worldedit_placeholder":"air"},"inventory":null},"(0,7,15)":{"fields":{"worldedit_placeholder":"air"},"inventory":null},"(0,7,5)":{"fields":{"worldedit_placeholder":"air"},"inventory":null},"(0,7,6)":{"fields":{"worldedit_placeholder":"air"},"inventory":null},"(0,7,7)":{"fields":{"worldedit_placeholder":"air"},"inventory":null},"(0,7,8)":{"fields":{"worldedit_placeholder":"air"},"inventory":null},"(0,7,9)":{"fields":{"worldedit_placeholder":"air"},"inventory":null},"(1,0,11)":{"fields":{"worldedit_placeholder":"air"},"inventory":null},"(1,0,15)":{"fields":{"worldedit_placeholder":"air"},"inventory":null},"(1,1,11)":{"fields":{"worldedit_placeholder":"air"},"inventory":null},"(1,1,15)":{"fields":{"worldedit_placeholder":"air"},"inventory":null},"(1,10,11)":{"fields":{"worldedit_placeholder":"air"},"inventory":null},"(1,10,15)":{"fields":{"worldedit_placeholder":"air"},"inventory":null},"(1,11,11)":{"fields":{"worldedit_placeholder":"air"},"inventory":null},"(1,11,15)":{"fields":{"worldedit_placeholder":"air"},"inventory":null},"(1,12,11)":{"fields":{"worldedit_placeholder":"air"},"inventory":null},"(1,12,15)":{"fields":{"worldedit_placeholder":"air"},"inventory":null},"(1,13,11)":{"fields":{"worldedit_placeholder":"air"},"inventory":null},"(1,13,15)":{"fields":{"worldedit_placeholder":"air"},"inventory":null},"(1,14,11)":{"fields":{"worldedit_placeholder":"air"},"inventory":null},"(1,14,15)":{"fields":{"worldedit_placeholder":"air"},"inventory":null},"(1,15,11)":{"fields":{"worldedit_placeholder":"air"},"inventory":null},"(1,15,15)":{"fields":{"worldedit_placeholder":"air"},"inventory":null},"(1,2,11)":{"fields":{"worldedit_placeholder":"air"},"inventory":null},"(1,2,15)":{"fields":{"worldedit_placeholder":"air"},"inventory":null},"(1,3,11)":{"fields":{"worldedit_placeholder":"air"},"inventory":null},"(1,3,15)":{"fields":{"worldedit_placeholder":"air"},"inventory":null},"(1,4,11)":{"fields":{"worldedit_placeholder":"air"},"inventory":null},"(1,4,15)":{"fields":{"worldedit_placeholder":"air"},"inventory":null},"(1,5,11)":{"fields":{"worldedit_placeholder":"air"},"inventory":null},"(1,5,15)":{"fields":{"worldedit_placeholder":"air"},"inventory":null},"(1,6,11)":{"fields":{"worldedit_placeholder":"air"},"inventory":null},"(1,6,15)":{"fields":{"worldedit_placeholder":"air"},"inventory":null},"(1,7,11)":{"fields":{"worldedit_placeholder":"air"},"inventory":null},"(1,7,15)":{"fields":{"worldedit_placeholder":"air"},"inventory":null},"(10,0,11)":{"fields":{"worldedit_placeholder":"air"},"inventory":null},"(10,1,11)":{"fields":{"worldedit_placeholder":"air"},"inventory":null},"(10,10,11)":{"fields":{"worldedit_placeholder":"air"},"inventory":null},"(10,11,11)":{"fields":{"worldedit_placeholder":"air"},"inventory":null},"(10,12,11)":{"fields":{"worldedit_placeholder":"air"},"inventory":null},"(10,13,11)":{"fields":{"worldedit_placeholder":"air"},"inventory":null},"(10,14,11)":{"fields":{"worldedit_placeholder":"air"},"inventory":null},"(10,2,11)":{"fields":{"worldedit_placeholder":"air"},"inventory":null},"(10,3,11)":{"fields":{"worldedit_placeholder":"air"},"inventory":null},"(10,4,11)":{"fields":{"worldedit_placeholder":"air"},"inventory":null},"(10,5,11)":{"fields":{"worldedit_placeholder":"air"},"inventory":null},"(10,6,11)":{"fields":{"worldedit_placeholder":"air"},"inventory":null},"(10,7,11)":{"fields":{"worldedit_placeholder":"air"},"inventory":null},"(11,0,10)":{"fields":{"worldedit_placeholder":"air"},"inventory":null},"(11,0,11)":{"fields":{"worldedit_placeholder":"air"},"inventory":null},"(11,0,15)":{"fields":{"worldedit_placeholder":"air"},"inventory":null},"(11,0,5)":{"fields":{"worldedit_placeholder":"air"},"inventory":null},"(11,0,6)":{"fields":{"worldedit_placeholder":"air"},"inventory":null},"(11,0,7)":{"fields":{"worldedit_placeholder":"air"},"inventory":null},"(11,0,8)":{"fields":{"worldedit_placeholder":"air"},"inventory":null},"(11,0,9)":{"fields":{"worldedit_placeholder":"air"},"inventory":null},"(11,1,10)":{"fields":{"worldedit_placeholder":"air"},"inventory":null},"(11,1,11)":{"fields":{"worldedit_placeholder":"air"},"inventory":null},"(11,1,15)":{"fields":{"worldedit_placeholder":"air"},"inventory":null},"(11,1,5)":{"fields":{"worldedit_placeholder":"air"},"inventory":null},"(11,1,6)":{"fields":{"worldedit_placeholder":"air"},"inventory":null},"(11,1,7)":{"fields":{"worldedit_placeholder":"air"},"inventory":null},"(11,1,8)":{"fields":{"worldedit_placeholder":"air"},"inventory":null},"(11,1,9)":{"fields":{"worldedit_placeholder":"air"},"inventory":null},"(11,10,10)":{"fields":{"worldedit_placeholder":"air"},"inventory":null},"(11,10,15)":{"fields":{"worldedit_placeholder":"air"},"inventory":null},"(11,10,5)":{"fields":{"worldedit_placeholder":"air"},"inventory":null},"(11,10,6)":{"fields":{"worldedit_placeholder":"air"},"inventory":null},"(11,10,7)":{"fields":{"worldedit_placeholder":"air"},"inventory":null},"(11,10,8)":{"fields":{"worldedit_placeholder":"air"},"inventory":null},"(11,10,9)":{"fields":{"worldedit_placeholder":"air"},"inventory":null},"(11,11,10)":{"fields":{"worldedit_placeholder":"air"},"inventory":null},"(11,11,11)":{"fields":{"worldedit_placeholder":"air"},"inventory":null},"(11,11,15)":{"fields":{"worldedit_placeholder":"air"},"inventory":null},"(11,11,5)":{"fields":{"worldedit_placeholder":"air"},"inventory":null},"(11,11,6)":{"fields":{"worldedit_placeholder":"air"},"inventory":null},"(11,11,7)":{"fields":{"worldedit_placeholder":"air"},"inventory":null},"(11,11,8)":{"fields":{"worldedit_placeholder":"air"},"inventory":null},"(11,11,9)":{"fields":{"worldedit_placeholder":"air"},"inventory":null},"(11,12,10)":{"fields":{"worldedit_placeholder":"air"},"inventory":null},"(11,12,11)":{"fields":{"worldedit_placeholder":"air"},"inventory":null},"(11,12,15)":{"fields":{"worldedit_placeholder":"air"},"inventory":null},"(11,12,5)":{"fields":{"worldedit_placeholder":"air"},"inventory":null},"(11,12,6)":{"fields":{"worldedit_placeholder":"air"},"inventory":null},"(11,12,7)":{"fields":{"worldedit_placeholder":"air"},"inventory":null},"(11,12,8)":{"fields":{"worldedit_placeholder":"air"},"inventory":null},"(11,12,9)":{"fields":{"worldedit_placeholder":"air"},"inventory":null},"(11,13,10)":{"fields":{"worldedit_placeholder":"air"},"inventory":null},"(11,13,11)":{"fields":{"worldedit_placeholder":"air"},"inventory":null},"(11,13,15)":{"fields":{"worldedit_placeholder":"air"},"inventory":null},"(11,13,5)":{"fields":{"worldedit_placeholder":"air"},"inventory":null},"(11,13,6)":{"fields":{"worldedit_placeholder":"air"},"inventory":null},"(11,13,7)":{"fields":{"worldedit_placeholder":"air"},"inventory":null},"(11,13,8)":{"fields":{"worldedit_placeholder":"air"},"inventory":null},"(11,13,9)":{"fields":{"worldedit_placeholder":"air"},"inventory":null},"(11,14,10)":{"fields":{"worldedit_placeholder":"air"},"inventory":null},"(11,14,11)":{"fields":{"worldedit_placeholder":"air"},"inventory":null},"(11,14,15)":{"fields":{"worldedit_placeholder":"air"},"inventory":null},"(11,14,5)":{"fields":{"worldedit_placeholder":"air"},"inventory":null},"(11,14,6)":{"fields":{"worldedit_placeholder":"air"},"inventory":null},"(11,14,8)":{"fields":{"worldedit_placeholder":"air"},"inventory":null},"(11,15,11)":{"fields":{"worldedit_placeholder":"air"},"inventory":null},"(11,15,15)":{"fields":{"worldedit_placeholder":"air"},"inventory":null},"(11,15,5)":{"fields":{"worldedit_placeholder":"air"},"inventory":null},"(11,2,10)":{"fields":{"worldedit_placeholder":"air"},"inventory":null},"(11,2,11)":{"fields":{"worldedit_placeholder":"air"},"inventory":null},"(11,2,15)":{"fields":{"worldedit_placeholder":"air"},"inventory":null},"(11,2,5)":{"fields":{"worldedit_placeholder":"air"},"inventory":null},"(11,2,6)":{"fields":{"worldedit_placeholder":"air"},"inventory":null},"(11,2,7)":{"fields":{"worldedit_placeholder":"air"},"inventory":null},"(11,2,8)":{"fields":{"worldedit_placeholder":"air"},"inventory":null},"(11,2,9)":{"fields":{"worldedit_placeholder":"air"},"inventory":null},"(11,3,10)":{"fields":{"worldedit_placeholder":"air"},"inventory":null},"(11,3,11)":{"fields":{"worldedit_placeholder":"air"},"inventory":null},"(11,3,15)":{"fields":{"worldedit_placeholder":"air"},"inventory":null},"(11,3,5)":{"fields":{"worldedit_placeholder":"air"},"inventory":null},"(11,3,6)":{"fields":{"worldedit_placeholder":"air"},"inventory":null},"(11,3,7)":{"fields":{"worldedit_placeholder":"air"},"inventory":null},"(11,3,8)":{"fields":{"worldedit_placeholder":"air"},"inventory":null},"(11,3,9)":{"fields":{"worldedit_placeholder":"air"},"inventory":null},"(11,4,10)":{"fields":{"worldedit_placeholder":"air"},"inventory":null},"(11,4,11)":{"fields":{"worldedit_placeholder":"air"},"inventory":null},"(11,4,15)":{"fields":{"worldedit_placeholder":"air"},"inventory":null},"(11,4,5)":{"fields":{"worldedit_placeholder":"air"},"inventory":null},"(11,4,6)":{"fields":{"worldedit_placeholder":"air"},"inventory":null},"(11,4,7)":{"fields":{"worldedit_placeholder":"air"},"inventory":null},"(11,4,8)":{"fields":{"worldedit_placeholder":"air"},"inventory":null},"(11,4,9)":{"fields":{"worldedit_placeholder":"air"},"inventory":null},"(11,5,10)":{"fields":{"worldedit_placeholder":"air"},"inventory":null},"(11,5,11)":{"fields":{"worldedit_placeholder":"air"},"inventory":null},"(11,5,15)":{"fields":{"worldedit_placeholder":"air"},"inventory":null},"(11,5,5)":{"fields":{"worldedit_placeholder":"air"},"inventory":null},"(11,5,6)":{"fields":{"worldedit_placeholder":"air"},"inventory":null},"(11,5,7)":{"fields":{"worldedit_placeholder":"air"},"inventory":null},"(11,6,10)":{"fields":{"worldedit_placeholder":"air"},"inventory":null},"(11,6,11)":{"fields":{"worldedit_placeholder":"air"},"inventory":null},"(11,6,15)":{"fields":{"worldedit_placeholder":"air"},"inventory":null},"(11,6,5)":{"fields":{"worldedit_placeholder":"air"},"inventory":null},"(11,6,6)":{"fields":{"worldedit_placeholder":"air"},"inventory":null},"(11,6,7)":{"fields":{"worldedit_placeholder":"air"},"inventory":null},"(11,7,10)":{"fields":{"worldedit_placeholder":"air"},"inventory":null},"(11,7,11)":{"fields":{"worldedit_placeholder":"air"},"inventory":null},"(11,7,15)":{"fields":{"worldedit_placeholder":"air"},"inventory":null},"(11,7,5)":{"fields":{"worldedit_placeholder":"air"},"inventory":null},"(11,7,6)":{"fields":{"worldedit_placeholder":"air"},"inventory":null},"(11,7,7)":{"fields":{"worldedit_placeholder":"air"},"inventory":null},"(11,7,8)":{"fields":{"worldedit_placeholder":"air"},"inventory":null},"(11,7,9)":{"fields":{"worldedit_placeholder":"air"},"inventory":null},"(12,0,11)":{"fields":{"worldedit_placeholder":"air"},"inventory":null},"(12,0,15)":{"fields":{"worldedit_placeholder":"air"},"inventory":null},"(12,1,11)":{"fields":{"worldedit_placeholder":"air"},"inventory":null},"(12,1,15)":{"fields":{"worldedit_placeholder":"air"},"inventory":null},"(12,10,11)":{"fields":{"worldedit_placeholder":"air"},"inventory":null},"(12,10,15)":{"fields":{"worldedit_placeholder":"air"},"inventory":null},"(12,11,11)":{"fields":{"worldedit_placeholder":"air"},"inventory":null},"(12,11,15)":{"fields":{"worldedit_placeholder":"air"},"inventory":null},"(12,12,11)":{"fields":{"worldedit_placeholder":"air"},"inventory":null},"(12,12,15)":{"fields":{"worldedit_placeholder":"air"},"inventory":null},"(12,13,11)":{"fields":{"worldedit_placeholder":"air"},"inventory":null},"(12,13,15)":{"fields":{"worldedit_placeholder":"air"},"inventory":null},"(12,14,11)":{"fields":{"worldedit_placeholder":"air"},"inventory":null},"(12,14,15)":{"fields":{"worldedit_placeholder":"air"},"inventory":null},"(12,15,11)":{"fields":{"worldedit_placeholder":"air"},"inventory":null},"(12,15,15)":{"fields":{"worldedit_placeholder":"air"},"inventory":null},"(12,2,11)":{"fields":{"worldedit_placeholder":"air"},"inventory":null},"(12,2,15)":{"fields":{"worldedit_placeholder":"air"},"inventory":null},"(12,3,11)":{"fields":{"worldedit_placeholder":"air"},"inventory":null},"(12,3,15)":{"fields":{"worldedit_placeholder":"air"},"inventory":null},"(12,4,11)":{"fields":{"worldedit_placeholder":"air"},"inventory":null},"(12,4,15)":{"fields":{"worldedit_placeholder":"air"},"inventory":null},"(12,5,11)":{"fields":{"worldedit_placeholder":"air"},"inventory":null},"(12,5,15)":{"fields":{"worldedit_placeholder":"air"},"inventory":null},"(12,6,11)":{"fields":{"worldedit_placeholder":"air"},"inventory":null},"(12,6,15)":{"fields":{"worldedit_placeholder":"air"},"inventory":null},"(12,7,11)":{"fields":{"worldedit_placeholder":"air"},"inventory":null},"(12,7,15)":{"fields":{"worldedit_placeholder":"air"},"inventory":null},"(13,0,11)":{"fields":{"worldedit_placeholder":"air"},"inventory":null},"(13,0,15)":{"fields":{"worldedit_placeholder":"air"},"inventory":null},"(13,0,7)":{"fields":{"worldedit_placeholder":"air"},"inventory":null},"(13,1,11)":{"fields":{"worldedit_placeholder":"air"},"inventory":null},"(13,1,15)":{"fields":{"worldedit_placeholder":"air"},"inventory":null},"(13,1,7)":{"fields":{"worldedit_placeholder":"air"},"inventory":null},"(13,10,11)":{"fields":{"worldedit_placeholder":"air"},"inventory":null},"(13,10,15)":{"fields":{"worldedit_placeholder":"air"},"inventory":null},"(13,10,7)":{"fields":{"worldedit_placeholder":"air"},"inventory":null},"(13,11,11)":{"fields":{"worldedit_placeholder":"air"},"inventory":null},"(13,11,15)":{"fields":{"worldedit_placeholder":"air"},"inventory":null},"(13,11,7)":{"fields":{"worldedit_placeholder":"air"},"inventory":null},"(13,12,11)":{"fields":{"worldedit_placeholder":"air"},"inventory":null},"(13,12,15)":{"fields":{"worldedit_placeholder":"air"},"inventory":null},"(13,12,7)":{"fields":{"worldedit_placeholder":"air"},"inventory":null},"(13,13,11)":{"fields":{"worldedit_placeholder":"air"},"inventory":null},"(13,13,15)":{"fields":{"worldedit_placeholder":"air"},"inventory":null},"(13,13,7)":{"fields":{"worldedit_placeholder":"air"},"inventory":null},"(13,14,11)":{"fields":{"worldedit_placeholder":"air"},"inventory":null},"(13,14,15)":{"fields":{"worldedit_placeholder":"air"},"inventory":null},"(13,14,7)":{"fields":{"worldedit_placeholder":"air"},"inventory":null},"(13,15,11)":{"fields":{"worldedit_placeholder":"air"},"inventory":null},"(13,15,15)":{"fields":{"worldedit_placeholder":"air"},"inventory":null},"(13,15,7)":{"fields":{"worldedit_placeholder":"air"},"inventory":null},"(13,2,11)":{"fields":{"worldedit_placeholder":"air"},"inventory":null},"(13,2,15)":{"fields":{"worldedit_placeholder":"air"},"inventory":null},"(13,2,7)":{"fields":{"worldedit_placeholder":"air"},"inventory":null},"(13,3,11)":{"fields":{"worldedit_placeholder":"air"},"inventory":null},"(13,3,15)":{"fields":{"worldedit_placeholder":"air"},"inventory":null},"(13,3,7)":{"fields":{"worldedit_placeholder":"air"},"inventory":null},"(13,4,11)":{"fields":{"worldedit_placeholder":"air"},"inventory":null},"(13,4,15)":{"fields":{"worldedit_placeholder":"air"},"inventory":null},"(13,4,7)":{"fields":{"worldedit_placeholder":"air"},"inventory":null},"(13,5,11)":{"fields":{"worldedit_placeholder":"air"},"inventory":null},"(13,5,15)":{"fields":{"worldedit_placeholder":"air"},"inventory":null},"(13,5,7)":{"fields":{"worldedit_placeholder":"air"},"inventory":null},"(13,6,11)":{"fields":{"worldedit_placeholder":"air"},"inventory":null},"(13,6,15)":{"fields":{"worldedit_placeholder":"air"},"inventory":null},"(13,6,7)":{"fields":{"worldedit_placeholder":"air"},"inventory":null},"(13,7,11)":{"fields":{"worldedit_placeholder":"air"},"inventory":null},"(13,7,15)":{"fields":{"worldedit_placeholder":"air"},"inventory":null},"(13,7,7)":{"fields":{"worldedit_placeholder":"air"},"inventory":null},"(14,0,11)":{"fields":{"worldedit_placeholder":"air"},"inventory":null},"(14,0,15)":{"fields":{"worldedit_placeholder":"air"},"inventory":null},"(14,0,7)":{"fields":{"worldedit_placeholder":"air"},"inventory":null},"(14,1,11)":{"fields":{"worldedit_placeholder":"air"},"inventory":null},"(14,1,15)":{"fields":{"worldedit_placeholder":"air"},"inventory":null},"(14,1,7)":{"fields":{"worldedit_placeholder":"air"},"inventory":null},"(14,10,11)":{"fields":{"worldedit_placeholder":"air"},"inventory":null},"(14,10,15)":{"fields":{"worldedit_placeholder":"air"},"inventory":null},"(14,10,7)":{"fields":{"worldedit_placeholder":"air"},"inventory":null},"(14,11,11)":{"fields":{"worldedit_placeholder":"air"},"inventory":null},"(14,11,15)":{"fields":{"worldedit_placeholder":"air"},"inventory":null},"(14,11,7)":{"fields":{"worldedit_placeholder":"air"},"inventory":null},"(14,12,11)":{"fields":{"worldedit_placeholder":"air"},"inventory":null},"(14,12,15)":{"fields":{"worldedit_placeholder":"air"},"inventory":null},"(14,12,7)":{"fields":{"worldedit_placeholder":"air"},"inventory":null},"(14,13,11)":{"fields":{"worldedit_placeholder":"air"},"inventory":null},"(14,13,15)":{"fields":{"worldedit_placeholder":"air"},"inventory":null},"(14,13,7)":{"fields":{"worldedit_placeholder":"air"},"inventory":null},"(14,14,11)":{"fields":{"worldedit_placeholder":"air"},"inventory":null},"(14,14,15)":{"fields":{"worldedit_placeholder":"air"},"inventory":null},"(14,14,7)":{"fields":{"worldedit_placeholder":"air"},"inventory":null},"(14,15,11)":{"fields":{"worldedit_placeholder":"air"},"inventory":null},"(14,15,15)":{"fields":{"worldedit_placeholder":"air"},"inventory":null},"(14,15,7)":{"fields":{"worldedit_placeholder":"air"},"inventory":null},"(14,2,11)":{"fields":{"worldedit_placeholder":"air"},"inventory":null},"(14,2,15)":{"fields":{"worldedit_placeholder":"air"},"inventory":null},"(14,2,7)":{"fields":{"worldedit_placeholder":"air"},"inventory":null},"(14,3,11)":{"fields":{"worldedit_placeholder":"air"},"inventory":null},"(14,3,15)":{"fields":{"worldedit_placeholder":"air"},"inventory":null},"(14,3,7)":{"fields":{"worldedit_placeholder":"air"},"inventory":null},"(14,4,11)":{"fields":{"worldedit_placeholder":"air"},"inventory":null},"(14,4,15)":{"fields":{"worldedit_placeholder":"air"},"inventory":null},"(14,4,7)":{"fields":{"worldedit_placeholder":"air"},"inventory":null},"(14,5,11)":{"fields":{"worldedit_placeholder":"air"},"inventory":null},"(14,5,15)":{"fields":{"worldedit_placeholder":"air"},"inventory":null},"(14,5,7)":{"fields":{"worldedit_placeholder":"air"},"inventory":null},"(14,6,11)":{"fields":{"worldedit_placeholder":"air"},"inventory":null},"(14,6,15)":{"fields":{"worldedit_placeholder":"air"},"inventory":null},"(14,6,7)":{"fields":{"worldedit_placeholder":"air"},"inventory":null},"(14,7,11)":{"fields":{"worldedit_placeholder":"air"},"inventory":null},"(14,7,15)":{"fields":{"worldedit_placeholder":"air"},"inventory":null},"(14,7,7)":{"fields":{"worldedit_placeholder":"air"},"inventory":null},"(15,0,11)":{"fields":{"worldedit_placeholder":"air"},"inventory":null},"(15,0,15)":{"fields":{"worldedit_placeholder":"air"},"inventory":null},"(15,0,7)":{"fields":{"worldedit_placeholder":"air"},"inventory":null},"(15,1,11)":{"fields":{"worldedit_placeholder":"air"},"inventory":null},"(15,1,15)":{"fields":{"worldedit_placeholder":"air"},"inventory":null},"(15,1,7)":{"fields":{"worldedit_placeholder":"air"},"inventory":null},"(15,10,11)":{"fields":{"worldedit_placeholder":"air"},"inventory":null},"(15,10,15)":{"fields":{"worldedit_placeholder":"air"},"inventory":null},"(15,10,7)":{"fields":{"worldedit_placeholder":"air"},"inventory":null},"(15,11,11)":{"fields":{"worldedit_placeholder":"air"},"inventory":null},"(15,11,15)":{"fields":{"worldedit_placeholder":"air"},"inventory":null},"(15,11,7)":{"fields":{"worldedit_placeholder":"air"},"inventory":null},"(15,12,11)":{"fields":{"worldedit_placeholder":"air"},"inventory":null},"(15,12,15)":{"fields":{"worldedit_placeholder":"air"},"inventory":null},"(15,12,7)":{"fields":{"worldedit_placeholder":"air"},"inventory":null},"(15,13,11)":{"fields":{"worldedit_placeholder":"air"},"inventory":null},"(15,13,15)":{"fields":{"worldedit_placeholder":"air"},"inventory":null},"(15,13,7)":{"fields":{"worldedit_placeholder":"air"},"inventory":null},"(15,14,11)":{"fields":{"worldedit_placeholder":"air"},"inventory":null},"(15,14,15)":{"fields":{"worldedit_placeholder":"air"},"inventory":null},"(15,14,7)":{"fields":{"worldedit_placeholder":"air"},"inventory":null},"(15,15,11)":{"fields":{"worldedit_placeholder":"air"},"inventory":null},"(15,15,15)":{"fields":{"worldedit_placeholder":"air"},"inventory":null},"(15,15,7)":{"fields":{"worldedit_placeholder":"air"},"inventory":null},"(15,2,11)":{"fields":{"worldedit_placeholder":"air"},"inventory":null},"(15,2,15)":{"fields":{"worldedit_placeholder":"air"},"inventory":null},"(15,2,7)":{"fields":{"worldedit_placeholder":"air"},"inventory":null},"(15,3,11)":{"fields":{"worldedit_placeholder":"air"},"inventory":null},"(15,3,15)":{"fields":{"worldedit_placeholder":"air"},"inventory":null},"(15,3,7)":{"fields":{"worldedit_placeholder":"air"},"inventory":null},"(15,4,11)":{"fields":{"worldedit_placeholder":"air"},"inventory":null},"(15,4,15)":{"fields":{"worldedit_placeholder":"air"},"inventory":null},"(15,4,7)":{"fields":{"worldedit_placeholder":"air"},"inventory":null},"(15,5,11)":{"fields":{"worldedit_placeholder":"air"},"inventory":null},"(15,5,15)":{"fields":{"worldedit_placeholder":"air"},"inventory":null},"(15,5,7)":{"fields":{"worldedit_placeholder":"air"},"inventory":null},"(15,6,11)":{"fields":{"worldedit_placeholder":"air"},"inventory":null},"(15,6,15)":{"fields":{"worldedit_placeholder":"air"},"inventory":null},"(15,6,7)":{"fields":{"worldedit_placeholder":"air"},"inventory":null},"(15,7,11)":{"fields":{"worldedit_placeholder":"air"},"inventory":null},"(15,7,15)":{"fields":{"worldedit_placeholder":"air"},"inventory":null},"(15,7,7)":{"fields":{"worldedit_placeholder":"air"},"inventory":null},"(2,0,11)":{"fields":{"worldedit_placeholder":"air"},"inventory":null},"(2,0,15)":{"fields":{"worldedit_placeholder":"air"},"inventory":null},"(2,1,11)":{"fields":{"worldedit_placeholder":"air"},"inventory":null},"(2,1,15)":{"fields":{"worldedit_placeholder":"air"},"inventory":null},"(2,10,11)":{"fields":{"worldedit_placeholder":"air"},"inventory":null},"(2,10,15)":{"fields":{"worldedit_placeholder":"air"},"inventory":null},"(2,11,11)":{"fields":{"worldedit_placeholder":"air"},"inventory":null},"(2,11,15)":{"fields":{"worldedit_placeholder":"air"},"inventory":null},"(2,12,11)":{"fields":{"worldedit_placeholder":"air"},"inventory":null},"(2,12,15)":{"fields":{"worldedit_placeholder":"air"},"inventory":null},"(2,13,11)":{"fields":{"worldedit_placeholder":"air"},"inventory":null},"(2,13,15)":{"fields":{"worldedit_placeholder":"air"},"inventory":null},"(2,14,11)":{"fields":{"worldedit_placeholder":"air"},"inventory":null},"(2,14,15)":{"fields":{"worldedit_placeholder":"air"},"inventory":null},"(2,15,11)":{"fields":{"worldedit_placeholder":"air"},"inventory":null},"(2,15,15)":{"fields":{"worldedit_placeholder":"air"},"inventory":null},"(2,2,11)":{"fields":{"worldedit_placeholder":"air"},"inventory":null},"(2,2,15)":{"fields":{"worldedit_placeholder":"air"},"inventory":null},"(2,3,11)":{"fields":{"worldedit_placeholder":"air"},"inventory":null},"(2,3,15)":{"fields":{"worldedit_placeholder":"air"},"inventory":null},"(2,4,11)":{"fields":{"worldedit_placeholder":"air"},"inventory":null},"(2,4,15)":{"fields":{"worldedit_placeholder":"air"},"inventory":null},"(2,5,11)":{"fields":{"worldedit_placeholder":"air"},"inventory":null},"(2,5,15)":{"fields":{"worldedit_placeholder":"air"},"inventory":null},"(2,6,11)":{"fields":{"worldedit_placeholder":"air"},"inventory":null},"(2,6,15)":{"fields":{"worldedit_placeholder":"air"},"inventory":null},"(2,7,11)":{"fields":{"worldedit_placeholder":"air"},"inventory":null},"(2,7,15)":{"fields":{"worldedit_placeholder":"air"},"inventory":null},"(3,0,11)":{"fields":{"worldedit_placeholder":"air"},"inventory":null},"(3,0,15)":{"fields":{"worldedit_placeholder":"air"},"inventory":null},"(3,1,11)":{"fields":{"worldedit_placeholder":"air"},"inventory":null},"(3,1,15)":{"fields":{"worldedit_placeholder":"air"},"inventory":null},"(3,10,11)":{"fields":{"worldedit_placeholder":"air"},"inventory":null},"(3,10,15)":{"fields":{"worldedit_placeholder":"air"},"inventory":null},"(3,11,11)":{"fields":{"worldedit_placeholder":"air"},"inventory":null},"(3,11,15)":{"fields":{"worldedit_placeholder":"air"},"inventory":null},"(3,12,11)":{"fields":{"worldedit_placeholder":"air"},"inventory":null},"(3,12,15)":{"fields":{"worldedit_placeholder":"air"},"inventory":null},"(3,13,11)":{"fields":{"worldedit_placeholder":"air"},"inventory":null},"(3,13,15)":{"fields":{"worldedit_placeholder":"air"},"inventory":null},"(3,14,11)":{"fields":{"worldedit_placeholder":"air"},"inventory":null},"(3,14,15)":{"fields":{"worldedit_placeholder":"air"},"inventory":null},"(3,15,11)":{"fields":{"worldedit_placeholder":"air"},"inventory":null},"(3,15,15)":{"fields":{"worldedit_placeholder":"air"},"inventory":null},"(3,2,11)":{"fields":{"worldedit_placeholder":"air"},"inventory":null},"(3,2,15)":{"fields":{"worldedit_placeholder":"air"},"inventory":null},"(3,3,11)":{"fields":{"worldedit_placeholder":"air"},"inventory":null},"(3,3,15)":{"fields":{"worldedit_placeholder":"air"},"inventory":null},"(3,4,11)":{"fields":{"worldedit_placeholder":"air"},"inventory":null},"(3,4,15)":{"fields":{"worldedit_placeholder":"air"},"inventory":null},"(3,5,11)":{"fields":{"worldedit_placeholder":"air"},"inventory":null},"(3,5,15)":{"fields":{"worldedit_placeholder":"air"},"inventory":null},"(3,6,11)":{"fields":{"worldedit_placeholder":"air"},"inventory":null},"(3,6,15)":{"fields":{"worldedit_placeholder":"air"},"inventory":null},"(3,7,11)":{"fields":{"worldedit_placeholder":"air"},"inventory":null},"(3,7,15)":{"fields":{"worldedit_placeholder":"air"},"inventory":null},"(4,0,11)":{"fields":{"worldedit_placeholder":"air"},"inventory":null},"(4,0,15)":{"fields":{"worldedit_placeholder":"air"},"inventory":null},"(4,1,11)":{"fields":{"worldedit_placeholder":"air"},"inventory":null},"(4,1,15)":{"fields":{"worldedit_placeholder":"air"},"inventory":null},"(4,10,11)":{"fields":{"worldedit_placeholder":"air"},"inventory":null},"(4,10,15)":{"fields":{"worldedit_placeholder":"air"},"inventory":null},"(4,11,11)":{"fields":{"worldedit_placeholder":"air"},"inventory":null},"(4,11,15)":{"fields":{"worldedit_placeholder":"air"},"inventory":null},"(4,12,11)":{"fields":{"worldedit_placeholder":"air"},"inventory":null},"(4,12,15)":{"fields":{"worldedit_placeholder":"air"},"inventory":null},"(4,13,11)":{"fields":{"worldedit_placeholder":"air"},"inventory":null},"(4,13,15)":{"fields":{"worldedit_placeholder":"air"},"inventory":null},"(4,14,11)":{"fields":{"worldedit_placeholder":"air"},"inventory":null},"(4,14,15)":{"fields":{"worldedit_placeholder":"air"},"inventory":null},"(4,15,11)":{"fields":{"worldedit_placeholder":"air"},"inventory":null},"(4,15,15)":{"fields":{"worldedit_placeholder":"air"},"inventory":null},"(4,2,11)":{"fields":{"worldedit_placeholder":"air"},"inventory":null},"(4,2,15)":{"fields":{"worldedit_placeholder":"air"},"inventory":null},"(4,3,11)":{"fields":{"worldedit_placeholder":"air"},"inventory":null},"(4,3,15)":{"fields":{"worldedit_placeholder":"air"},"inventory":null},"(4,4,11)":{"fields":{"worldedit_placeholder":"air"},"inventory":null},"(4,4,15)":{"fields":{"worldedit_placeholder":"air"},"inventory":null},"(4,5,11)":{"fields":{"worldedit_placeholder":"air"},"inventory":null},"(4,5,15)":{"fields":{"worldedit_placeholder":"air"},"inventory":null},"(4,6,11)":{"fields":{"worldedit_placeholder":"air"},"inventory":null},"(4,6,15)":{"fields":{"worldedit_placeholder":"air"},"inventory":null},"(4,7,11)":{"fields":{"worldedit_placeholder":"air"},"inventory":null},"(4,7,15)":{"fields":{"worldedit_placeholder":"air"},"inventory":null},"(5,0,11)":{"fields":{"worldedit_placeholder":"air"},"inventory":null},"(5,0,15)":{"fields":{"worldedit_placeholder":"air"},"inventory":null},"(5,1,11)":{"fields":{"worldedit_placeholder":"air"},"inventory":null},"(5,1,15)":{"fields":{"worldedit_placeholder":"air"},"inventory":null},"(5,10,11)":{"fields":{"worldedit_placeholder":"air"},"inventory":null},"(5,10,15)":{"fields":{"worldedit_placeholder":"air"},"inventory":null},"(5,11,11)":{"fields":{"worldedit_placeholder":"air"},"inventory":null},"(5,11,15)":{"fields":{"worldedit_placeholder":"air"},"inventory":null},"(5,12,11)":{"fields":{"worldedit_placeholder":"air"},"inventory":null},"(5,12,15)":{"fields":{"worldedit_placeholder":"air"},"inventory":null},"(5,13,11)":{"fields":{"worldedit_placeholder":"air"},"inventory":null},"(5,13,15)":{"fields":{"worldedit_placeholder":"air"},"inventory":null},"(5,14,11)":{"fields":{"worldedit_placeholder":"air"},"inventory":null},"(5,14,15)":{"fields":{"worldedit_placeholder":"air"},"inventory":null},"(5,15,11)":{"fields":{"worldedit_placeholder":"air"},"inventory":null},"(5,15,15)":{"fields":{"worldedit_placeholder":"air"},"inventory":null},"(5,2,11)":{"fields":{"worldedit_placeholder":"air"},"inventory":null},"(5,2,15)":{"fields":{"worldedit_placeholder":"air"},"inventory":null},"(5,3,11)":{"fields":{"worldedit_placeholder":"air"},"inventory":null},"(5,3,15)":{"fields":{"worldedit_placeholder":"air"},"inventory":null},"(5,4,11)":{"fields":{"worldedit_placeholder":"air"},"inventory":null},"(5,4,15)":{"fields":{"worldedit_placeholder":"air"},"inventory":null},"(5,5,11)":{"fields":{"worldedit_placeholder":"air"},"inventory":null},"(5,5,15)":{"fields":{"worldedit_placeholder":"air"},"inventory":null},"(5,6,11)":{"fields":{"worldedit_placeholder":"air"},"inventory":null},"(5,6,15)":{"fields":{"worldedit_placeholder":"air"},"inventory":null},"(5,7,11)":{"fields":{"worldedit_placeholder":"air"},"inventory":null},"(5,7,15)":{"fields":{"worldedit_placeholder":"air"},"inventory":null},"(6,0,11)":{"fields":{"worldedit_placeholder":"air"},"inventory":null},"(6,0,15)":{"fields":{"worldedit_placeholder":"air"},"inventory":null},"(6,1,11)":{"fields":{"worldedit_placeholder":"air"},"inventory":null},"(6,1,15)":{"fields":{"worldedit_placeholder":"air"},"inventory":null},"(6,10,11)":{"fields":{"worldedit_placeholder":"air"},"inventory":null},"(6,10,15)":{"fields":{"worldedit_placeholder":"air"},"inventory":null},"(6,11,11)":{"fields":{"worldedit_placeholder":"air"},"inventory":null},"(6,11,15)":{"fields":{"worldedit_placeholder":"air"},"inventory":null},"(6,12,11)":{"fields":{"worldedit_placeholder":"air"},"inventory":null},"(6,12,15)":{"fields":{"worldedit_placeholder":"air"},"inventory":null},"(6,13,11)":{"fields":{"worldedit_placeholder":"air"},"inventory":null},"(6,13,15)":{"fields":{"worldedit_placeholder":"air"},"inventory":null},"(6,14,15)":{"fields":{"worldedit_placeholder":"air"},"inventory":null},"(6,15,15)":{"fields":{"worldedit_placeholder":"air"},"inventory":null},"(6,2,11)":{"fields":{"worldedit_placeholder":"air"},"inventory":null},"(6,2,15)":{"fields":{"worldedit_placeholder":"air"},"inventory":null},"(6,3,11)":{"fields":{"worldedit_placeholder":"air"},"inventory":null},"(6,3,15)":{"fields":{"worldedit_placeholder":"air"},"inventory":null},"(6,4,11)":{"fields":{"worldedit_placeholder":"air"},"inventory":null},"(6,4,15)":{"fields":{"worldedit_placeholder":"air"},"inventory":null},"(6,5,11)":{"fields":{"worldedit_placeholder":"air"},"inventory":null},"(6,5,15)":{"fields":{"worldedit_placeholder":"air"},"inventory":null},"(6,6,11)":{"fields":{"worldedit_placeholder":"air"},"inventory":null},"(6,6,15)":{"fields":{"worldedit_placeholder":"air"},"inventory":null},"(6,7,11)":{"fields":{"worldedit_placeholder":"air"},"inventory":null},"(6,7,15)":{"fields":{"worldedit_placeholder":"air"},"inventory":null},"(7,0,11)":{"fields":{"worldedit_placeholder":"air"},"inventory":null},"(7,0,15)":{"fields":{"worldedit_placeholder":"air"},"inventory":null},"(7,1,11)":{"fields":{"worldedit_placeholder":"air"},"inventory":null},"(7,1,15)":{"fields":{"worldedit_placeholder":"air"},"inventory":null},"(7,10,11)":{"fields":{"worldedit_placeholder":"air"},"inventory":null},"(7,10,15)":{"fields":{"worldedit_placeholder":"air"},"inventory":null},"(7,11,11)":{"fields":{"worldedit_placeholder":"air"},"inventory":null},"(7,11,15)":{"fields":{"worldedit_placeholder":"air"},"inventory":null},"(7,12,11)":{"fields":{"worldedit_placeholder":"air"},"inventory":null},"(7,12,15)":{"fields":{"worldedit_placeholder":"air"},"inventory":null},"(7,13,11)":{"fields":{"worldedit_placeholder":"air"},"inventory":null},"(7,13,15)":{"fields":{"worldedit_placeholder":"air"},"inventory":null},"(7,14,11)":{"fields":{"worldedit_placeholder":"air"},"inventory":null},"(7,14,15)":{"fields":{"worldedit_placeholder":"air"},"inventory":null},"(7,15,15)":{"fields":{"worldedit_placeholder":"air"},"inventory":null},"(7,2,11)":{"fields":{"worldedit_placeholder":"air"},"inventory":null},"(7,2,15)":{"fields":{"worldedit_placeholder":"air"},"inventory":null},"(7,3,11)":{"fields":{"worldedit_placeholder":"air"},"inventory":null},"(7,3,15)":{"fields":{"worldedit_placeholder":"air"},"inventory":null},"(7,4,11)":{"fields":{"worldedit_placeholder":"air"},"inventory":null},"(7,4,15)":{"fields":{"worldedit_placeholder":"air"},"inventory":null},"(7,5,11)":{"fields":{"worldedit_placeholder":"air"},"inventory":null},"(7,5,15)":{"fields":{"worldedit_placeholder":"air"},"inventory":null},"(7,6,11)":{"fields":{"worldedit_placeholder":"air"},"inventory":null},"(7,6,15)":{"fields":{"worldedit_placeholder":"air"},"inventory":null},"(7,7,11)":{"fields":{"worldedit_placeholder":"air"},"inventory":null},"(7,7,15)":{"fields":{"worldedit_placeholder":"air"},"inventory":null},"(8,0,11)":{"fields":{"worldedit_placeholder":"air"},"inventory":null},"(8,1,11)":{"fields":{"worldedit_placeholder":"air"},"inventory":null},"(8,10,11)":{"fields":{"worldedit_placeholder":"air"},"inventory":null},"(8,11,11)":{"fields":{"worldedit_placeholder":"air"},"inventory":null},"(8,12,11)":{"fields":{"worldedit_placeholder":"air"},"inventory":null},"(8,13,11)":{"fields":{"worldedit_placeholder":"air"},"inventory":null},"(8,14,11)":{"fields":{"worldedit_placeholder":"air"},"inventory":null},"(8,2,11)":{"fields":{"worldedit_placeholder":"air"},"inventory":null},"(8,3,11)":{"fields":{"worldedit_placeholder":"air"},"inventory":null},"(8,4,11)":{"fields":{"worldedit_placeholder":"air"},"inventory":null},"(8,5,11)":{"fields":{"worldedit_placeholder":"air"},"inventory":null},"(8,6,11)":{"fields":{"worldedit_placeholder":"air"},"inventory":null},"(8,7,11)":{"fields":{"worldedit_placeholder":"air"},"inventory":null},"(9,0,11)":{"fields":{"worldedit_placeholder":"air"},"inventory":null},"(9,1,11)":{"fields":{"worldedit_placeholder":"air"},"inventory":null},"(9,10,11)":{"fields":{"worldedit_placeholder":"air"},"inventory":null},"(9,11,11)":{"fields":{"worldedit_placeholder":"air"},"inventory":null},"(9,12,11)":{"fields":{"worldedit_placeholder":"air"},"inventory":null},"(9,13,11)":{"fields":{"worldedit_placeholder":"air"},"inventory":null},"(9,2,11)":{"fields":{"worldedit_placeholder":"air"},"inventory":null},"(9,3,11)":{"fields":{"worldedit_placeholder":"air"},"inventory":null},"(9,4,11)":{"fields":{"worldedit_placeholder":"air"},"inventory":null},"(9,5,11)":{"fields":{"worldedit_placeholder":"air"},"inventory":null},"(9,6,11)":{"fields":{"worldedit_placeholder":"air"},"inventory":null},"(9,7,11)":{"fields":{"worldedit_placeholder":"air"},"inventory":null}}},"node_mapping":{"air":126.0,"doors:hidden":343.0,"hightech:dark":394.0,"hightech:dark_stripe_bottom_autoconnect_0000":409.0,"hightech:door_a":440.0,"hightech:glass":400.0,"stairs:stair_hightech_dark":395.0,"stairs:stair_inner_glass":312.0}}