{"metadata":{"meta":{"(10,0,3)":{"fields":{"worldedit_placeholder":"air"},"inventory":null},"(10,0,7)":{"fields":{"worldedit_placeholder":"air"},"inventory":null},"(10,1,3)":{"fields":{"worldedit_placeholder":"air"},"inventory":null},"(10,1,7)":{"fields":{"worldedit_placeholder":"air"},"inventory":null},"(10,2,3)":{"fields":{"worldedit_placeholder":"air"},"inventory":null},"(10,2,7)":{"fields":{"worldedit_placeholder":"air"},"inventory":null},"(11,0,3)":{"fields":{"worldedit_placeholder":"air"},"inventory":null},"(11,0,7)":{"fields":{"worldedit_placeholder":"air"},"inventory":null},"(11,1,3)":{"fields":{"worldedit_placeholder":"air"},"inventory":null},"(11,1,7)":{"fields":{"worldedit_placeholder":"air"},"inventory":null},"(11,2,3)":{"fields":{"worldedit_placeholder":"air"},"inventory":null},"(11,2,7)":{"fields":{"worldedit_placeholder":"air"},"inventory":null},"(12,0,3)":{"fields":{"worldedit_placeholder":"air"},"inventory":null},"(12,0,7)":{"fields":{"worldedit_placeholder":"air"},"inventory":null},"(12,1,3)":{"fields":{"worldedit_placeholder":"air"},"inventory":null},"(12,1,7)":{"fields":{"worldedit_placeholder":"air"},"inventory":null},"(12,2,3)":{"fields":{"worldedit_placeholder":"air"},"inventory":null},"(12,2,7)":{"fields":{"worldedit_placeholder":"air"},"inventory":null},"(13,0,3)":{"fields":{"worldedit_placeholder":"air"},"inventory":null},"(13,0,7)":{"fields":{"worldedit_placeholder":"air"},"inventory":null},"(13,1,3)":{"fields":{"worldedit_placeholder":"air"},"inventory":null},"(13,1,7)":{"fields":{"worldedit_placeholder":"air"},"inventory":null},"(13,2,3)":{"fields":{"worldedit_placeholder":"air"},"inventory":null},"(13,2,7)":{"fields":{"worldedit_placeholder":"air"},"inventory":null},"(14,0,3)":{"fields":{"worldedit_placeholder":"air"},"inventory":null},"(14,0,7)":{"fields":{"worldedit_placeholder":"air"},"inventory":null},"(14,1,3)":{"fields":{"worldedit_placeholder":"air"},"inventory":null},"(14,1,7)":{"fields":{"worldedit_placeholder":"air"},"inventory":null},"(14,2,3)":{"fields":{"worldedit_placeholder":"air"},"inventory":null},"(14,2,7)":{"fields":{"worldedit_placeholder":"air"},"inventory":null},"(15,0,3)":{"fields":{"worldedit_placeholder":"air"},"inventory":null},"(15,0,7)":{"fields":{"worldedit_placeholder":"air"},"inventory":null},"(15,1,3)":{"fields":{"worldedit_placeholder":"air"},"inventory":null},"(15,1,7)":{"fields":{"worldedit_placeholder":"air"},"inventory":null},"(15,2,3)":{"fields":{"worldedit_placeholder":"air"},"inventory":null},"(15,2,7)":{"fields":{"worldedit_placeholder":"air"},"inventory":null},"(5,0,7)":{"fields":{"worldedit_placeholder":"air"},"inventory":null},"(5,1,7)":{"fields":{"worldedit_placeholder":"air"},"inventory":null},"(5,2,7)":{"fields":{"worldedit_placeholder":"air"},"inventory":null},"(6,0,7)":{"fields":{"worldedit_placeholder":"air"},"inventory":null},"(6,1,7)":{"fields":{"worldedit_placeholder":"air"},"inventory":null},"(6,2,7)":{"fields":{"worldedit_placeholder":"air"},"inventory":null},"(7,0,7)":{"fields":{"worldedit_placeholder":"air"},"inventory":null},"(7,1,7)":{"fields":{"worldedit_placeholder":"air"},"inventory":null},"(7,2,7)":{"fields":{"worldedit_placeholder":"air"},"inventory":null},"(8,0,0)":{"fields":{"worldedit_placeholder":"air"},"inventory":null},"(8,0,1)":{"fields":{"worldedit_placeholder":"air"},"inventory":null},"(8,0,2)":{"fields":{"worldedit_placeholder":"air"},"inventory":null},"(8,0,3)":{"fields":{"worldedit_placeholder":"air"},"inventory":null},"(8,0,7)":{"fields":{"worldedit_placeholder":"air"},"inventory":null},"(8,1,0)":{"fields":{"worldedit_placeholder":"air"},"inventory":null},"(8,1,1)":{"fields":{"worldedit_placeholder":"air"},"inventory":null},"(8,1,2)":{"fields":{"worldedit_placeholder":"air"},"inventory":null},"(8,1,3)":{"fields":{"worldedit_placeholder":"air"},"inventory":null},"(8,1,7)":{"fields":{"worldedit_placeholder":"air"},"inventory":null},"(8,2,0)":{"fields":{"worldedit_placeholder":"air"},"inventory":null},"(8,2,1)":{"fields":{"worldedit_placeholder":"air"},"inventory":null},"(8,2,2)":{"fields":{"worldedit_placeholder":"air"},"inventory":null},"(8,2,3)":{"fields":{"worldedit_placeholder":"air"},"inventory":null},"(8,2,7)":{"fields":{"worldedit_placeholder":"air"},"inventory":null},"(9,0,3)":{"fields":{"worldedit_placeholder":"air"},"inventory":null},"(9,0,7)":{"fields":{"worldedit_placeholder":"air"},"inventory":null},"(9,1,3)":{"fields":{"worldedit_placeholder":"air"},"inventory":null},"(9,1,7)":{"fields":{"worldedit_placeholder":"air"},"inventory":null},"(9,2,3)":{"fields":{"worldedit_placeholder":"air"},"inventory":null},"(9,2,7)":{"fields":{"worldedit_placeholder":"air"},"inventory":null}}},"node_mapping":{"air":126.0,"hightech:dark":394.0,"hightech:dark_stripe_bottom_autoconnect_0000":409.0,"stairs:stair_inner_glass":312.0}}