{"metadata":{"meta":{"(0,0,11)":{"fields":{"worldedit_placeholder":"air"},"inventory":null},"(0,0,15)":{"fields":{"worldedit_placeholder":"air"},"inventory":null},"(0,0,7)":{"fields":{"worldedit_placeholder":"air"},"inventory":null},"(0,1,11)":{"fields":{"worldedit_placeholder":"air"},"inventory":null},"(0,1,15)":{"fields":{"worldedit_placeholder":"air"},"inventory":null},"(0,1,7)":{"fields":{"worldedit_placeholder":"air"},"inventory":null},"(0,10,11)":{"fields":{"worldedit_placeholder":"air"},"inventory":null},"(0,10,15)":{"fields":{"worldedit_placeholder":"air"},"inventory":null},"(0,10,7)":{"fields":{"worldedit_placeholder":"air"},"inventory":null},"(0,11,11)":{"fields":{"worldedit_placeholder":"air"},"inventory":null},"(0,11,15)":{"fields":{"worldedit_placeholder":"air"},"inventory":null},"(0,11,7)":{"fields":{"worldedit_placeholder":"air"},"inventory":null},"(0,12,11)":{"fields":{"worldedit_placeholder":"air"},"inventory":null},"(0,12,15)":{"fields":{"worldedit_placeholder":"air"},"inventory":null},"(0,12,7)":{"fields":{"worldedit_placeholder":"air"},"inventory":null},"(0,13,11)":{"fields":{"worldedit_placeholder":"air"},"inventory":null},"(0,13,15)":{"fields":{"worldedit_placeholder":"air"},"inventory":null},"(0,13,7)":{"fields":{"worldedit_placeholder":"air"},"inventory":null},"(0,14,11)":{"fields":{"worldedit_placeholder":"air"},"inventory":null},"(0,14,15)":{"fields":{"worldedit_placeholder":"air"},"inventory":null},"(0,14,7)":{"fields":{"worldedit_placeholder":"air"},"inventory":null},"(0,15,11)":{"fields":{"worldedit_placeholder":"air"},"inventory":null},"(0,15,15)":{"fields":{"worldedit_placeholder":"air"},"inventory":null},"(0,15,7)":{"fields":{"worldedit_placeholder":"air"},"inventory":null},"(0,2,11)":{"fields":{"worldedit_placeholder":"air"},"inventory":null},"(0,2,15)":{"fields":{"worldedit_placeholder":"air"},"inventory":null},"(0,2,7)":{"fields":{"worldedit_placeholder":"air"},"inventory":null},"(0,3,11)":{"fields":{"worldedit_placeholder":"air"},"inventory":null},"(0,3,15)":{"fields":{"worldedit_placeholder":"air"},"inventory":null},"(0,3,7)":{"fields":{"worldedit_placeholder":"air"},"inventory":null},"(0,4,11)":{"fields":{"worldedit_placeholder":"air"},"inventory":null},"(0,4,15)":{"fields":{"worldedit_placeholder":"air"},"inventory":null},"(0,4,7)":{"fields":{"worldedit_placeholder":"air"},"inventory":null},"(0,5,11)":{"fields":{"worldedit_placeholder":"air"},"inventory":null},"(0,5,15)":{"fields":{"worldedit_placeholder":"air"},"inventory":null},"(0,5,7)":{"fields":{"worldedit_placeholder":"air"},"inventory":null},"(0,6,11)":{"fields":{"worldedit_placeholder":"air"},"inventory":null},"(0,6,15)":{"fields":{"worldedit_placeholder":"air"},"inventory":null},"(0,6,7)":{"fields":{"worldedit_placeholder":"air"},"inventory":null},"(0,7,11)":{"fields":{"worldedit_placeholder":"air"},"inventory":null},"(0,7,15)":{"fields":{"worldedit_placeholder":"air"},"inventory":null},"(0,7,7)":{"fields":{"worldedit_placeholder":"air"},"inventory":null},"(1,0,11)":{"fields":{"worldedit_placeholder":"air"},"inventory":null},"(1,0,15)":{"fields":{"worldedit_placeholder":"air"},"inventory":null},"(1,0,7)":{"fields":{"worldedit_placeholder":"air"},"inventory":null},"(1,1,11)":{"fields":{"worldedit_placeholder":"air"},"inventory":null},"(1,1,15)":{"fields":{"worldedit_placeholder":"air"},"inventory":null},"(1,1,7)":{"fields":{"worldedit_placeholder":"air"},"inventory":null},"(1,10,11)":{"fields":{"worldedit_placeholder":"air"},"inventory":null},"(1,10,15)":{"fields":{"worldedit_placeholder":"air"},"inventory":null},"(1,10,7)":{"fields":{"worldedit_placeholder":"air"},"inventory":null},"(1,11,11)":{"fields":{"worldedit_placeholder":"air"},"inventory":null},"(1,11,15)":{"fields":{"worldedit_placeholder":"air"},"inventory":null},"(1,11,7)":{"fields":{"worldedit_placeholder":"air"},"inventory":null},"(1,12,11)":{"fields":{"worldedit_placeholder":"air"},"inventory":null},"(1,12,15)":{"fields":{"worldedit_placeholder":"air"},"inventory":null},"(1,12,7)":{"fields":{"worldedit_placeholder":"air"},"inventory":null},"(1,13,11)":{"fields":{"worldedit_placeholder":"air"},"inventory":null},"(1,13,15)":{"fields":{"worldedit_placeholder":"air"},"inventory":null},"(1,13,7)":{"fields":{"worldedit_placeholder":"air"},"inventory":null},"(1,14,11)":{"fields":{"worldedit_placeholder":"air"},"inventory":null},"(1,14,15)":{"fields":{"worldedit_placeholder":"air"},"inventory":null},"(1,14,7)":{"fields":{"worldedit_placeholder":"air"},"inventory":null},"(1,15,11)":{"fields":{"worldedit_placeholder":"air"},"inventory":null},"(1,15,15)":{"fields":{"worldedit_placeholder":"air"},"inventory":null},"(1,15,7)":{"fields":{"worldedit_placeholder":"air"},"inventory":null},"(1,2,11)":{"fields":{"worldedit_placeholder":"air"},"inventory":null},"(1,2,15)":{"fields":{"worldedit_placeholder":"air"},"inventory":null},"(1,2,7)":{"fields":{"worldedit_placeholder":"air"},"inventory":null},"(1,3,11)":{"fields":{"worldedit_placeholder":"air"},"inventory":null},"(1,3,15)":{"fields":{"worldedit_placeholder":"air"},"inventory":null},"(1,3,7)":{"fields":{"worldedit_placeholder":"air"},"inventory":null},"(1,4,11)":{"fields":{"worldedit_placeholder":"air"},"inventory":null},"(1,4,15)":{"fields":{"worldedit_placeholder":"air"},"inventory":null},"(1,4,7)":{"fields":{"worldedit_placeholder":"air"},"inventory":null},"(1,5,11)":{"fields":{"worldedit_placeholder":"air"},"inventory":null},"(1,5,15)":{"fields":{"worldedit_placeholder":"air"},"inventory":null},"(1,5,7)":{"fields":{"worldedit_placeholder":"air"},"inventory":null},"(1,6,11)":{"fields":{"worldedit_placeholder":"air"},"inventory":null},"(1,6,15)":{"fields":{"worldedit_placeholder":"air"},"inventory":null},"(1,6,7)":{"fields":{"worldedit_placeholder":"air"},"inventory":null},"(1,7,11)":{"fields":{"worldedit_placeholder":"air"},"inventory":null},"(1,7,15)":{"fields":{"worldedit_placeholder":"air"},"inventory":null},"(1,7,7)":{"fields":{"worldedit_placeholder":"air"},"inventory":null},"(10,0,15)":{"fields":{"worldedit_placeholder":"air"},"inventory":null},"(10,0,7)":{"fields":{"worldedit_placeholder":"air"},"inventory":null},"(10,1,15)":{"fields":{"worldedit_placeholder":"air"},"inventory":null},"(10,1,7)":{"fields":{"worldedit_placeholder":"air"},"inventory":null},"(10,10,15)":{"fields":{"worldedit_placeholder":"air"},"inventory":null},"(10,11,15)":{"fields":{"worldedit_placeholder":"air"},"inventory":null},"(10,11,7)":{"fields":{"worldedit_placeholder":"air"},"inventory":null},"(10,12,15)":{"fields":{"worldedit_placeholder":"air"},"inventory":null},"(10,12,7)":{"fields":{"worldedit_placeholder":"air"},"inventory":null},"(10,13,15)":{"fields":{"worldedit_placeholder":"air"},"inventory":null},"(10,13,7)":{"fields":{"worldedit_placeholder":"air"},"inventory":null},"(10,14,15)":{"fields":{"worldedit_placeholder":"air"},"inventory":null},"(10,14,7)":{"fields":{"worldedit_placeholder":"air"},"inventory":null},"(10,15,15)":{"fields":{"worldedit_placeholder":"air"},"inventory":null},"(10,15,7)":{"fields":{"worldedit_placeholder":"air"},"inventory":null},"(10,2,15)":{"fields":{"worldedit_placeholder":"air"},"inventory":null},"(10,2,7)":{"fields":{"worldedit_placeholder":"air"},"inventory":null},"(10,3,15)":{"fields":{"worldedit_placeholder":"air"},"inventory":null},"(10,3,7)":{"fields":{"worldedit_placeholder":"air"},"inventory":null},"(10,4,15)":{"fields":{"worldedit_placeholder":"air"},"inventory":null},"(10,4,7)":{"fields":{"worldedit_placeholder":"air"},"inventory":null},"(10,5,15)":{"fields":{"worldedit_placeholder":"air"},"inventory":null},"(10,5,7)":{"fields":{"worldedit_placeholder":"air"},"inventory":null},"(10,6,15)":{"fields":{"worldedit_placeholder":"air"},"inventory":null},"(10,6,7)":{"fields":{"worldedit_placeholder":"air"},"inventory":null},"(10,7,15)":{"fields":{"worldedit_placeholder":"air"},"inventory":null},"(10,7,7)":{"fields":{"worldedit_placeholder":"air"},"inventory":null},"(2,0,11)":{"fields":{"worldedit_placeholder":"air"},"inventory":null},"(2,0,15)":{"fields":{"worldedit_placeholder":"air"},"inventory":null},"(2,0,7)":{"fields":{"worldedit_placeholder":"air"},"inventory":null},"(2,1,11)":{"fields":{"worldedit_placeholder":"air"},"inventory":null},"(2,1,15)":{"fields":{"worldedit_placeholder":"air"},"inventory":null},"(2,1,7)":{"fields":{"worldedit_placeholder":"air"},"inventory":null},"(2,10,11)":{"fields":{"worldedit_placeholder":"air"},"inventory":null},"(2,10,15)":{"fields":{"worldedit_placeholder":"air"},"inventory":null},"(2,10,7)":{"fields":{"worldedit_placeholder":"air"},"inventory":null},"(2,11,11)":{"fields":{"worldedit_placeholder":"air"},"inventory":null},"(2,11,15)":{"fields":{"worldedit_placeholder":"air"},"inventory":null},"(2,11,7)":{"fields":{"worldedit_placeholder":"air"},"inventory":null},"(2,12,11)":{"fields":{"worldedit_placeholder":"air"},"inventory":null},"(2,12,15)":{"fields":{"worldedit_placeholder":"air"},"inventory":null},"(2,12,7)":{"fields":{"worldedit_placeholder":"air"},"inventory":null},"(2,13,11)":{"fields":{"worldedit_placeholder":"air"},"inventory":null},"(2,13,15)":{"fields":{"worldedit_placeholder":"air"},"inventory":null},"(2,13,7)":{"fields":{"worldedit_placeholder":"air"},"inventory":null},"(2,14,11)":{"fields":{"worldedit_placeholder":"air"},"inventory":null},"(2,14,15)":{"fields":{"worldedit_placeholder":"air"},"inventory":null},"(2,14,7)":{"fields":{"worldedit_placeholder":"air"},"inventory":null},"(2,15,11)":{"fields":{"worldedit_placeholder":"air"},"inventory":null},"(2,15,15)":{"fields":{"worldedit_placeholder":"air"},"inventory":null},"(2,15,7)":{"fields":{"worldedit_placeholder":"air"},"inventory":null},"(2,2,11)":{"fields":{"worldedit_placeholder":"air"},"inventory":null},"(2,2,15)":{"fields":{"worldedit_placeholder":"air"},"inventory":null},"(2,2,7)":{"fields":{"worldedit_placeholder":"air"},"inventory":null},"(2,3,11)":{"fields":{"worldedit_placeholder":"air"},"inventory":null},"(2,3,15)":{"fields":{"worldedit_placeholder":"air"},"inventory":null},"(2,3,7)":{"fields":{"worldedit_placeholder":"air"},"inventory":null},"(2,4,11)":{"fields":{"worldedit_placeholder":"air"},"inventory":null},"(2,4,15)":{"fields":{"worldedit_placeholder":"air"},"inventory":null},"(2,4,7)":{"fields":{"worldedit_placeholder":"air"},"inventory":null},"(2,5,11)":{"fields":{"worldedit_placeholder":"air"},"inventory":null},"(2,5,15)":{"fields":{"worldedit_placeholder":"air"},"inventory":null},"(2,5,7)":{"fields":{"worldedit_placeholder":"air"},"inventory":null},"(2,6,11)":{"fields":{"worldedit_placeholder":"air"},"inventory":null},"(2,6,15)":{"fields":{"worldedit_placeholder":"air"},"inventory":null},"(2,6,7)":{"fields":{"worldedit_placeholder":"air"},"inventory":null},"(2,7,11)":{"fields":{"worldedit_placeholder":"air"},"inventory":null},"(2,7,15)":{"fields":{"worldedit_placeholder":"air"},"inventory":null},"(2,7,7)":{"fields":{"worldedit_placeholder":"air"},"inventory":null},"(3,0,11)":{"fields":{"worldedit_placeholder":"air"},"inventory":null},"(3,0,15)":{"fields":{"worldedit_placeholder":"air"},"inventory":null},"(3,0,7)":{"fields":{"worldedit_placeholder":"air"},"inventory":null},"(3,1,11)":{"fields":{"worldedit_placeholder":"air"},"inventory":null},"(3,1,15)":{"fields":{"worldedit_placeholder":"air"},"inventory":null},"(3,1,7)":{"fields":{"worldedit_placeholder":"air"},"inventory":null},"(3,10,11)":{"fields":{"worldedit_placeholder":"air"},"inventory":null},"(3,10,15)":{"fields":{"worldedit_placeholder":"air"},"inventory":null},"(3,10,7)":{"fields":{"worldedit_placeholder":"air"},"inventory":null},"(3,11,11)":{"fields":{"worldedit_placeholder":"air"},"inventory":null},"(3,11,15)":{"fields":{"worldedit_placeholder":"air"},"inventory":null},"(3,11,7)":{"fields":{"worldedit_placeholder":"air"},"inventory":null},"(3,12,11)":{"fields":{"worldedit_placeholder":"air"},"inventory":null},"(3,12,15)":{"fields":{"worldedit_placeholder":"air"},"inventory":null},"(3,12,7)":{"fields":{"worldedit_placeholder":"air"},"inventory":null},"(3,13,11)":{"fields":{"worldedit_placeholder":"air"},"inventory":null},"(3,13,15)":{"fields":{"worldedit_placeholder":"air"},"inventory":null},"(3,13,7)":{"fields":{"worldedit_placeholder":"air"},"inventory":null},"(3,14,11)":{"fields":{"worldedit_placeholder":"air"},"inventory":null},"(3,14,15)":{"fields":{"worldedit_placeholder":"air"},"inventory":null},"(3,14,7)":{"fields":{"worldedit_placeholder":"air"},"inventory":null},"(3,15,11)":{"fields":{"worldedit_placeholder":"air"},"inventory":null},"(3,15,15)":{"fields":{"worldedit_placeholder":"air"},"inventory":null},"(3,15,7)":{"fields":{"worldedit_placeholder":"air"},"inventory":null},"(3,2,11)":{"fields":{"worldedit_placeholder":"air"},"inventory":null},"(3,2,15)":{"fields":{"worldedit_placeholder":"air"},"inventory":null},"(3,2,7)":{"fields":{"worldedit_placeholder":"air"},"inventory":null},"(3,3,11)":{"fields":{"worldedit_placeholder":"air"},"inventory":null},"(3,3,15)":{"fields":{"worldedit_placeholder":"air"},"inventory":null},"(3,3,7)":{"fields":{"worldedit_placeholder":"air"},"inventory":null},"(3,4,11)":{"fields":{"worldedit_placeholder":"air"},"inventory":null},"(3,4,15)":{"fields":{"worldedit_placeholder":"air"},"inventory":null},"(3,4,7)":{"fields":{"worldedit_placeholder":"air"},"inventory":null},"(3,5,11)":{"fields":{"worldedit_placeholder":"air"},"inventory":null},"(3,5,15)":{"fields":{"worldedit_placeholder":"air"},"inventory":null},"(3,5,7)":{"fields":{"worldedit_placeholder":"air"},"inventory":null},"(3,6,11)":{"fields":{"worldedit_placeholder":"air"},"inventory":null},"(3,6,15)":{"fields":{"worldedit_placeholder":"air"},"inventory":null},"(3,6,7)":{"fields":{"worldedit_placeholder":"air"},"inventory":null},"(3,7,11)":{"fields":{"worldedit_placeholder":"air"},"inventory":null},"(3,7,15)":{"fields":{"worldedit_placeholder":"air"},"inventory":null},"(3,7,7)":{"fields":{"worldedit_placeholder":"air"},"inventory":null},"(4,0,11)":{"fields":{"worldedit_placeholder":"air"},"inventory":null},"(4,0,15)":{"fields":{"worldedit_placeholder":"air"},"inventory":null},"(4,0,7)":{"fields":{"worldedit_placeholder":"air"},"inventory":null},"(4,1,11)":{"fields":{"worldedit_placeholder":"air"},"inventory":null},"(4,1,15)":{"fields":{"worldedit_placeholder":"air"},"inventory":null},"(4,1,7)":{"fields":{"worldedit_placeholder":"air"},"inventory":null},"(4,10,11)":{"fields":{"worldedit_placeholder":"air"},"inventory":null},"(4,10,15)":{"fields":{"worldedit_placeholder":"air"},"inventory":null},"(4,10,7)":{"fields":{"worldedit_placeholder":"air"},"inventory":null},"(4,11,11)":{"fields":{"worldedit_placeholder":"air"},"inventory":null},"(4,11,15)":{"fields":{"worldedit_placeholder":"air"},"inventory":null},"(4,11,7)":{"fields":{"worldedit_placeholder":"air"},"inventory":null},"(4,12,11)":{"fields":{"worldedit_placeholder":"air"},"inventory":null},"(4,12,15)":{"fields":{"worldedit_placeholder":"air"},"inventory":null},"(4,12,7)":{"fields":{"worldedit_placeholder":"air"},"inventory":null},"(4,13,11)":{"fields":{"worldedit_placeholder":"air"},"inventory":null},"(4,13,15)":{"fields":{"worldedit_placeholder":"air"},"inventory":null},"(4,13,7)":{"fields":{"worldedit_placeholder":"air"},"inventory":null},"(4,14,11)":{"fields":{"worldedit_placeholder":"air"},"inventory":null},"(4,14,15)":{"fields":{"worldedit_placeholder":"air"},"inventory":null},"(4,14,7)":{"fields":{"worldedit_placeholder":"air"},"inventory":null},"(4,15,11)":{"fields":{"worldedit_placeholder":"air"},"inventory":null},"(4,15,15)":{"fields":{"worldedit_placeholder":"air"},"inventory":null},"(4,15,7)":{"fields":{"worldedit_placeholder":"air"},"inventory":null},"(4,2,11)":{"fields":{"worldedit_placeholder":"air"},"inventory":null},"(4,2,15)":{"fields":{"worldedit_placeholder":"air"},"inventory":null},"(4,2,7)":{"fields":{"worldedit_placeholder":"air"},"inventory":null},"(4,3,11)":{"fields":{"worldedit_placeholder":"air"},"inventory":null},"(4,3,15)":{"fields":{"worldedit_placeholder":"air"},"inventory":null},"(4,3,7)":{"fields":{"worldedit_placeholder":"air"},"inventory":null},"(4,4,11)":{"fields":{"worldedit_placeholder":"air"},"inventory":null},"(4,4,15)":{"fields":{"worldedit_placeholder":"air"},"inventory":null},"(4,4,7)":{"fields":{"worldedit_placeholder":"air"},"inventory":null},"(4,5,11)":{"fields":{"worldedit_placeholder":"air"},"inventory":null},"(4,5,15)":{"fields":{"worldedit_placeholder":"air"},"inventory":null},"(4,5,7)":{"fields":{"worldedit_placeholder":"air"},"inventory":null},"(4,6,11)":{"fields":{"worldedit_placeholder":"air"},"inventory":null},"(4,6,15)":{"fields":{"worldedit_placeholder":"air"},"inventory":null},"(4,6,7)":{"fields":{"worldedit_placeholder":"air"},"inventory":null},"(4,7,11)":{"fields":{"worldedit_placeholder":"air"},"inventory":null},"(4,7,15)":{"fields":{"worldedit_placeholder":"air"},"inventory":null},"(4,7,7)":{"fields":{"worldedit_placeholder":"air"},"inventory":null},"(5,0,11)":{"fields":{"worldedit_placeholder":"air"},"inventory":null},"(5,0,15)":{"fields":{"worldedit_placeholder":"air"},"inventory":null},"(5,0,7)":{"fields":{"worldedit_placeholder":"air"},"inventory":null},"(5,1,11)":{"fields":{"worldedit_placeholder":"air"},"inventory":null},"(5,1,15)":{"fields":{"worldedit_placeholder":"air"},"inventory":null},"(5,1,7)":{"fields":{"worldedit_placeholder":"air"},"inventory":null},"(5,10,11)":{"fields":{"worldedit_placeholder":"air"},"inventory":null},"(5,10,15)":{"fields":{"worldedit_placeholder":"air"},"inventory":null},"(5,10,7)":{"fields":{"worldedit_placeholder":"air"},"inventory":null},"(5,11,11)":{"fields":{"worldedit_placeholder":"air"},"inventory":null},"(5,11,15)":{"fields":{"worldedit_placeholder":"air"},"inventory":null},"(5,11,7)":{"fields":{"worldedit_placeholder":"air"},"inventory":null},"(5,12,11)":{"fields":{"worldedit_placeholder":"air"},"inventory":null},"(5,12,15)":{"fields":{"worldedit_placeholder":"air"},"inventory":null},"(5,12,7)":{"fields":{"worldedit_placeholder":"air"},"inventory":null},"(5,13,11)":{"fields":{"worldedit_placeholder":"air"},"inventory":null},"(5,13,15)":{"fields":{"worldedit_placeholder":"air"},"inventory":null},"(5,13,7)":{"fields":{"worldedit_placeholder":"air"},"inventory":null},"(5,14,11)":{"fields":{"worldedit_placeholder":"air"},"inventory":null},"(5,14,15)":{"fields":{"worldedit_placeholder":"air"},"inventory":null},"(5,14,7)":{"fields":{"worldedit_placeholder":"air"},"inventory":null},"(5,15,11)":{"fields":{"worldedit_placeholder":"air"},"inventory":null},"(5,15,15)":{"fields":{"worldedit_placeholder":"air"},"inventory":null},"(5,15,7)":{"fields":{"worldedit_placeholder":"air"},"inventory":null},"(5,2,11)":{"fields":{"worldedit_placeholder":"air"},"inventory":null},"(5,2,15)":{"fields":{"worldedit_placeholder":"air"},"inventory":null},"(5,2,7)":{"fields":{"worldedit_placeholder":"air"},"inventory":null},"(5,3,11)":{"fields":{"worldedit_placeholder":"air"},"inventory":null},"(5,3,15)":{"fields":{"worldedit_placeholder":"air"},"inventory":null},"(5,3,7)":{"fields":{"worldedit_placeholder":"air"},"inventory":null},"(5,4,11)":{"fields":{"worldedit_placeholder":"air"},"inventory":null},"(5,4,15)":{"fields":{"worldedit_placeholder":"air"},"inventory":null},"(5,4,7)":{"fields":{"worldedit_placeholder":"air"},"inventory":null},"(5,5,11)":{"fields":{"worldedit_placeholder":"air"},"inventory":null},"(5,5,15)":{"fields":{"worldedit_placeholder":"air"},"inventory":null},"(5,5,7)":{"fields":{"worldedit_placeholder":"air"},"inventory":null},"(5,6,11)":{"fields":{"worldedit_placeholder":"air"},"inventory":null},"(5,6,15)":{"fields":{"worldedit_placeholder":"air"},"inventory":null},"(5,6,7)":{"fields":{"worldedit_placeholder":"air"},"inventory":null},"(5,7,11)":{"fields":{"worldedit_placeholder":"air"},"inventory":null},"(5,7,15)":{"fields":{"worldedit_placeholder":"air"},"inventory":null},"(5,7,7)":{"fields":{"worldedit_placeholder":"air"},"inventory":null},"(6,0,11)":{"fields":{"worldedit_placeholder":"air"},"inventory":null},"(6,0,15)":{"fields":{"worldedit_placeholder":"air"},"inventory":null},"(6,0,7)":{"fields":{"worldedit_placeholder":"air"},"inventory":null},"(6,1,11)":{"fields":{"worldedit_placeholder":"air"},"inventory":null},"(6,1,15)":{"fields":{"worldedit_placeholder":"air"},"inventory":null},"(6,1,7)":{"fields":{"worldedit_placeholder":"air"},"inventory":null},"(6,10,15)":{"fields":{"worldedit_placeholder":"air"},"inventory":null},"(6,10,7)":{"fields":{"worldedit_placeholder":"air"},"inventory":null},"(6,11,11)":{"fields":{"worldedit_placeholder":"air"},"inventory":null},"(6,11,15)":{"fields":{"worldedit_placeholder":"air"},"inventory":null},"(6,11,7)":{"fields":{"worldedit_placeholder":"air"},"inventory":null},"(6,12,11)":{"fields":{"worldedit_placeholder":"air"},"inventory":null},"(6,12,15)":{"fields":{"worldedit_placeholder":"air"},"inventory":null},"(6,12,7)":{"fields":{"worldedit_placeholder":"air"},"inventory":null},"(6,13,11)":{"fields":{"worldedit_placeholder":"air"},"inventory":null},"(6,13,15)":{"fields":{"worldedit_placeholder":"air"},"inventory":null},"(6,13,7)":{"fields":{"worldedit_placeholder":"air"},"inventory":null},"(6,14,11)":{"fields":{"worldedit_placeholder":"air"},"inventory":null},"(6,14,15)":{"fields":{"worldedit_placeholder":"air"},"inventory":null},"(6,14,7)":{"fields":{"worldedit_placeholder":"air"},"inventory":null},"(6,15,11)":{"fields":{"worldedit_placeholder":"air"},"inventory":null},"(6,15,15)":{"fields":{"worldedit_placeholder":"air"},"inventory":null},"(6,15,7)":{"fields":{"worldedit_placeholder":"air"},"inventory":null},"(6,2,11)":{"fields":{"worldedit_placeholder":"air"},"inventory":null},"(6,2,15)":{"fields":{"worldedit_placeholder":"air"},"inventory":null},"(6,2,7)":{"fields":{"worldedit_placeholder":"air"},"inventory":null},"(6,3,11)":{"fields":{"worldedit_placeholder":"air"},"inventory":null},"(6,3,15)":{"fields":{"worldedit_placeholder":"air"},"inventory":null},"(6,3,7)":{"fields":{"worldedit_placeholder":"air"},"inventory":null},"(6,4,11)":{"fields":{"worldedit_placeholder":"air"},"inventory":null},"(6,4,15)":{"fields":{"worldedit_placeholder":"air"},"inventory":null},"(6,4,7)":{"fields":{"worldedit_placeholder":"air"},"inventory":null},"(6,5,11)":{"fields":{"worldedit_placeholder":"air"},"inventory":null},"(6,5,15)":{"fields":{"worldedit_placeholder":"air"},"inventory":null},"(6,5,7)":{"fields":{"worldedit_placeholder":"air"},"inventory":null},"(6,6,11)":{"fields":{"worldedit_placeholder":"air"},"inventory":null},"(6,6,15)":{"fields":{"worldedit_placeholder":"air"},"inventory":null},"(6,6,7)":{"fields":{"worldedit_placeholder":"air"},"inventory":null},"(6,7,11)":{"fields":{"worldedit_placeholder":"air"},"inventory":null},"(6,7,15)":{"fields":{"worldedit_placeholder":"air"},"inventory":null},"(6,7,7)":{"fields":{"worldedit_placeholder":"air"},"inventory":null},"(7,0,11)":{"fields":{"worldedit_placeholder":"air"},"inventory":null},"(7,0,7)":{"fields":{"worldedit_placeholder":"air"},"inventory":null},"(7,1,11)":{"fields":{"worldedit_placeholder":"air"},"inventory":null},"(7,1,7)":{"fields":{"worldedit_placeholder":"air"},"inventory":null},"(7,10,7)":{"fields":{"worldedit_placeholder":"air"},"inventory":null},"(7,11,11)":{"fields":{"worldedit_placeholder":"air"},"inventory":null},"(7,11,7)":{"fields":{"worldedit_placeholder":"air"},"inventory":null},"(7,12,11)":{"fields":{"worldedit_placeholder":"air"},"inventory":null},"(7,12,7)":{"fields":{"worldedit_placeholder":"air"},"inventory":null},"(7,13,11)":{"fields":{"worldedit_placeholder":"air"},"inventory":null},"(7,13,7)":{"fields":{"worldedit_placeholder":"air"},"inventory":null},"(7,14,11)":{"fields":{"worldedit_placeholder":"air"},"inventory":null},"(7,14,7)":{"fields":{"worldedit_placeholder":"air"},"inventory":null},"(7,15,11)":{"fields":{"worldedit_placeholder":"air"},"inventory":null},"(7,15,7)":{"fields":{"worldedit_placeholder":"air"},"inventory":null},"(7,2,11)":{"fields":{"worldedit_placeholder":"air"},"inventory":null},"(7,2,7)":{"fields":{"worldedit_placeholder":"air"},"inventory":null},"(7,3,11)":{"fields":{"worldedit_placeholder":"air"},"inventory":null},"(7,3,7)":{"fields":{"worldedit_placeholder":"air"},"inventory":null},"(7,4,11)":{"fields":{"worldedit_placeholder":"air"},"inventory":null},"(7,4,7)":{"fields":{"worldedit_placeholder":"air"},"inventory":null},"(7,5,11)":{"fields":{"worldedit_placeholder":"air"},"inventory":null},"(7,5,7)":{"fields":{"worldedit_placeholder":"air"},"inventory":null},"(7,6,11)":{"fields":{"worldedit_placeholder":"air"},"inventory":null},"(7,6,7)":{"fields":{"worldedit_placeholder":"air"},"inventory":null},"(7,7,11)":{"fields":{"worldedit_placeholder":"air"},"inventory":null},"(7,7,7)":{"fields":{"worldedit_placeholder":"air"},"inventory":null},"(8,0,7)":{"fields":{"worldedit_placeholder":"air"},"inventory":null},"(8,1,15)":{"fields":{"worldedit_placeholder":"air"},"inventory":null},"(8,1,7)":{"fields":{"worldedit_placeholder":"air"},"inventory":null},"(8,11,7)":{"fields":{"worldedit_placeholder":"air"},"inventory":null},"(8,12,15)":{"fields":{"worldedit_placeholder":"air"},"inventory":null},"(8,12,7)":{"fields":{"worldedit_placeholder":"air"},"inventory":null},"(8,13,15)":{"fields":{"worldedit_placeholder":"air"},"inventory":null},"(8,13,7)":{"fields":{"worldedit_placeholder":"air"},"inventory":null},"(8,14,15)":{"fields":{"worldedit_placeholder":"air"},"inventory":null},"(8,14,7)":{"fields":{"worldedit_placeholder":"air"},"inventory":null},"(8,15,15)":{"fields":{"worldedit_placeholder":"air"},"inventory":null},"(8,15,7)":{"fields":{"worldedit_placeholder":"air"},"inventory":null},"(8,2,15)":{"fields":{"worldedit_placeholder":"air"},"inventory":null},"(8,2,7)":{"fields":{"worldedit_placeholder":"air"},"inventory":null},"(8,3,15)":{"fields":{"worldedit_placeholder":"air"},"inventory":null},"(8,3,7)":{"fields":{"worldedit_placeholder":"air"},"inventory":null},"(8,4,15)":{"fields":{"worldedit_placeholder":"air"},"inventory":null},"(8,4,7)":{"fields":{"worldedit_placeholder":"air"},"inventory":null},"(8,5,15)":{"fields":{"worldedit_placeholder":"air"},"inventory":null},"(8,5,7)":{"fields":{"worldedit_placeholder":"air"},"inventory":null},"(8,6,15)":{"fields":{"worldedit_placeholder":"air"},"inventory":null},"(8,6,7)":{"fields":{"worldedit_placeholder":"air"},"inventory":null},"(8,7,15)":{"fields":{"worldedit_placeholder":"air"},"inventory":null},"(8,7,7)":{"fields":{"worldedit_placeholder":"air"},"inventory":null},"(9,0,15)":{"fields":{"worldedit_placeholder":"air"},"inventory":null},"(9,0,7)":{"fields":{"worldedit_placeholder":"air"},"inventory":null},"(9,1,15)":{"fields":{"worldedit_placeholder":"air"},"inventory":null},"(9,1,7)":{"fields":{"worldedit_placeholder":"air"},"inventory":null},"(9,10,15)":{"fields":{"worldedit_placeholder":"air"},"inventory":null},"(9,10,7)":{"fields":{"worldedit_placeholder":"air"},"inventory":null},"(9,11,15)":{"fields":{"worldedit_placeholder":"air"},"inventory":null},"(9,11,7)":{"fields":{"worldedit_placeholder":"air"},"inventory":null},"(9,12,15)":{"fields":{"worldedit_placeholder":"air"},"inventory":null},"(9,13,15)":{"fields":{"worldedit_placeholder":"air"},"inventory":null},"(9,13,7)":{"fields":{"worldedit_placeholder":"air"},"inventory":null},"(9,14,15)":{"fields":{"worldedit_placeholder":"air"},"inventory":null},"(9,14,7)":{"fields":{"worldedit_placeholder":"air"},"inventory":null},"(9,15,15)":{"fields":{"worldedit_placeholder":"air"},"inventory":null},"(9,15,7)":{"fields":{"worldedit_placeholder":"air"},"inventory":null},"(9,2,15)":{"fields":{"worldedit_placeholder":"air"},"inventory":null},"(9,2,7)":{"fields":{"worldedit_placeholder":"air"},"inventory":null},"(9,3,15)":{"fields":{"worldedit_placeholder":"air"},"inventory":null},"(9,3,7)":{"fields":{"worldedit_placeholder":"air"},"inventory":null},"(9,4,15)":{"fields":{"worldedit_placeholder":"air"},"inventory":null},"(9,4,7)":{"fields":{"worldedit_placeholder":"air"},"inventory":null},"(9,5,15)":{"fields":{"worldedit_placeholder":"air"},"inventory":null},"(9,5,7)":{"fields":{"worldedit_placeholder":"air"},"inventory":null},"(9,6,15)":{"fields":{"worldedit_placeholder":"air"},"inventory":null},"(9,6,7)":{"fields":{"worldedit_placeholder":"air"},"inventory":null},"(9,7,15)":{"fields":{"worldedit_placeholder":"air"},"inventory":null},"(9,7,7)":{"fields":{"worldedit_placeholder":"air"},"inventory":null}}},"node_mapping":{"air":126.0,"hightech:dark":397.0,"hightech:dark_stripe_bottom_autoconnect_0000":412.0,"stairs:stair_inner_glass":315.0}}