{"metadata":{"meta":{"(3,0,0)":{"fields":{"worldedit_placeholder":"air"},"inventory":null},"(3,0,1)":{"fields":{"worldedit_placeholder":"air"},"inventory":null},"(3,0,10)":{"fields":{"worldedit_placeholder":"air"},"inventory":null},"(3,0,11)":{"fields":{"worldedit_placeholder":"air"},"inventory":null},"(3,0,12)":{"fields":{"worldedit_placeholder":"air"},"inventory":null},"(3,0,13)":{"fields":{"worldedit_placeholder":"air"},"inventory":null},"(3,0,14)":{"fields":{"worldedit_placeholder":"air"},"inventory":null},"(3,0,15)":{"fields":{"worldedit_placeholder":"air"},"inventory":null},"(3,0,2)":{"fields":{"worldedit_placeholder":"air"},"inventory":null},"(3,0,3)":{"fields":{"worldedit_placeholder":"air"},"inventory":null},"(3,0,4)":{"fields":{"worldedit_placeholder":"air"},"inventory":null},"(3,0,5)":{"fields":{"worldedit_placeholder":"air"},"inventory":null},"(3,0,6)":{"fields":{"worldedit_placeholder":"air"},"inventory":null},"(3,0,7)":{"fields":{"worldedit_placeholder":"air"},"inventory":null},"(3,0,8)":{"fields":{"worldedit_placeholder":"air"},"inventory":null},"(3,0,9)":{"fields":{"worldedit_placeholder":"air"},"inventory":null},"(3,1,0)":{"fields":{"worldedit_placeholder":"air"},"inventory":null},"(3,1,1)":{"fields":{"worldedit_placeholder":"air"},"inventory":null},"(3,1,10)":{"fields":{"worldedit_placeholder":"air"},"inventory":null},"(3,1,11)":{"fields":{"worldedit_placeholder":"air"},"inventory":null},"(3,1,12)":{"fields":{"worldedit_placeholder":"air"},"inventory":null},"(3,1,13)":{"fields":{"worldedit_placeholder":"air"},"inventory":null},"(3,1,14)":{"fields":{"worldedit_placeholder":"air"},"inventory":null},"(3,1,15)":{"fields":{"worldedit_placeholder":"air"},"inventory":null},"(3,1,2)":{"fields":{"worldedit_placeholder":"air"},"inventory":null},"(3,1,3)":{"fields":{"worldedit_placeholder":"air"},"inventory":null},"(3,1,4)":{"fields":{"worldedit_placeholder":"air"},"inventory":null},"(3,1,5)":{"fields":{"worldedit_placeholder":"air"},"inventory":null},"(3,1,6)":{"fields":{"worldedit_placeholder":"air"},"inventory":null},"(3,1,7)":{"fields":{"worldedit_placeholder":"air"},"inventory":null},"(3,1,8)":{"fields":{"worldedit_placeholder":"air"},"inventory":null},"(3,1,9)":{"fields":{"worldedit_placeholder":"air"},"inventory":null},"(3,10,0)":{"fields":{"worldedit_placeholder":"air"},"inventory":null},"(3,10,1)":{"fields":{"worldedit_placeholder":"air"},"inventory":null},"(3,10,10)":{"fields":{"worldedit_placeholder":"air"},"inventory":null},"(3,10,11)":{"fields":{"worldedit_placeholder":"air"},"inventory":null},"(3,10,12)":{"fields":{"worldedit_placeholder":"air"},"inventory":null},"(3,10,13)":{"fields":{"worldedit_placeholder":"air"},"inventory":null},"(3,10,14)":{"fields":{"worldedit_placeholder":"air"},"inventory":null},"(3,10,2)":{"fields":{"worldedit_placeholder":"air"},"inventory":null},"(3,10,3)":{"fields":{"worldedit_placeholder":"air"},"inventory":null},"(3,10,4)":{"fields":{"worldedit_placeholder":"air"},"inventory":null},"(3,10,5)":{"fields":{"worldedit_placeholder":"air"},"inventory":null},"(3,10,6)":{"fields":{"worldedit_placeholder":"air"},"inventory":null},"(3,10,7)":{"fields":{"worldedit_placeholder":"air"},"inventory":null},"(3,10,8)":{"fields":{"worldedit_placeholder":"air"},"inventory":null},"(3,10,9)":{"fields":{"worldedit_placeholder":"air"},"inventory":null},"(3,11,0)":{"fields":{"worldedit_placeholder":"air"},"inventory":null},"(3,11,1)":{"fields":{"worldedit_placeholder":"air"},"inventory":null},"(3,11,10)":{"fields":{"worldedit_placeholder":"air"},"inventory":null},"(3,11,11)":{"fields":{"worldedit_placeholder":"air"},"inventory":null},"(3,11,12)":{"fields":{"worldedit_placeholder":"air"},"inventory":null},"(3,11,13)":{"fields":{"worldedit_placeholder":"air"},"inventory":null},"(3,11,14)":{"fields":{"worldedit_placeholder":"air"},"inventory":null},"(3,11,15)":{"fields":{"worldedit_placeholder":"air"},"inventory":null},"(3,11,2)":{"fields":{"worldedit_placeholder":"air"},"inventory":null},"(3,11,3)":{"fields":{"worldedit_placeholder":"air"},"inventory":null},"(3,11,4)":{"fields":{"worldedit_placeholder":"air"},"inventory":null},"(3,11,5)":{"fields":{"worldedit_placeholder":"air"},"inventory":null},"(3,11,6)":{"fields":{"worldedit_placeholder":"air"},"inventory":null},"(3,11,7)":{"fields":{"worldedit_placeholder":"air"},"inventory":null},"(3,11,8)":{"fields":{"worldedit_placeholder":"air"},"inventory":null},"(3,11,9)":{"fields":{"worldedit_placeholder":"air"},"inventory":null},"(3,12,0)":{"fields":{"worldedit_placeholder":"air"},"inventory":null},"(3,12,1)":{"fields":{"worldedit_placeholder":"air"},"inventory":null},"(3,12,10)":{"fields":{"worldedit_placeholder":"air"},"inventory":null},"(3,12,11)":{"fields":{"worldedit_placeholder":"air"},"inventory":null},"(3,12,12)":{"fields":{"worldedit_placeholder":"air"},"inventory":null},"(3,12,13)":{"fields":{"worldedit_placeholder":"air"},"inventory":null},"(3,12,14)":{"fields":{"worldedit_placeholder":"air"},"inventory":null},"(3,12,15)":{"fields":{"worldedit_placeholder":"air"},"inventory":null},"(3,12,2)":{"fields":{"worldedit_placeholder":"air"},"inventory":null},"(3,12,3)":{"fields":{"worldedit_placeholder":"air"},"inventory":null},"(3,12,4)":{"fields":{"worldedit_placeholder":"air"},"inventory":null},"(3,12,5)":{"fields":{"worldedit_placeholder":"air"},"inventory":null},"(3,12,6)":{"fields":{"worldedit_placeholder":"air"},"inventory":null},"(3,12,7)":{"fields":{"worldedit_placeholder":"air"},"inventory":null},"(3,12,8)":{"fields":{"worldedit_placeholder":"air"},"inventory":null},"(3,12,9)":{"fields":{"worldedit_placeholder":"air"},"inventory":null},"(3,13,0)":{"fields":{"worldedit_placeholder":"air"},"inventory":null},"(3,13,1)":{"fields":{"worldedit_placeholder":"air"},"inventory":null},"(3,13,10)":{"fields":{"worldedit_placeholder":"air"},"inventory":null},"(3,13,11)":{"fields":{"worldedit_placeholder":"air"},"inventory":null},"(3,13,12)":{"fields":{"worldedit_placeholder":"air"},"inventory":null},"(3,13,13)":{"fields":{"worldedit_placeholder":"air"},"inventory":null},"(3,13,14)":{"fields":{"worldedit_placeholder":"air"},"inventory":null},"(3,13,15)":{"fields":{"worldedit_placeholder":"air"},"inventory":null},"(3,13,2)":{"fields":{"worldedit_placeholder":"air"},"inventory":null},"(3,13,3)":{"fields":{"worldedit_placeholder":"air"},"inventory":null},"(3,13,4)":{"fields":{"worldedit_placeholder":"air"},"inventory":null},"(3,13,5)":{"fields":{"worldedit_placeholder":"air"},"inventory":null},"(3,13,6)":{"fields":{"worldedit_placeholder":"air"},"inventory":null},"(3,13,7)":{"fields":{"worldedit_placeholder":"air"},"inventory":null},"(3,13,8)":{"fields":{"worldedit_placeholder":"air"},"inventory":null},"(3,13,9)":{"fields":{"worldedit_placeholder":"air"},"inventory":null},"(3,14,0)":{"fields":{"worldedit_placeholder":"air"},"inventory":null},"(3,14,1)":{"fields":{"worldedit_placeholder":"air"},"inventory":null},"(3,14,10)":{"fields":{"worldedit_placeholder":"air"},"inventory":null},"(3,14,12)":{"fields":{"worldedit_placeholder":"air"},"inventory":null},"(3,14,13)":{"fields":{"worldedit_placeholder":"air"},"inventory":null},"(3,14,14)":{"fields":{"worldedit_placeholder":"air"},"inventory":null},"(3,14,15)":{"fields":{"worldedit_placeholder":"air"},"inventory":null},"(3,14,2)":{"fields":{"worldedit_placeholder":"air"},"inventory":null},"(3,14,3)":{"fields":{"worldedit_placeholder":"air"},"inventory":null},"(3,14,4)":{"fields":{"worldedit_placeholder":"air"},"inventory":null},"(3,14,5)":{"fields":{"worldedit_placeholder":"air"},"inventory":null},"(3,14,6)":{"fields":{"worldedit_placeholder":"air"},"inventory":null},"(3,14,7)":{"fields":{"worldedit_placeholder":"air"},"inventory":null},"(3,14,8)":{"fields":{"worldedit_placeholder":"air"},"inventory":null},"(3,14,9)":{"fields":{"worldedit_placeholder":"air"},"inventory":null},"(3,15,0)":{"fields":{"worldedit_placeholder":"air"},"inventory":null},"(3,15,1)":{"fields":{"worldedit_placeholder":"air"},"inventory":null},"(3,15,10)":{"fields":{"worldedit_placeholder":"air"},"inventory":null},"(3,15,11)":{"fields":{"worldedit_placeholder":"air"},"inventory":null},"(3,15,12)":{"fields":{"worldedit_placeholder":"air"},"inventory":null},"(3,15,13)":{"fields":{"worldedit_placeholder":"air"},"inventory":null},"(3,15,14)":{"fields":{"worldedit_placeholder":"air"},"inventory":null},"(3,15,15)":{"fields":{"worldedit_placeholder":"air"},"inventory":null},"(3,15,2)":{"fields":{"worldedit_placeholder":"air"},"inventory":null},"(3,15,3)":{"fields":{"worldedit_placeholder":"air"},"inventory":null},"(3,15,4)":{"fields":{"worldedit_placeholder":"air"},"inventory":null},"(3,15,5)":{"fields":{"worldedit_placeholder":"air"},"inventory":null},"(3,15,6)":{"fields":{"worldedit_placeholder":"air"},"inventory":null},"(3,15,7)":{"fields":{"worldedit_placeholder":"air"},"inventory":null},"(3,15,8)":{"fields":{"worldedit_placeholder":"air"},"inventory":null},"(3,15,9)":{"fields":{"worldedit_placeholder":"air"},"inventory":null},"(3,2,0)":{"fields":{"worldedit_placeholder":"air"},"inventory":null},"(3,2,1)":{"fields":{"worldedit_placeholder":"air"},"inventory":null},"(3,2,10)":{"fields":{"worldedit_placeholder":"air"},"inventory":null},"(3,2,11)":{"fields":{"worldedit_placeholder":"air"},"inventory":null},"(3,2,12)":{"fields":{"worldedit_placeholder":"air"},"inventory":null},"(3,2,13)":{"fields":{"worldedit_placeholder":"air"},"inventory":null},"(3,2,14)":{"fields":{"worldedit_placeholder":"air"},"inventory":null},"(3,2,15)":{"fields":{"worldedit_placeholder":"air"},"inventory":null},"(3,2,2)":{"fields":{"worldedit_placeholder":"air"},"inventory":null},"(3,2,3)":{"fields":{"worldedit_placeholder":"air"},"inventory":null},"(3,2,4)":{"fields":{"worldedit_placeholder":"air"},"inventory":null},"(3,2,5)":{"fields":{"worldedit_placeholder":"air"},"inventory":null},"(3,2,6)":{"fields":{"worldedit_placeholder":"air"},"inventory":null},"(3,2,7)":{"fields":{"worldedit_placeholder":"air"},"inventory":null},"(3,2,8)":{"fields":{"worldedit_placeholder":"air"},"inventory":null},"(3,2,9)":{"fields":{"worldedit_placeholder":"air"},"inventory":null},"(3,3,0)":{"fields":{"worldedit_placeholder":"air"},"inventory":null},"(3,3,1)":{"fields":{"worldedit_placeholder":"air"},"inventory":null},"(3,3,10)":{"fields":{"worldedit_placeholder":"air"},"inventory":null},"(3,3,11)":{"fields":{"worldedit_placeholder":"air"},"inventory":null},"(3,3,12)":{"fields":{"worldedit_placeholder":"air"},"inventory":null},"(3,3,13)":{"fields":{"worldedit_placeholder":"air"},"inventory":null},"(3,3,14)":{"fields":{"worldedit_placeholder":"air"},"inventory":null},"(3,3,15)":{"fields":{"worldedit_placeholder":"air"},"inventory":null},"(3,3,2)":{"fields":{"worldedit_placeholder":"air"},"inventory":null},"(3,3,3)":{"fields":{"worldedit_placeholder":"air"},"inventory":null},"(3,3,4)":{"fields":{"worldedit_placeholder":"air"},"inventory":null},"(3,3,5)":{"fields":{"worldedit_placeholder":"air"},"inventory":null},"(3,3,6)":{"fields":{"worldedit_placeholder":"air"},"inventory":null},"(3,3,7)":{"fields":{"worldedit_placeholder":"air"},"inventory":null},"(3,3,8)":{"fields":{"worldedit_placeholder":"air"},"inventory":null},"(3,3,9)":{"fields":{"worldedit_placeholder":"air"},"inventory":null},"(3,4,0)":{"fields":{"worldedit_placeholder":"air"},"inventory":null},"(3,4,1)":{"fields":{"worldedit_placeholder":"air"},"inventory":null},"(3,4,10)":{"fields":{"worldedit_placeholder":"air"},"inventory":null},"(3,4,11)":{"fields":{"worldedit_placeholder":"air"},"inventory":null},"(3,4,12)":{"fields":{"worldedit_placeholder":"air"},"inventory":null},"(3,4,13)":{"fields":{"worldedit_placeholder":"air"},"inventory":null},"(3,4,14)":{"fields":{"worldedit_placeholder":"air"},"inventory":null},"(3,4,15)":{"fields":{"worldedit_placeholder":"air"},"inventory":null},"(3,4,2)":{"fields":{"worldedit_placeholder":"air"},"inventory":null},"(3,4,3)":{"fields":{"worldedit_placeholder":"air"},"inventory":null},"(3,4,4)":{"fields":{"worldedit_placeholder":"air"},"inventory":null},"(3,4,5)":{"fields":{"worldedit_placeholder":"air"},"inventory":null},"(3,4,6)":{"fields":{"worldedit_placeholder":"air"},"inventory":null},"(3,4,7)":{"fields":{"worldedit_placeholder":"air"},"inventory":null},"(3,4,8)":{"fields":{"worldedit_placeholder":"air"},"inventory":null},"(3,4,9)":{"fields":{"worldedit_placeholder":"air"},"inventory":null},"(3,5,0)":{"fields":{"worldedit_placeholder":"air"},"inventory":null},"(3,5,1)":{"fields":{"worldedit_placeholder":"air"},"inventory":null},"(3,5,10)":{"fields":{"worldedit_placeholder":"air"},"inventory":null},"(3,5,11)":{"fields":{"worldedit_placeholder":"air"},"inventory":null},"(3,5,12)":{"fields":{"worldedit_placeholder":"air"},"inventory":null},"(3,5,13)":{"fields":{"worldedit_placeholder":"air"},"inventory":null},"(3,5,14)":{"fields":{"worldedit_placeholder":"air"},"inventory":null},"(3,5,15)":{"fields":{"worldedit_placeholder":"air"},"inventory":null},"(3,5,2)":{"fields":{"worldedit_placeholder":"air"},"inventory":null},"(3,5,3)":{"fields":{"worldedit_placeholder":"air"},"inventory":null},"(3,5,4)":{"fields":{"worldedit_placeholder":"air"},"inventory":null},"(3,5,5)":{"fields":{"worldedit_placeholder":"air"},"inventory":null},"(3,5,6)":{"fields":{"worldedit_placeholder":"air"},"inventory":null},"(3,5,7)":{"fields":{"worldedit_placeholder":"air"},"inventory":null},"(3,5,8)":{"fields":{"worldedit_placeholder":"air"},"inventory":null},"(3,5,9)":{"fields":{"worldedit_placeholder":"air"},"inventory":null},"(3,6,0)":{"fields":{"worldedit_placeholder":"air"},"inventory":null},"(3,6,1)":{"fields":{"worldedit_placeholder":"air"},"inventory":null},"(3,6,10)":{"fields":{"worldedit_placeholder":"air"},"inventory":null},"(3,6,11)":{"fields":{"worldedit_placeholder":"air"},"inventory":null},"(3,6,12)":{"fields":{"worldedit_placeholder":"air"},"inventory":null},"(3,6,13)":{"fields":{"worldedit_placeholder":"air"},"inventory":null},"(3,6,14)":{"fields":{"worldedit_placeholder":"air"},"inventory":null},"(3,6,15)":{"fields":{"worldedit_placeholder":"air"},"inventory":null},"(3,6,2)":{"fields":{"worldedit_placeholder":"air"},"inventory":null},"(3,6,3)":{"fields":{"worldedit_placeholder":"air"},"inventory":null},"(3,6,4)":{"fields":{"worldedit_placeholder":"air"},"inventory":null},"(3,6,5)":{"fields":{"worldedit_placeholder":"air"},"inventory":null},"(3,6,6)":{"fields":{"worldedit_placeholder":"air"},"inventory":null},"(3,6,7)":{"fields":{"worldedit_placeholder":"air"},"inventory":null},"(3,6,8)":{"fields":{"worldedit_placeholder":"air"},"inventory":null},"(3,6,9)":{"fields":{"worldedit_placeholder":"air"},"inventory":null},"(3,7,0)":{"fields":{"worldedit_placeholder":"air"},"inventory":null},"(3,7,1)":{"fields":{"worldedit_placeholder":"air"},"inventory":null},"(3,7,10)":{"fields":{"worldedit_placeholder":"air"},"inventory":null},"(3,7,11)":{"fields":{"worldedit_placeholder":"air"},"inventory":null},"(3,7,12)":{"fields":{"worldedit_placeholder":"air"},"inventory":null},"(3,7,13)":{"fields":{"worldedit_placeholder":"air"},"inventory":null},"(3,7,14)":{"fields":{"worldedit_placeholder":"air"},"inventory":null},"(3,7,15)":{"fields":{"worldedit_placeholder":"air"},"inventory":null},"(3,7,2)":{"fields":{"worldedit_placeholder":"air"},"inventory":null},"(3,7,3)":{"fields":{"worldedit_placeholder":"air"},"inventory":null},"(3,7,4)":{"fields":{"worldedit_placeholder":"air"},"inventory":null},"(3,7,5)":{"fields":{"worldedit_placeholder":"air"},"inventory":null},"(3,7,6)":{"fields":{"worldedit_placeholder":"air"},"inventory":null},"(3,7,7)":{"fields":{"worldedit_placeholder":"air"},"inventory":null},"(3,7,8)":{"fields":{"worldedit_placeholder":"air"},"inventory":null},"(3,7,9)":{"fields":{"worldedit_placeholder":"air"},"inventory":null},"(7,0,10)":{"fields":{"worldedit_placeholder":"air"},"inventory":null},"(7,0,11)":{"fields":{"worldedit_placeholder":"air"},"inventory":null},"(7,0,12)":{"fields":{"worldedit_placeholder":"air"},"inventory":null},"(7,0,13)":{"fields":{"worldedit_placeholder":"air"},"inventory":null},"(7,0,14)":{"fields":{"worldedit_placeholder":"air"},"inventory":null},"(7,0,15)":{"fields":{"worldedit_placeholder":"air"},"inventory":null},"(7,0,3)":{"fields":{"worldedit_placeholder":"air"},"inventory":null},"(7,0,4)":{"fields":{"worldedit_placeholder":"air"},"inventory":null},"(7,0,5)":{"fields":{"worldedit_placeholder":"air"},"inventory":null},"(7,0,6)":{"fields":{"worldedit_placeholder":"air"},"inventory":null},"(7,0,7)":{"fields":{"worldedit_placeholder":"air"},"inventory":null},"(7,0,8)":{"fields":{"worldedit_placeholder":"air"},"inventory":null},"(7,0,9)":{"fields":{"worldedit_placeholder":"air"},"inventory":null},"(7,1,10)":{"fields":{"worldedit_placeholder":"air"},"inventory":null},"(7,1,11)":{"fields":{"worldedit_placeholder":"air"},"inventory":null},"(7,1,12)":{"fields":{"worldedit_placeholder":"air"},"inventory":null},"(7,1,13)":{"fields":{"worldedit_placeholder":"air"},"inventory":null},"(7,1,14)":{"fields":{"worldedit_placeholder":"air"},"inventory":null},"(7,1,15)":{"fields":{"worldedit_placeholder":"air"},"inventory":null},"(7,1,3)":{"fields":{"worldedit_placeholder":"air"},"inventory":null},"(7,1,4)":{"fields":{"worldedit_placeholder":"air"},"inventory":null},"(7,1,5)":{"fields":{"worldedit_placeholder":"air"},"inventory":null},"(7,1,6)":{"fields":{"worldedit_placeholder":"air"},"inventory":null},"(7,1,7)":{"fields":{"worldedit_placeholder":"air"},"inventory":null},"(7,1,8)":{"fields":{"worldedit_placeholder":"air"},"inventory":null},"(7,1,9)":{"fields":{"worldedit_placeholder":"air"},"inventory":null},"(7,10,10)":{"fields":{"worldedit_placeholder":"air"},"inventory":null},"(7,10,11)":{"fields":{"worldedit_placeholder":"air"},"inventory":null},"(7,10,12)":{"fields":{"worldedit_placeholder":"air"},"inventory":null},"(7,10,13)":{"fields":{"worldedit_placeholder":"air"},"inventory":null},"(7,10,14)":{"fields":{"worldedit_placeholder":"air"},"inventory":null},"(7,10,15)":{"fields":{"worldedit_placeholder":"air"},"inventory":null},"(7,10,3)":{"fields":{"worldedit_placeholder":"air"},"inventory":null},"(7,10,4)":{"fields":{"worldedit_placeholder":"air"},"inventory":null},"(7,10,5)":{"fields":{"worldedit_placeholder":"air"},"inventory":null},"(7,10,6)":{"fields":{"worldedit_placeholder":"air"},"inventory":null},"(7,10,7)":{"fields":{"worldedit_placeholder":"air"},"inventory":null},"(7,10,8)":{"fields":{"worldedit_placeholder":"air"},"inventory":null},"(7,10,9)":{"fields":{"worldedit_placeholder":"air"},"inventory":null},"(7,11,10)":{"fields":{"worldedit_placeholder":"air"},"inventory":null},"(7,11,11)":{"fields":{"worldedit_placeholder":"air"},"inventory":null},"(7,11,12)":{"fields":{"worldedit_placeholder":"air"},"inventory":null},"(7,11,13)":{"fields":{"worldedit_placeholder":"air"},"inventory":null},"(7,11,14)":{"fields":{"worldedit_placeholder":"air"},"inventory":null},"(7,11,15)":{"fields":{"worldedit_placeholder":"air"},"inventory":null},"(7,11,3)":{"fields":{"worldedit_placeholder":"air"},"inventory":null},"(7,11,4)":{"fields":{"worldedit_placeholder":"air"},"inventory":null},"(7,11,5)":{"fields":{"worldedit_placeholder":"air"},"inventory":null},"(7,11,6)":{"fields":{"worldedit_placeholder":"air"},"inventory":null},"(7,11,7)":{"fields":{"worldedit_placeholder":"air"},"inventory":null},"(7,11,8)":{"fields":{"worldedit_placeholder":"air"},"inventory":null},"(7,11,9)":{"fields":{"worldedit_placeholder":"air"},"inventory":null},"(7,12,10)":{"fields":{"worldedit_placeholder":"air"},"inventory":null},"(7,12,11)":{"fields":{"worldedit_placeholder":"air"},"inventory":null},"(7,12,12)":{"fields":{"worldedit_placeholder":"air"},"inventory":null},"(7,12,13)":{"fields":{"worldedit_placeholder":"air"},"inventory":null},"(7,12,14)":{"fields":{"worldedit_placeholder":"air"},"inventory":null},"(7,12,15)":{"fields":{"worldedit_placeholder":"air"},"inventory":null},"(7,12,3)":{"fields":{"worldedit_placeholder":"air"},"inventory":null},"(7,12,4)":{"fields":{"worldedit_placeholder":"air"},"inventory":null},"(7,12,5)":{"fields":{"worldedit_placeholder":"air"},"inventory":null},"(7,12,6)":{"fields":{"worldedit_placeholder":"air"},"inventory":null},"(7,12,7)":{"fields":{"worldedit_placeholder":"air"},"inventory":null},"(7,12,8)":{"fields":{"worldedit_placeholder":"air"},"inventory":null},"(7,12,9)":{"fields":{"worldedit_placeholder":"air"},"inventory":null},"(7,13,10)":{"fields":{"worldedit_placeholder":"air"},"inventory":null},"(7,13,11)":{"fields":{"worldedit_placeholder":"air"},"inventory":null},"(7,13,12)":{"fields":{"worldedit_placeholder":"air"},"inventory":null},"(7,13,13)":{"fields":{"worldedit_placeholder":"air"},"inventory":null},"(7,13,14)":{"fields":{"worldedit_placeholder":"air"},"inventory":null},"(7,13,15)":{"fields":{"worldedit_placeholder":"air"},"inventory":null},"(7,13,3)":{"fields":{"worldedit_placeholder":"air"},"inventory":null},"(7,13,4)":{"fields":{"worldedit_placeholder":"air"},"inventory":null},"(7,13,5)":{"fields":{"worldedit_placeholder":"air"},"inventory":null},"(7,13,6)":{"fields":{"worldedit_placeholder":"air"},"inventory":null},"(7,13,7)":{"fields":{"worldedit_placeholder":"air"},"inventory":null},"(7,13,8)":{"fields":{"worldedit_placeholder":"air"},"inventory":null},"(7,13,9)":{"fields":{"worldedit_placeholder":"air"},"inventory":null},"(7,14,10)":{"fields":{"worldedit_placeholder":"air"},"inventory":null},"(7,14,11)":{"fields":{"worldedit_placeholder":"air"},"inventory":null},"(7,14,12)":{"fields":{"worldedit_placeholder":"air"},"inventory":null},"(7,14,13)":{"fields":{"worldedit_placeholder":"air"},"inventory":null},"(7,14,14)":{"fields":{"worldedit_placeholder":"air"},"inventory":null},"(7,14,15)":{"fields":{"worldedit_placeholder":"air"},"inventory":null},"(7,14,3)":{"fields":{"worldedit_placeholder":"air"},"inventory":null},"(7,14,4)":{"fields":{"worldedit_placeholder":"air"},"inventory":null},"(7,14,5)":{"fields":{"worldedit_placeholder":"air"},"inventory":null},"(7,14,6)":{"fields":{"worldedit_placeholder":"air"},"inventory":null},"(7,14,7)":{"fields":{"worldedit_placeholder":"air"},"inventory":null},"(7,14,8)":{"fields":{"worldedit_placeholder":"air"},"inventory":null},"(7,14,9)":{"fields":{"worldedit_placeholder":"air"},"inventory":null},"(7,15,10)":{"fields":{"worldedit_placeholder":"air"},"inventory":null},"(7,15,11)":{"fields":{"worldedit_placeholder":"air"},"inventory":null},"(7,15,12)":{"fields":{"worldedit_placeholder":"air"},"inventory":null},"(7,15,13)":{"fields":{"worldedit_placeholder":"air"},"inventory":null},"(7,15,14)":{"fields":{"worldedit_placeholder":"air"},"inventory":null},"(7,15,15)":{"fields":{"worldedit_placeholder":"air"},"inventory":null},"(7,15,3)":{"fields":{"worldedit_placeholder":"air"},"inventory":null},"(7,15,4)":{"fields":{"worldedit_placeholder":"air"},"inventory":null},"(7,15,5)":{"fields":{"worldedit_placeholder":"air"},"inventory":null},"(7,15,6)":{"fields":{"worldedit_placeholder":"air"},"inventory":null},"(7,15,7)":{"fields":{"worldedit_placeholder":"air"},"inventory":null},"(7,15,8)":{"fields":{"worldedit_placeholder":"air"},"inventory":null},"(7,15,9)":{"fields":{"worldedit_placeholder":"air"},"inventory":null},"(7,2,10)":{"fields":{"worldedit_placeholder":"air"},"inventory":null},"(7,2,11)":{"fields":{"worldedit_placeholder":"air"},"inventory":null},"(7,2,12)":{"fields":{"worldedit_placeholder":"air"},"inventory":null},"(7,2,13)":{"fields":{"worldedit_placeholder":"air"},"inventory":null},"(7,2,14)":{"fields":{"worldedit_placeholder":"air"},"inventory":null},"(7,2,15)":{"fields":{"worldedit_placeholder":"air"},"inventory":null},"(7,2,3)":{"fields":{"worldedit_placeholder":"air"},"inventory":null},"(7,2,4)":{"fields":{"worldedit_placeholder":"air"},"inventory":null},"(7,2,5)":{"fields":{"worldedit_placeholder":"air"},"inventory":null},"(7,2,6)":{"fields":{"worldedit_placeholder":"air"},"inventory":null},"(7,2,7)":{"fields":{"worldedit_placeholder":"air"},"inventory":null},"(7,2,8)":{"fields":{"worldedit_placeholder":"air"},"inventory":null},"(7,2,9)":{"fields":{"worldedit_placeholder":"air"},"inventory":null},"(7,3,10)":{"fields":{"worldedit_placeholder":"air"},"inventory":null},"(7,3,11)":{"fields":{"worldedit_placeholder":"air"},"inventory":null},"(7,3,12)":{"fields":{"worldedit_placeholder":"air"},"inventory":null},"(7,3,13)":{"fields":{"worldedit_placeholder":"air"},"inventory":null},"(7,3,14)":{"fields":{"worldedit_placeholder":"air"},"inventory":null},"(7,3,15)":{"fields":{"worldedit_placeholder":"air"},"inventory":null},"(7,3,3)":{"fields":{"worldedit_placeholder":"air"},"inventory":null},"(7,3,4)":{"fields":{"worldedit_placeholder":"air"},"inventory":null},"(7,3,5)":{"fields":{"worldedit_placeholder":"air"},"inventory":null},"(7,3,6)":{"fields":{"worldedit_placeholder":"air"},"inventory":null},"(7,3,7)":{"fields":{"worldedit_placeholder":"air"},"inventory":null},"(7,3,8)":{"fields":{"worldedit_placeholder":"air"},"inventory":null},"(7,3,9)":{"fields":{"worldedit_placeholder":"air"},"inventory":null},"(7,4,10)":{"fields":{"worldedit_placeholder":"air"},"inventory":null},"(7,4,11)":{"fields":{"worldedit_placeholder":"air"},"inventory":null},"(7,4,12)":{"fields":{"worldedit_placeholder":"air"},"inventory":null},"(7,4,13)":{"fields":{"worldedit_placeholder":"air"},"inventory":null},"(7,4,14)":{"fields":{"worldedit_placeholder":"air"},"inventory":null},"(7,4,15)":{"fields":{"worldedit_placeholder":"air"},"inventory":null},"(7,4,3)":{"fields":{"worldedit_placeholder":"air"},"inventory":null},"(7,4,4)":{"fields":{"worldedit_placeholder":"air"},"inventory":null},"(7,4,5)":{"fields":{"worldedit_placeholder":"air"},"inventory":null},"(7,4,6)":{"fields":{"worldedit_placeholder":"air"},"inventory":null},"(7,4,7)":{"fields":{"worldedit_placeholder":"air"},"inventory":null},"(7,4,8)":{"fields":{"worldedit_placeholder":"air"},"inventory":null},"(7,4,9)":{"fields":{"worldedit_placeholder":"air"},"inventory":null},"(7,5,10)":{"fields":{"worldedit_placeholder":"air"},"inventory":null},"(7,5,11)":{"fields":{"worldedit_placeholder":"air"},"inventory":null},"(7,5,12)":{"fields":{"worldedit_placeholder":"air"},"inventory":null},"(7,5,13)":{"fields":{"worldedit_placeholder":"air"},"inventory":null},"(7,5,14)":{"fields":{"worldedit_placeholder":"air"},"inventory":null},"(7,5,15)":{"fields":{"worldedit_placeholder":"air"},"inventory":null},"(7,5,3)":{"fields":{"worldedit_placeholder":"air"},"inventory":null},"(7,5,4)":{"fields":{"worldedit_placeholder":"air"},"inventory":null},"(7,5,5)":{"fields":{"worldedit_placeholder":"air"},"inventory":null},"(7,5,6)":{"fields":{"worldedit_placeholder":"air"},"inventory":null},"(7,5,7)":{"fields":{"worldedit_placeholder":"air"},"inventory":null},"(7,5,8)":{"fields":{"worldedit_placeholder":"air"},"inventory":null},"(7,5,9)":{"fields":{"worldedit_placeholder":"air"},"inventory":null},"(7,6,10)":{"fields":{"worldedit_placeholder":"air"},"inventory":null},"(7,6,11)":{"fields":{"worldedit_placeholder":"air"},"inventory":null},"(7,6,12)":{"fields":{"worldedit_placeholder":"air"},"inventory":null},"(7,6,13)":{"fields":{"worldedit_placeholder":"air"},"inventory":null},"(7,6,14)":{"fields":{"worldedit_placeholder":"air"},"inventory":null},"(7,6,15)":{"fields":{"worldedit_placeholder":"air"},"inventory":null},"(7,6,3)":{"fields":{"worldedit_placeholder":"air"},"inventory":null},"(7,6,4)":{"fields":{"worldedit_placeholder":"air"},"inventory":null},"(7,6,5)":{"fields":{"worldedit_placeholder":"air"},"inventory":null},"(7,6,6)":{"fields":{"worldedit_placeholder":"air"},"inventory":null},"(7,6,7)":{"fields":{"worldedit_placeholder":"air"},"inventory":null},"(7,6,8)":{"fields":{"worldedit_placeholder":"air"},"inventory":null},"(7,6,9)":{"fields":{"worldedit_placeholder":"air"},"inventory":null},"(7,7,10)":{"fields":{"worldedit_placeholder":"air"},"inventory":null},"(7,7,11)":{"fields":{"worldedit_placeholder":"air"},"inventory":null},"(7,7,12)":{"fields":{"worldedit_placeholder":"air"},"inventory":null},"(7,7,13)":{"fields":{"worldedit_placeholder":"air"},"inventory":null},"(7,7,14)":{"fields":{"worldedit_placeholder":"air"},"inventory":null},"(7,7,15)":{"fields":{"worldedit_placeholder":"air"},"inventory":null},"(7,7,3)":{"fields":{"worldedit_placeholder":"air"},"inventory":null},"(7,7,4)":{"fields":{"worldedit_placeholder":"air"},"inventory":null},"(7,7,5)":{"fields":{"worldedit_placeholder":"air"},"inventory":null},"(7,7,6)":{"fields":{"worldedit_placeholder":"air"},"inventory":null},"(7,7,7)":{"fields":{"worldedit_placeholder":"air"},"inventory":null},"(7,7,8)":{"fields":{"worldedit_placeholder":"air"},"inventory":null},"(7,7,9)":{"fields":{"worldedit_placeholder":"air"},"inventory":null}}},"node_mapping":{"air":126.0,"hightech:dark":397.0,"hightech:dark_stripe_bottom_autoconnect_0000":412.0,"stairs:stair_inner_glass":315.0}}