{"metadata":{"meta":{"(11,0,0)":{"fields":{"worldedit_placeholder":"air"},"inventory":null},"(11,0,1)":{"fields":{"worldedit_placeholder":"air"},"inventory":null},"(11,0,10)":{"fields":{"worldedit_placeholder":"air"},"inventory":null},"(11,0,11)":{"fields":{"worldedit_placeholder":"air"},"inventory":null},"(11,0,12)":{"fields":{"worldedit_placeholder":"air"},"inventory":null},"(11,0,13)":{"fields":{"worldedit_placeholder":"air"},"inventory":null},"(11,0,14)":{"fields":{"worldedit_placeholder":"air"},"inventory":null},"(11,0,15)":{"fields":{"worldedit_placeholder":"air"},"inventory":null},"(11,0,2)":{"fields":{"worldedit_placeholder":"air"},"inventory":null},"(11,0,3)":{"fields":{"worldedit_placeholder":"air"},"inventory":null},"(11,0,4)":{"fields":{"worldedit_placeholder":"air"},"inventory":null},"(11,0,5)":{"fields":{"worldedit_placeholder":"air"},"inventory":null},"(11,0,6)":{"fields":{"worldedit_placeholder":"air"},"inventory":null},"(11,0,7)":{"fields":{"worldedit_placeholder":"air"},"inventory":null},"(11,0,8)":{"fields":{"worldedit_placeholder":"air"},"inventory":null},"(11,0,9)":{"fields":{"worldedit_placeholder":"air"},"inventory":null},"(11,1,0)":{"fields":{"worldedit_placeholder":"air"},"inventory":null},"(11,1,1)":{"fields":{"worldedit_placeholder":"air"},"inventory":null},"(11,1,10)":{"fields":{"worldedit_placeholder":"air"},"inventory":null},"(11,1,11)":{"fields":{"worldedit_placeholder":"air"},"inventory":null},"(11,1,12)":{"fields":{"worldedit_placeholder":"air"},"inventory":null},"(11,1,13)":{"fields":{"worldedit_placeholder":"air"},"inventory":null},"(11,1,14)":{"fields":{"worldedit_placeholder":"air"},"inventory":null},"(11,1,15)":{"fields":{"worldedit_placeholder":"air"},"inventory":null},"(11,1,2)":{"fields":{"worldedit_placeholder":"air"},"inventory":null},"(11,1,3)":{"fields":{"worldedit_placeholder":"air"},"inventory":null},"(11,1,4)":{"fields":{"worldedit_placeholder":"air"},"inventory":null},"(11,1,5)":{"fields":{"worldedit_placeholder":"air"},"inventory":null},"(11,1,6)":{"fields":{"worldedit_placeholder":"air"},"inventory":null},"(11,1,7)":{"fields":{"worldedit_placeholder":"air"},"inventory":null},"(11,1,8)":{"fields":{"worldedit_placeholder":"air"},"inventory":null},"(11,1,9)":{"fields":{"worldedit_placeholder":"air"},"inventory":null},"(11,10,0)":{"fields":{"worldedit_placeholder":"air"},"inventory":null},"(11,10,1)":{"fields":{"worldedit_placeholder":"air"},"inventory":null},"(11,10,10)":{"fields":{"worldedit_placeholder":"air"},"inventory":null},"(11,10,11)":{"fields":{"worldedit_placeholder":"air"},"inventory":null},"(11,10,12)":{"fields":{"worldedit_placeholder":"air"},"inventory":null},"(11,10,13)":{"fields":{"worldedit_placeholder":"air"},"inventory":null},"(11,10,14)":{"fields":{"worldedit_placeholder":"air"},"inventory":null},"(11,10,15)":{"fields":{"worldedit_placeholder":"air"},"inventory":null},"(11,10,2)":{"fields":{"worldedit_placeholder":"air"},"inventory":null},"(11,10,3)":{"fields":{"worldedit_placeholder":"air"},"inventory":null},"(11,10,4)":{"fields":{"worldedit_placeholder":"air"},"inventory":null},"(11,10,5)":{"fields":{"worldedit_placeholder":"air"},"inventory":null},"(11,10,6)":{"fields":{"worldedit_placeholder":"air"},"inventory":null},"(11,10,7)":{"fields":{"worldedit_placeholder":"air"},"inventory":null},"(11,10,8)":{"fields":{"worldedit_placeholder":"air"},"inventory":null},"(11,10,9)":{"fields":{"worldedit_placeholder":"air"},"inventory":null},"(11,11,0)":{"fields":{"worldedit_placeholder":"air"},"inventory":null},"(11,11,1)":{"fields":{"worldedit_placeholder":"air"},"inventory":null},"(11,11,10)":{"fields":{"worldedit_placeholder":"air"},"inventory":null},"(11,11,11)":{"fields":{"worldedit_placeholder":"air"},"inventory":null},"(11,11,12)":{"fields":{"worldedit_placeholder":"air"},"inventory":null},"(11,11,13)":{"fields":{"worldedit_placeholder":"air"},"inventory":null},"(11,11,14)":{"fields":{"worldedit_placeholder":"air"},"inventory":null},"(11,11,15)":{"fields":{"worldedit_placeholder":"air"},"inventory":null},"(11,11,2)":{"fields":{"worldedit_placeholder":"air"},"inventory":null},"(11,11,3)":{"fields":{"worldedit_placeholder":"air"},"inventory":null},"(11,11,4)":{"fields":{"worldedit_placeholder":"air"},"inventory":null},"(11,11,5)":{"fields":{"worldedit_placeholder":"air"},"inventory":null},"(11,11,6)":{"fields":{"worldedit_placeholder":"air"},"inventory":null},"(11,11,7)":{"fields":{"worldedit_placeholder":"air"},"inventory":null},"(11,11,8)":{"fields":{"worldedit_placeholder":"air"},"inventory":null},"(11,11,9)":{"fields":{"worldedit_placeholder":"air"},"inventory":null},"(11,12,0)":{"fields":{"worldedit_placeholder":"air"},"inventory":null},"(11,12,1)":{"fields":{"worldedit_placeholder":"air"},"inventory":null},"(11,12,10)":{"fields":{"worldedit_placeholder":"air"},"inventory":null},"(11,12,11)":{"fields":{"worldedit_placeholder":"air"},"inventory":null},"(11,12,12)":{"fields":{"worldedit_placeholder":"air"},"inventory":null},"(11,12,13)":{"fields":{"worldedit_placeholder":"air"},"inventory":null},"(11,12,14)":{"fields":{"worldedit_placeholder":"air"},"inventory":null},"(11,12,15)":{"fields":{"worldedit_placeholder":"air"},"inventory":null},"(11,12,2)":{"fields":{"worldedit_placeholder":"air"},"inventory":null},"(11,12,3)":{"fields":{"worldedit_placeholder":"air"},"inventory":null},"(11,12,4)":{"fields":{"worldedit_placeholder":"air"},"inventory":null},"(11,12,5)":{"fields":{"worldedit_placeholder":"air"},"inventory":null},"(11,12,6)":{"fields":{"worldedit_placeholder":"air"},"inventory":null},"(11,12,7)":{"fields":{"worldedit_placeholder":"air"},"inventory":null},"(11,12,8)":{"fields":{"worldedit_placeholder":"air"},"inventory":null},"(11,12,9)":{"fields":{"worldedit_placeholder":"air"},"inventory":null},"(11,13,0)":{"fields":{"worldedit_placeholder":"air"},"inventory":null},"(11,13,1)":{"fields":{"worldedit_placeholder":"air"},"inventory":null},"(11,13,10)":{"fields":{"worldedit_placeholder":"air"},"inventory":null},"(11,13,11)":{"fields":{"worldedit_placeholder":"air"},"inventory":null},"(11,13,12)":{"fields":{"worldedit_placeholder":"air"},"inventory":null},"(11,13,13)":{"fields":{"worldedit_placeholder":"air"},"inventory":null},"(11,13,14)":{"fields":{"worldedit_placeholder":"air"},"inventory":null},"(11,13,15)":{"fields":{"worldedit_placeholder":"air"},"inventory":null},"(11,13,2)":{"fields":{"worldedit_placeholder":"air"},"inventory":null},"(11,13,3)":{"fields":{"worldedit_placeholder":"air"},"inventory":null},"(11,13,4)":{"fields":{"worldedit_placeholder":"air"},"inventory":null},"(11,13,5)":{"fields":{"worldedit_placeholder":"air"},"inventory":null},"(11,13,6)":{"fields":{"worldedit_placeholder":"air"},"inventory":null},"(11,13,7)":{"fields":{"worldedit_placeholder":"air"},"inventory":null},"(11,13,8)":{"fields":{"worldedit_placeholder":"air"},"inventory":null},"(11,13,9)":{"fields":{"worldedit_placeholder":"air"},"inventory":null},"(11,14,0)":{"fields":{"worldedit_placeholder":"air"},"inventory":null},"(11,14,1)":{"fields":{"worldedit_placeholder":"air"},"inventory":null},"(11,14,10)":{"fields":{"worldedit_placeholder":"air"},"inventory":null},"(11,14,11)":{"fields":{"worldedit_placeholder":"air"},"inventory":null},"(11,14,12)":{"fields":{"worldedit_placeholder":"air"},"inventory":null},"(11,14,13)":{"fields":{"worldedit_placeholder":"air"},"inventory":null},"(11,14,14)":{"fields":{"worldedit_placeholder":"air"},"inventory":null},"(11,14,15)":{"fields":{"worldedit_placeholder":"air"},"inventory":null},"(11,14,2)":{"fields":{"worldedit_placeholder":"air"},"inventory":null},"(11,14,3)":{"fields":{"worldedit_placeholder":"air"},"inventory":null},"(11,14,4)":{"fields":{"worldedit_placeholder":"air"},"inventory":null},"(11,14,5)":{"fields":{"worldedit_placeholder":"air"},"inventory":null},"(11,14,6)":{"fields":{"worldedit_placeholder":"air"},"inventory":null},"(11,14,7)":{"fields":{"worldedit_placeholder":"air"},"inventory":null},"(11,14,8)":{"fields":{"worldedit_placeholder":"air"},"inventory":null},"(11,14,9)":{"fields":{"worldedit_placeholder":"air"},"inventory":null},"(11,15,0)":{"fields":{"worldedit_placeholder":"air"},"inventory":null},"(11,15,1)":{"fields":{"worldedit_placeholder":"air"},"inventory":null},"(11,15,10)":{"fields":{"worldedit_placeholder":"air"},"inventory":null},"(11,15,11)":{"fields":{"worldedit_placeholder":"air"},"inventory":null},"(11,15,12)":{"fields":{"worldedit_placeholder":"air"},"inventory":null},"(11,15,13)":{"fields":{"worldedit_placeholder":"air"},"inventory":null},"(11,15,14)":{"fields":{"worldedit_placeholder":"air"},"inventory":null},"(11,15,15)":{"fields":{"worldedit_placeholder":"air"},"inventory":null},"(11,15,2)":{"fields":{"worldedit_placeholder":"air"},"inventory":null},"(11,15,3)":{"fields":{"worldedit_placeholder":"air"},"inventory":null},"(11,15,4)":{"fields":{"worldedit_placeholder":"air"},"inventory":null},"(11,15,5)":{"fields":{"worldedit_placeholder":"air"},"inventory":null},"(11,15,6)":{"fields":{"worldedit_placeholder":"air"},"inventory":null},"(11,15,7)":{"fields":{"worldedit_placeholder":"air"},"inventory":null},"(11,15,8)":{"fields":{"worldedit_placeholder":"air"},"inventory":null},"(11,15,9)":{"fields":{"worldedit_placeholder":"air"},"inventory":null},"(11,2,0)":{"fields":{"worldedit_placeholder":"air"},"inventory":null},"(11,2,1)":{"fields":{"worldedit_placeholder":"air"},"inventory":null},"(11,2,10)":{"fields":{"worldedit_placeholder":"air"},"inventory":null},"(11,2,11)":{"fields":{"worldedit_placeholder":"air"},"inventory":null},"(11,2,12)":{"fields":{"worldedit_placeholder":"air"},"inventory":null},"(11,2,13)":{"fields":{"worldedit_placeholder":"air"},"inventory":null},"(11,2,14)":{"fields":{"worldedit_placeholder":"air"},"inventory":null},"(11,2,15)":{"fields":{"worldedit_placeholder":"air"},"inventory":null},"(11,2,2)":{"fields":{"worldedit_placeholder":"air"},"inventory":null},"(11,2,3)":{"fields":{"worldedit_placeholder":"air"},"inventory":null},"(11,2,4)":{"fields":{"worldedit_placeholder":"air"},"inventory":null},"(11,2,5)":{"fields":{"worldedit_placeholder":"air"},"inventory":null},"(11,2,6)":{"fields":{"worldedit_placeholder":"air"},"inventory":null},"(11,2,7)":{"fields":{"worldedit_placeholder":"air"},"inventory":null},"(11,2,8)":{"fields":{"worldedit_placeholder":"air"},"inventory":null},"(11,2,9)":{"fields":{"worldedit_placeholder":"air"},"inventory":null},"(11,3,0)":{"fields":{"worldedit_placeholder":"air"},"inventory":null},"(11,3,1)":{"fields":{"worldedit_placeholder":"air"},"inventory":null},"(11,3,10)":{"fields":{"worldedit_placeholder":"air"},"inventory":null},"(11,3,11)":{"fields":{"worldedit_placeholder":"air"},"inventory":null},"(11,3,12)":{"fields":{"worldedit_placeholder":"air"},"inventory":null},"(11,3,13)":{"fields":{"worldedit_placeholder":"air"},"inventory":null},"(11,3,14)":{"fields":{"worldedit_placeholder":"air"},"inventory":null},"(11,3,15)":{"fields":{"worldedit_placeholder":"air"},"inventory":null},"(11,3,2)":{"fields":{"worldedit_placeholder":"air"},"inventory":null},"(11,3,3)":{"fields":{"worldedit_placeholder":"air"},"inventory":null},"(11,3,4)":{"fields":{"worldedit_placeholder":"air"},"inventory":null},"(11,3,5)":{"fields":{"worldedit_placeholder":"air"},"inventory":null},"(11,3,6)":{"fields":{"worldedit_placeholder":"air"},"inventory":null},"(11,3,7)":{"fields":{"worldedit_placeholder":"air"},"inventory":null},"(11,3,8)":{"fields":{"worldedit_placeholder":"air"},"inventory":null},"(11,3,9)":{"fields":{"worldedit_placeholder":"air"},"inventory":null},"(11,4,0)":{"fields":{"worldedit_placeholder":"air"},"inventory":null},"(11,4,1)":{"fields":{"worldedit_placeholder":"air"},"inventory":null},"(11,4,10)":{"fields":{"worldedit_placeholder":"air"},"inventory":null},"(11,4,11)":{"fields":{"worldedit_placeholder":"air"},"inventory":null},"(11,4,12)":{"fields":{"worldedit_placeholder":"air"},"inventory":null},"(11,4,13)":{"fields":{"worldedit_placeholder":"air"},"inventory":null},"(11,4,14)":{"fields":{"worldedit_placeholder":"air"},"inventory":null},"(11,4,15)":{"fields":{"worldedit_placeholder":"air"},"inventory":null},"(11,4,2)":{"fields":{"worldedit_placeholder":"air"},"inventory":null},"(11,4,3)":{"fields":{"worldedit_placeholder":"air"},"inventory":null},"(11,4,4)":{"fields":{"worldedit_placeholder":"air"},"inventory":null},"(11,4,5)":{"fields":{"worldedit_placeholder":"air"},"inventory":null},"(11,4,6)":{"fields":{"worldedit_placeholder":"air"},"inventory":null},"(11,4,7)":{"fields":{"worldedit_placeholder":"air"},"inventory":null},"(11,4,8)":{"fields":{"worldedit_placeholder":"air"},"inventory":null},"(11,4,9)":{"fields":{"worldedit_placeholder":"air"},"inventory":null},"(11,5,0)":{"fields":{"worldedit_placeholder":"air"},"inventory":null},"(11,5,1)":{"fields":{"worldedit_placeholder":"air"},"inventory":null},"(11,5,10)":{"fields":{"worldedit_placeholder":"air"},"inventory":null},"(11,5,11)":{"fields":{"worldedit_placeholder":"air"},"inventory":null},"(11,5,12)":{"fields":{"worldedit_placeholder":"air"},"inventory":null},"(11,5,13)":{"fields":{"worldedit_placeholder":"air"},"inventory":null},"(11,5,14)":{"fields":{"worldedit_placeholder":"air"},"inventory":null},"(11,5,15)":{"fields":{"worldedit_placeholder":"air"},"inventory":null},"(11,5,2)":{"fields":{"worldedit_placeholder":"air"},"inventory":null},"(11,5,3)":{"fields":{"worldedit_placeholder":"air"},"inventory":null},"(11,5,4)":{"fields":{"worldedit_placeholder":"air"},"inventory":null},"(11,5,5)":{"fields":{"worldedit_placeholder":"air"},"inventory":null},"(11,5,6)":{"fields":{"worldedit_placeholder":"air"},"inventory":null},"(11,5,7)":{"fields":{"worldedit_placeholder":"air"},"inventory":null},"(11,5,8)":{"fields":{"worldedit_placeholder":"air"},"inventory":null},"(11,5,9)":{"fields":{"worldedit_placeholder":"air"},"inventory":null},"(11,6,0)":{"fields":{"worldedit_placeholder":"air"},"inventory":null},"(11,6,1)":{"fields":{"worldedit_placeholder":"air"},"inventory":null},"(11,6,10)":{"fields":{"worldedit_placeholder":"air"},"inventory":null},"(11,6,11)":{"fields":{"worldedit_placeholder":"air"},"inventory":null},"(11,6,12)":{"fields":{"worldedit_placeholder":"air"},"inventory":null},"(11,6,13)":{"fields":{"worldedit_placeholder":"air"},"inventory":null},"(11,6,14)":{"fields":{"worldedit_placeholder":"air"},"inventory":null},"(11,6,15)":{"fields":{"worldedit_placeholder":"air"},"inventory":null},"(11,6,2)":{"fields":{"worldedit_placeholder":"air"},"inventory":null},"(11,6,3)":{"fields":{"worldedit_placeholder":"air"},"inventory":null},"(11,6,4)":{"fields":{"worldedit_placeholder":"air"},"inventory":null},"(11,6,5)":{"fields":{"worldedit_placeholder":"air"},"inventory":null},"(11,6,6)":{"fields":{"worldedit_placeholder":"air"},"inventory":null},"(11,6,7)":{"fields":{"worldedit_placeholder":"air"},"inventory":null},"(11,6,8)":{"fields":{"worldedit_placeholder":"air"},"inventory":null},"(11,6,9)":{"fields":{"worldedit_placeholder":"air"},"inventory":null},"(11,7,0)":{"fields":{"worldedit_placeholder":"air"},"inventory":null},"(11,7,1)":{"fields":{"worldedit_placeholder":"air"},"inventory":null},"(11,7,10)":{"fields":{"worldedit_placeholder":"air"},"inventory":null},"(11,7,11)":{"fields":{"worldedit_placeholder":"air"},"inventory":null},"(11,7,12)":{"fields":{"worldedit_placeholder":"air"},"inventory":null},"(11,7,13)":{"fields":{"worldedit_placeholder":"air"},"inventory":null},"(11,7,14)":{"fields":{"worldedit_placeholder":"air"},"inventory":null},"(11,7,15)":{"fields":{"worldedit_placeholder":"air"},"inventory":null},"(11,7,2)":{"fields":{"worldedit_placeholder":"air"},"inventory":null},"(11,7,3)":{"fields":{"worldedit_placeholder":"air"},"inventory":null},"(11,7,4)":{"fields":{"worldedit_placeholder":"air"},"inventory":null},"(11,7,5)":{"fields":{"worldedit_placeholder":"air"},"inventory":null},"(11,7,6)":{"fields":{"worldedit_placeholder":"air"},"inventory":null},"(11,7,7)":{"fields":{"worldedit_placeholder":"air"},"inventory":null},"(11,7,8)":{"fields":{"worldedit_placeholder":"air"},"inventory":null},"(11,7,9)":{"fields":{"worldedit_placeholder":"air"},"inventory":null},"(15,0,10)":{"fields":{"worldedit_placeholder":"air"},"inventory":null},"(15,0,11)":{"fields":{"worldedit_placeholder":"air"},"inventory":null},"(15,0,12)":{"fields":{"worldedit_placeholder":"air"},"inventory":null},"(15,0,13)":{"fields":{"worldedit_placeholder":"air"},"inventory":null},"(15,0,14)":{"fields":{"worldedit_placeholder":"air"},"inventory":null},"(15,0,15)":{"fields":{"worldedit_placeholder":"air"},"inventory":null},"(15,0,3)":{"fields":{"worldedit_placeholder":"air"},"inventory":null},"(15,0,4)":{"fields":{"worldedit_placeholder":"air"},"inventory":null},"(15,0,5)":{"fields":{"worldedit_placeholder":"air"},"inventory":null},"(15,0,6)":{"fields":{"worldedit_placeholder":"air"},"inventory":null},"(15,0,7)":{"fields":{"worldedit_placeholder":"air"},"inventory":null},"(15,0,8)":{"fields":{"worldedit_placeholder":"air"},"inventory":null},"(15,0,9)":{"fields":{"worldedit_placeholder":"air"},"inventory":null},"(15,1,10)":{"fields":{"worldedit_placeholder":"air"},"inventory":null},"(15,1,11)":{"fields":{"worldedit_placeholder":"air"},"inventory":null},"(15,1,12)":{"fields":{"worldedit_placeholder":"air"},"inventory":null},"(15,1,13)":{"fields":{"worldedit_placeholder":"air"},"inventory":null},"(15,1,14)":{"fields":{"worldedit_placeholder":"air"},"inventory":null},"(15,1,15)":{"fields":{"worldedit_placeholder":"air"},"inventory":null},"(15,1,3)":{"fields":{"worldedit_placeholder":"air"},"inventory":null},"(15,1,4)":{"fields":{"worldedit_placeholder":"air"},"inventory":null},"(15,1,5)":{"fields":{"worldedit_placeholder":"air"},"inventory":null},"(15,1,6)":{"fields":{"worldedit_placeholder":"air"},"inventory":null},"(15,1,7)":{"fields":{"worldedit_placeholder":"air"},"inventory":null},"(15,1,8)":{"fields":{"worldedit_placeholder":"air"},"inventory":null},"(15,1,9)":{"fields":{"worldedit_placeholder":"air"},"inventory":null},"(15,10,10)":{"fields":{"worldedit_placeholder":"air"},"inventory":null},"(15,10,11)":{"fields":{"worldedit_placeholder":"air"},"inventory":null},"(15,10,12)":{"fields":{"worldedit_placeholder":"air"},"inventory":null},"(15,10,13)":{"fields":{"worldedit_placeholder":"air"},"inventory":null},"(15,10,14)":{"fields":{"worldedit_placeholder":"air"},"inventory":null},"(15,10,3)":{"fields":{"worldedit_placeholder":"air"},"inventory":null},"(15,10,4)":{"fields":{"worldedit_placeholder":"air"},"inventory":null},"(15,10,5)":{"fields":{"worldedit_placeholder":"air"},"inventory":null},"(15,10,6)":{"fields":{"worldedit_placeholder":"air"},"inventory":null},"(15,10,7)":{"fields":{"worldedit_placeholder":"air"},"inventory":null},"(15,10,8)":{"fields":{"worldedit_placeholder":"air"},"inventory":null},"(15,10,9)":{"fields":{"worldedit_placeholder":"air"},"inventory":null},"(15,11,10)":{"fields":{"worldedit_placeholder":"air"},"inventory":null},"(15,11,11)":{"fields":{"worldedit_placeholder":"air"},"inventory":null},"(15,11,12)":{"fields":{"worldedit_placeholder":"air"},"inventory":null},"(15,11,13)":{"fields":{"worldedit_placeholder":"air"},"inventory":null},"(15,11,14)":{"fields":{"worldedit_placeholder":"air"},"inventory":null},"(15,11,15)":{"fields":{"worldedit_placeholder":"air"},"inventory":null},"(15,11,3)":{"fields":{"worldedit_placeholder":"air"},"inventory":null},"(15,11,4)":{"fields":{"worldedit_placeholder":"air"},"inventory":null},"(15,11,5)":{"fields":{"worldedit_placeholder":"air"},"inventory":null},"(15,11,6)":{"fields":{"worldedit_placeholder":"air"},"inventory":null},"(15,11,7)":{"fields":{"worldedit_placeholder":"air"},"inventory":null},"(15,11,8)":{"fields":{"worldedit_placeholder":"air"},"inventory":null},"(15,11,9)":{"fields":{"worldedit_placeholder":"air"},"inventory":null},"(15,12,10)":{"fields":{"worldedit_placeholder":"air"},"inventory":null},"(15,12,11)":{"fields":{"worldedit_placeholder":"air"},"inventory":null},"(15,12,12)":{"fields":{"worldedit_placeholder":"air"},"inventory":null},"(15,12,13)":{"fields":{"worldedit_placeholder":"air"},"inventory":null},"(15,12,14)":{"fields":{"worldedit_placeholder":"air"},"inventory":null},"(15,12,15)":{"fields":{"worldedit_placeholder":"air"},"inventory":null},"(15,12,3)":{"fields":{"worldedit_placeholder":"air"},"inventory":null},"(15,12,4)":{"fields":{"worldedit_placeholder":"air"},"inventory":null},"(15,12,5)":{"fields":{"worldedit_placeholder":"air"},"inventory":null},"(15,12,6)":{"fields":{"worldedit_placeholder":"air"},"inventory":null},"(15,12,7)":{"fields":{"worldedit_placeholder":"air"},"inventory":null},"(15,12,8)":{"fields":{"worldedit_placeholder":"air"},"inventory":null},"(15,12,9)":{"fields":{"worldedit_placeholder":"air"},"inventory":null},"(15,13,10)":{"fields":{"worldedit_placeholder":"air"},"inventory":null},"(15,13,11)":{"fields":{"worldedit_placeholder":"air"},"inventory":null},"(15,13,12)":{"fields":{"worldedit_placeholder":"air"},"inventory":null},"(15,13,13)":{"fields":{"worldedit_placeholder":"air"},"inventory":null},"(15,13,14)":{"fields":{"worldedit_placeholder":"air"},"inventory":null},"(15,13,15)":{"fields":{"worldedit_placeholder":"air"},"inventory":null},"(15,13,3)":{"fields":{"worldedit_placeholder":"air"},"inventory":null},"(15,13,4)":{"fields":{"worldedit_placeholder":"air"},"inventory":null},"(15,13,5)":{"fields":{"worldedit_placeholder":"air"},"inventory":null},"(15,13,6)":{"fields":{"worldedit_placeholder":"air"},"inventory":null},"(15,13,7)":{"fields":{"worldedit_placeholder":"air"},"inventory":null},"(15,13,8)":{"fields":{"worldedit_placeholder":"air"},"inventory":null},"(15,13,9)":{"fields":{"worldedit_placeholder":"air"},"inventory":null},"(15,14,10)":{"fields":{"worldedit_placeholder":"air"},"inventory":null},"(15,14,11)":{"fields":{"worldedit_placeholder":"air"},"inventory":null},"(15,14,12)":{"fields":{"worldedit_placeholder":"air"},"inventory":null},"(15,14,13)":{"fields":{"worldedit_placeholder":"air"},"inventory":null},"(15,14,14)":{"fields":{"worldedit_placeholder":"air"},"inventory":null},"(15,14,15)":{"fields":{"worldedit_placeholder":"air"},"inventory":null},"(15,14,3)":{"fields":{"worldedit_placeholder":"air"},"inventory":null},"(15,14,4)":{"fields":{"worldedit_placeholder":"air"},"inventory":null},"(15,14,5)":{"fields":{"worldedit_placeholder":"air"},"inventory":null},"(15,14,6)":{"fields":{"worldedit_placeholder":"air"},"inventory":null},"(15,14,7)":{"fields":{"worldedit_placeholder":"air"},"inventory":null},"(15,14,8)":{"fields":{"worldedit_placeholder":"air"},"inventory":null},"(15,14,9)":{"fields":{"worldedit_placeholder":"air"},"inventory":null},"(15,15,10)":{"fields":{"worldedit_placeholder":"air"},"inventory":null},"(15,15,11)":{"fields":{"worldedit_placeholder":"air"},"inventory":null},"(15,15,12)":{"fields":{"worldedit_placeholder":"air"},"inventory":null},"(15,15,13)":{"fields":{"worldedit_placeholder":"air"},"inventory":null},"(15,15,14)":{"fields":{"worldedit_placeholder":"air"},"inventory":null},"(15,15,15)":{"fields":{"worldedit_placeholder":"air"},"inventory":null},"(15,15,3)":{"fields":{"worldedit_placeholder":"air"},"inventory":null},"(15,15,4)":{"fields":{"worldedit_placeholder":"air"},"inventory":null},"(15,15,5)":{"fields":{"worldedit_placeholder":"air"},"inventory":null},"(15,15,6)":{"fields":{"worldedit_placeholder":"air"},"inventory":null},"(15,15,7)":{"fields":{"worldedit_placeholder":"air"},"inventory":null},"(15,15,8)":{"fields":{"worldedit_placeholder":"air"},"inventory":null},"(15,15,9)":{"fields":{"worldedit_placeholder":"air"},"inventory":null},"(15,2,10)":{"fields":{"worldedit_placeholder":"air"},"inventory":null},"(15,2,11)":{"fields":{"worldedit_placeholder":"air"},"inventory":null},"(15,2,12)":{"fields":{"worldedit_placeholder":"air"},"inventory":null},"(15,2,13)":{"fields":{"worldedit_placeholder":"air"},"inventory":null},"(15,2,14)":{"fields":{"worldedit_placeholder":"air"},"inventory":null},"(15,2,15)":{"fields":{"worldedit_placeholder":"air"},"inventory":null},"(15,2,3)":{"fields":{"worldedit_placeholder":"air"},"inventory":null},"(15,2,4)":{"fields":{"worldedit_placeholder":"air"},"inventory":null},"(15,2,5)":{"fields":{"worldedit_placeholder":"air"},"inventory":null},"(15,2,6)":{"fields":{"worldedit_placeholder":"air"},"inventory":null},"(15,2,7)":{"fields":{"worldedit_placeholder":"air"},"inventory":null},"(15,2,8)":{"fields":{"worldedit_placeholder":"air"},"inventory":null},"(15,2,9)":{"fields":{"worldedit_placeholder":"air"},"inventory":null},"(15,3,10)":{"fields":{"worldedit_placeholder":"air"},"inventory":null},"(15,3,11)":{"fields":{"worldedit_placeholder":"air"},"inventory":null},"(15,3,12)":{"fields":{"worldedit_placeholder":"air"},"inventory":null},"(15,3,13)":{"fields":{"worldedit_placeholder":"air"},"inventory":null},"(15,3,14)":{"fields":{"worldedit_placeholder":"air"},"inventory":null},"(15,3,15)":{"fields":{"worldedit_placeholder":"air"},"inventory":null},"(15,3,3)":{"fields":{"worldedit_placeholder":"air"},"inventory":null},"(15,3,4)":{"fields":{"worldedit_placeholder":"air"},"inventory":null},"(15,3,5)":{"fields":{"worldedit_placeholder":"air"},"inventory":null},"(15,3,6)":{"fields":{"worldedit_placeholder":"air"},"inventory":null},"(15,3,7)":{"fields":{"worldedit_placeholder":"air"},"inventory":null},"(15,3,8)":{"fields":{"worldedit_placeholder":"air"},"inventory":null},"(15,3,9)":{"fields":{"worldedit_placeholder":"air"},"inventory":null},"(15,4,10)":{"fields":{"worldedit_placeholder":"air"},"inventory":null},"(15,4,11)":{"fields":{"worldedit_placeholder":"air"},"inventory":null},"(15,4,12)":{"fields":{"worldedit_placeholder":"air"},"inventory":null},"(15,4,13)":{"fields":{"worldedit_placeholder":"air"},"inventory":null},"(15,4,14)":{"fields":{"worldedit_placeholder":"air"},"inventory":null},"(15,4,15)":{"fields":{"worldedit_placeholder":"air"},"inventory":null},"(15,4,3)":{"fields":{"worldedit_placeholder":"air"},"inventory":null},"(15,4,4)":{"fields":{"worldedit_placeholder":"air"},"inventory":null},"(15,4,5)":{"fields":{"worldedit_placeholder":"air"},"inventory":null},"(15,4,6)":{"fields":{"worldedit_placeholder":"air"},"inventory":null},"(15,4,7)":{"fields":{"worldedit_placeholder":"air"},"inventory":null},"(15,4,8)":{"fields":{"worldedit_placeholder":"air"},"inventory":null},"(15,4,9)":{"fields":{"worldedit_placeholder":"air"},"inventory":null},"(15,5,10)":{"fields":{"worldedit_placeholder":"air"},"inventory":null},"(15,5,11)":{"fields":{"worldedit_placeholder":"air"},"inventory":null},"(15,5,12)":{"fields":{"worldedit_placeholder":"air"},"inventory":null},"(15,5,13)":{"fields":{"worldedit_placeholder":"air"},"inventory":null},"(15,5,14)":{"fields":{"worldedit_placeholder":"air"},"inventory":null},"(15,5,15)":{"fields":{"worldedit_placeholder":"air"},"inventory":null},"(15,5,3)":{"fields":{"worldedit_placeholder":"air"},"inventory":null},"(15,5,4)":{"fields":{"worldedit_placeholder":"air"},"inventory":null},"(15,5,5)":{"fields":{"worldedit_placeholder":"air"},"inventory":null},"(15,5,6)":{"fields":{"worldedit_placeholder":"air"},"inventory":null},"(15,5,7)":{"fields":{"worldedit_placeholder":"air"},"inventory":null},"(15,5,8)":{"fields":{"worldedit_placeholder":"air"},"inventory":null},"(15,5,9)":{"fields":{"worldedit_placeholder":"air"},"inventory":null},"(15,6,10)":{"fields":{"worldedit_placeholder":"air"},"inventory":null},"(15,6,11)":{"fields":{"worldedit_placeholder":"air"},"inventory":null},"(15,6,12)":{"fields":{"worldedit_placeholder":"air"},"inventory":null},"(15,6,13)":{"fields":{"worldedit_placeholder":"air"},"inventory":null},"(15,6,14)":{"fields":{"worldedit_placeholder":"air"},"inventory":null},"(15,6,15)":{"fields":{"worldedit_placeholder":"air"},"inventory":null},"(15,6,3)":{"fields":{"worldedit_placeholder":"air"},"inventory":null},"(15,6,4)":{"fields":{"worldedit_placeholder":"air"},"inventory":null},"(15,6,5)":{"fields":{"worldedit_placeholder":"air"},"inventory":null},"(15,6,6)":{"fields":{"worldedit_placeholder":"air"},"inventory":null},"(15,6,7)":{"fields":{"worldedit_placeholder":"air"},"inventory":null},"(15,6,8)":{"fields":{"worldedit_placeholder":"air"},"inventory":null},"(15,6,9)":{"fields":{"worldedit_placeholder":"air"},"inventory":null},"(15,7,10)":{"fields":{"worldedit_placeholder":"air"},"inventory":null},"(15,7,11)":{"fields":{"worldedit_placeholder":"air"},"inventory":null},"(15,7,12)":{"fields":{"worldedit_placeholder":"air"},"inventory":null},"(15,7,13)":{"fields":{"worldedit_placeholder":"air"},"inventory":null},"(15,7,14)":{"fields":{"worldedit_placeholder":"air"},"inventory":null},"(15,7,15)":{"fields":{"worldedit_placeholder":"air"},"inventory":null},"(15,7,3)":{"fields":{"worldedit_placeholder":"air"},"inventory":null},"(15,7,4)":{"fields":{"worldedit_placeholder":"air"},"inventory":null},"(15,7,5)":{"fields":{"worldedit_placeholder":"air"},"inventory":null},"(15,7,6)":{"fields":{"worldedit_placeholder":"air"},"inventory":null},"(15,7,7)":{"fields":{"worldedit_placeholder":"air"},"inventory":null},"(15,7,8)":{"fields":{"worldedit_placeholder":"air"},"inventory":null},"(15,7,9)":{"fields":{"worldedit_placeholder":"air"},"inventory":null},"(7,0,0)":{"fields":{"worldedit_placeholder":"air"},"inventory":null},"(7,0,1)":{"fields":{"worldedit_placeholder":"air"},"inventory":null},"(7,0,10)":{"fields":{"worldedit_placeholder":"air"},"inventory":null},"(7,0,11)":{"fields":{"worldedit_placeholder":"air"},"inventory":null},"(7,0,12)":{"fields":{"worldedit_placeholder":"air"},"inventory":null},"(7,0,13)":{"fields":{"worldedit_placeholder":"air"},"inventory":null},"(7,0,14)":{"fields":{"worldedit_placeholder":"air"},"inventory":null},"(7,0,15)":{"fields":{"worldedit_placeholder":"air"},"inventory":null},"(7,0,2)":{"fields":{"worldedit_placeholder":"air"},"inventory":null},"(7,0,3)":{"fields":{"worldedit_placeholder":"air"},"inventory":null},"(7,0,4)":{"fields":{"worldedit_placeholder":"air"},"inventory":null},"(7,0,5)":{"fields":{"worldedit_placeholder":"air"},"inventory":null},"(7,0,6)":{"fields":{"worldedit_placeholder":"air"},"inventory":null},"(7,0,7)":{"fields":{"worldedit_placeholder":"air"},"inventory":null},"(7,0,8)":{"fields":{"worldedit_placeholder":"air"},"inventory":null},"(7,0,9)":{"fields":{"worldedit_placeholder":"air"},"inventory":null},"(7,1,0)":{"fields":{"worldedit_placeholder":"air"},"inventory":null},"(7,1,1)":{"fields":{"worldedit_placeholder":"air"},"inventory":null},"(7,1,10)":{"fields":{"worldedit_placeholder":"air"},"inventory":null},"(7,1,11)":{"fields":{"worldedit_placeholder":"air"},"inventory":null},"(7,1,12)":{"fields":{"worldedit_placeholder":"air"},"inventory":null},"(7,1,13)":{"fields":{"worldedit_placeholder":"air"},"inventory":null},"(7,1,14)":{"fields":{"worldedit_placeholder":"air"},"inventory":null},"(7,1,15)":{"fields":{"worldedit_placeholder":"air"},"inventory":null},"(7,1,2)":{"fields":{"worldedit_placeholder":"air"},"inventory":null},"(7,1,3)":{"fields":{"worldedit_placeholder":"air"},"inventory":null},"(7,1,4)":{"fields":{"worldedit_placeholder":"air"},"inventory":null},"(7,1,5)":{"fields":{"worldedit_placeholder":"air"},"inventory":null},"(7,1,6)":{"fields":{"worldedit_placeholder":"air"},"inventory":null},"(7,1,7)":{"fields":{"worldedit_placeholder":"air"},"inventory":null},"(7,1,8)":{"fields":{"worldedit_placeholder":"air"},"inventory":null},"(7,1,9)":{"fields":{"worldedit_placeholder":"air"},"inventory":null},"(7,10,0)":{"fields":{"worldedit_placeholder":"air"},"inventory":null},"(7,10,1)":{"fields":{"worldedit_placeholder":"air"},"inventory":null},"(7,10,10)":{"fields":{"worldedit_placeholder":"air"},"inventory":null},"(7,10,11)":{"fields":{"worldedit_placeholder":"air"},"inventory":null},"(7,10,12)":{"fields":{"worldedit_placeholder":"air"},"inventory":null},"(7,10,13)":{"fields":{"worldedit_placeholder":"air"},"inventory":null},"(7,10,14)":{"fields":{"worldedit_placeholder":"air"},"inventory":null},"(7,10,15)":{"fields":{"worldedit_placeholder":"air"},"inventory":null},"(7,10,2)":{"fields":{"worldedit_placeholder":"air"},"inventory":null},"(7,10,3)":{"fields":{"worldedit_placeholder":"air"},"inventory":null},"(7,10,4)":{"fields":{"worldedit_placeholder":"air"},"inventory":null},"(7,10,5)":{"fields":{"worldedit_placeholder":"air"},"inventory":null},"(7,10,7)":{"fields":{"worldedit_placeholder":"air"},"inventory":null},"(7,10,8)":{"fields":{"worldedit_placeholder":"air"},"inventory":null},"(7,10,9)":{"fields":{"worldedit_placeholder":"air"},"inventory":null},"(7,11,0)":{"fields":{"worldedit_placeholder":"air"},"inventory":null},"(7,11,1)":{"fields":{"worldedit_placeholder":"air"},"inventory":null},"(7,11,10)":{"fields":{"worldedit_placeholder":"air"},"inventory":null},"(7,11,11)":{"fields":{"worldedit_placeholder":"air"},"inventory":null},"(7,11,12)":{"fields":{"worldedit_placeholder":"air"},"inventory":null},"(7,11,13)":{"fields":{"worldedit_placeholder":"air"},"inventory":null},"(7,11,14)":{"fields":{"worldedit_placeholder":"air"},"inventory":null},"(7,11,15)":{"fields":{"worldedit_placeholder":"air"},"inventory":null},"(7,11,2)":{"fields":{"worldedit_placeholder":"air"},"inventory":null},"(7,11,3)":{"fields":{"worldedit_placeholder":"air"},"inventory":null},"(7,11,4)":{"fields":{"worldedit_placeholder":"air"},"inventory":null},"(7,11,5)":{"fields":{"worldedit_placeholder":"air"},"inventory":null},"(7,11,6)":{"fields":{"worldedit_placeholder":"air"},"inventory":null},"(7,11,7)":{"fields":{"worldedit_placeholder":"air"},"inventory":null},"(7,11,8)":{"fields":{"worldedit_placeholder":"air"},"inventory":null},"(7,11,9)":{"fields":{"worldedit_placeholder":"air"},"inventory":null},"(7,12,0)":{"fields":{"worldedit_placeholder":"air"},"inventory":null},"(7,12,1)":{"fields":{"worldedit_placeholder":"air"},"inventory":null},"(7,12,10)":{"fields":{"worldedit_placeholder":"air"},"inventory":null},"(7,12,11)":{"fields":{"worldedit_placeholder":"air"},"inventory":null},"(7,12,12)":{"fields":{"worldedit_placeholder":"air"},"inventory":null},"(7,12,13)":{"fields":{"worldedit_placeholder":"air"},"inventory":null},"(7,12,14)":{"fields":{"worldedit_placeholder":"air"},"inventory":null},"(7,12,15)":{"fields":{"worldedit_placeholder":"air"},"inventory":null},"(7,12,2)":{"fields":{"worldedit_placeholder":"air"},"inventory":null},"(7,12,3)":{"fields":{"worldedit_placeholder":"air"},"inventory":null},"(7,12,4)":{"fields":{"worldedit_placeholder":"air"},"inventory":null},"(7,12,5)":{"fields":{"worldedit_placeholder":"air"},"inventory":null},"(7,12,6)":{"fields":{"worldedit_placeholder":"air"},"inventory":null},"(7,12,7)":{"fields":{"worldedit_placeholder":"air"},"inventory":null},"(7,12,8)":{"fields":{"worldedit_placeholder":"air"},"inventory":null},"(7,12,9)":{"fields":{"worldedit_placeholder":"air"},"inventory":null},"(7,13,0)":{"fields":{"worldedit_placeholder":"air"},"inventory":null},"(7,13,1)":{"fields":{"worldedit_placeholder":"air"},"inventory":null},"(7,13,10)":{"fields":{"worldedit_placeholder":"air"},"inventory":null},"(7,13,11)":{"fields":{"worldedit_placeholder":"air"},"inventory":null},"(7,13,12)":{"fields":{"worldedit_placeholder":"air"},"inventory":null},"(7,13,13)":{"fields":{"worldedit_placeholder":"air"},"inventory":null},"(7,13,14)":{"fields":{"worldedit_placeholder":"air"},"inventory":null},"(7,13,15)":{"fields":{"worldedit_placeholder":"air"},"inventory":null},"(7,13,2)":{"fields":{"worldedit_placeholder":"air"},"inventory":null},"(7,13,3)":{"fields":{"worldedit_placeholder":"air"},"inventory":null},"(7,13,4)":{"fields":{"worldedit_placeholder":"air"},"inventory":null},"(7,13,5)":{"fields":{"worldedit_placeholder":"air"},"inventory":null},"(7,13,6)":{"fields":{"worldedit_placeholder":"air"},"inventory":null},"(7,13,7)":{"fields":{"worldedit_placeholder":"air"},"inventory":null},"(7,13,8)":{"fields":{"worldedit_placeholder":"air"},"inventory":null},"(7,13,9)":{"fields":{"worldedit_placeholder":"air"},"inventory":null},"(7,14,0)":{"fields":{"worldedit_placeholder":"air"},"inventory":null},"(7,14,1)":{"fields":{"worldedit_placeholder":"air"},"inventory":null},"(7,14,10)":{"fields":{"worldedit_placeholder":"air"},"inventory":null},"(7,14,11)":{"fields":{"worldedit_placeholder":"air"},"inventory":null},"(7,14,12)":{"fields":{"worldedit_placeholder":"air"},"inventory":null},"(7,14,13)":{"fields":{"worldedit_placeholder":"air"},"inventory":null},"(7,14,14)":{"fields":{"worldedit_placeholder":"air"},"inventory":null},"(7,14,15)":{"fields":{"worldedit_placeholder":"air"},"inventory":null},"(7,14,2)":{"fields":{"worldedit_placeholder":"air"},"inventory":null},"(7,14,3)":{"fields":{"worldedit_placeholder":"air"},"inventory":null},"(7,14,4)":{"fields":{"worldedit_placeholder":"air"},"inventory":null},"(7,14,5)":{"fields":{"worldedit_placeholder":"air"},"inventory":null},"(7,14,6)":{"fields":{"worldedit_placeholder":"air"},"inventory":null},"(7,14,7)":{"fields":{"worldedit_placeholder":"air"},"inventory":null},"(7,14,8)":{"fields":{"worldedit_placeholder":"air"},"inventory":null},"(7,14,9)":{"fields":{"worldedit_placeholder":"air"},"inventory":null},"(7,15,0)":{"fields":{"worldedit_placeholder":"air"},"inventory":null},"(7,15,1)":{"fields":{"worldedit_placeholder":"air"},"inventory":null},"(7,15,10)":{"fields":{"worldedit_placeholder":"air"},"inventory":null},"(7,15,11)":{"fields":{"worldedit_placeholder":"air"},"inventory":null},"(7,15,12)":{"fields":{"worldedit_placeholder":"air"},"inventory":null},"(7,15,13)":{"fields":{"worldedit_placeholder":"air"},"inventory":null},"(7,15,14)":{"fields":{"worldedit_placeholder":"air"},"inventory":null},"(7,15,15)":{"fields":{"worldedit_placeholder":"air"},"inventory":null},"(7,15,2)":{"fields":{"worldedit_placeholder":"air"},"inventory":null},"(7,15,3)":{"fields":{"worldedit_placeholder":"air"},"inventory":null},"(7,15,4)":{"fields":{"worldedit_placeholder":"air"},"inventory":null},"(7,15,5)":{"fields":{"worldedit_placeholder":"air"},"inventory":null},"(7,15,6)":{"fields":{"worldedit_placeholder":"air"},"inventory":null},"(7,15,7)":{"fields":{"worldedit_placeholder":"air"},"inventory":null},"(7,15,8)":{"fields":{"worldedit_placeholder":"air"},"inventory":null},"(7,15,9)":{"fields":{"worldedit_placeholder":"air"},"inventory":null},"(7,2,0)":{"fields":{"worldedit_placeholder":"air"},"inventory":null},"(7,2,1)":{"fields":{"worldedit_placeholder":"air"},"inventory":null},"(7,2,10)":{"fields":{"worldedit_placeholder":"air"},"inventory":null},"(7,2,11)":{"fields":{"worldedit_placeholder":"air"},"inventory":null},"(7,2,12)":{"fields":{"worldedit_placeholder":"air"},"inventory":null},"(7,2,13)":{"fields":{"worldedit_placeholder":"air"},"inventory":null},"(7,2,14)":{"fields":{"worldedit_placeholder":"air"},"inventory":null},"(7,2,15)":{"fields":{"worldedit_placeholder":"air"},"inventory":null},"(7,2,2)":{"fields":{"worldedit_placeholder":"air"},"inventory":null},"(7,2,3)":{"fields":{"worldedit_placeholder":"air"},"inventory":null},"(7,2,4)":{"fields":{"worldedit_placeholder":"air"},"inventory":null},"(7,2,5)":{"fields":{"worldedit_placeholder":"air"},"inventory":null},"(7,2,6)":{"fields":{"worldedit_placeholder":"air"},"inventory":null},"(7,2,7)":{"fields":{"worldedit_placeholder":"air"},"inventory":null},"(7,2,8)":{"fields":{"worldedit_placeholder":"air"},"inventory":null},"(7,2,9)":{"fields":{"worldedit_placeholder":"air"},"inventory":null},"(7,3,0)":{"fields":{"worldedit_placeholder":"air"},"inventory":null},"(7,3,1)":{"fields":{"worldedit_placeholder":"air"},"inventory":null},"(7,3,10)":{"fields":{"worldedit_placeholder":"air"},"inventory":null},"(7,3,11)":{"fields":{"worldedit_placeholder":"air"},"inventory":null},"(7,3,12)":{"fields":{"worldedit_placeholder":"air"},"inventory":null},"(7,3,13)":{"fields":{"worldedit_placeholder":"air"},"inventory":null},"(7,3,14)":{"fields":{"worldedit_placeholder":"air"},"inventory":null},"(7,3,15)":{"fields":{"worldedit_placeholder":"air"},"inventory":null},"(7,3,2)":{"fields":{"worldedit_placeholder":"air"},"inventory":null},"(7,3,3)":{"fields":{"worldedit_placeholder":"air"},"inventory":null},"(7,3,4)":{"fields":{"worldedit_placeholder":"air"},"inventory":null},"(7,3,5)":{"fields":{"worldedit_placeholder":"air"},"inventory":null},"(7,3,6)":{"fields":{"worldedit_placeholder":"air"},"inventory":null},"(7,3,7)":{"fields":{"worldedit_placeholder":"air"},"inventory":null},"(7,3,8)":{"fields":{"worldedit_placeholder":"air"},"inventory":null},"(7,3,9)":{"fields":{"worldedit_placeholder":"air"},"inventory":null},"(7,4,0)":{"fields":{"worldedit_placeholder":"air"},"inventory":null},"(7,4,1)":{"fields":{"worldedit_placeholder":"air"},"inventory":null},"(7,4,10)":{"fields":{"worldedit_placeholder":"air"},"inventory":null},"(7,4,11)":{"fields":{"worldedit_placeholder":"air"},"inventory":null},"(7,4,12)":{"fields":{"worldedit_placeholder":"air"},"inventory":null},"(7,4,13)":{"fields":{"worldedit_placeholder":"air"},"inventory":null},"(7,4,14)":{"fields":{"worldedit_placeholder":"air"},"inventory":null},"(7,4,15)":{"fields":{"worldedit_placeholder":"air"},"inventory":null},"(7,4,2)":{"fields":{"worldedit_placeholder":"air"},"inventory":null},"(7,4,3)":{"fields":{"worldedit_placeholder":"air"},"inventory":null},"(7,4,4)":{"fields":{"worldedit_placeholder":"air"},"inventory":null},"(7,4,5)":{"fields":{"worldedit_placeholder":"air"},"inventory":null},"(7,4,6)":{"fields":{"worldedit_placeholder":"air"},"inventory":null},"(7,4,7)":{"fields":{"worldedit_placeholder":"air"},"inventory":null},"(7,4,8)":{"fields":{"worldedit_placeholder":"air"},"inventory":null},"(7,4,9)":{"fields":{"worldedit_placeholder":"air"},"inventory":null},"(7,5,0)":{"fields":{"worldedit_placeholder":"air"},"inventory":null},"(7,5,1)":{"fields":{"worldedit_placeholder":"air"},"inventory":null},"(7,5,10)":{"fields":{"worldedit_placeholder":"air"},"inventory":null},"(7,5,11)":{"fields":{"worldedit_placeholder":"air"},"inventory":null},"(7,5,12)":{"fields":{"worldedit_placeholder":"air"},"inventory":null},"(7,5,13)":{"fields":{"worldedit_placeholder":"air"},"inventory":null},"(7,5,14)":{"fields":{"worldedit_placeholder":"air"},"inventory":null},"(7,5,15)":{"fields":{"worldedit_placeholder":"air"},"inventory":null},"(7,5,2)":{"fields":{"worldedit_placeholder":"air"},"inventory":null},"(7,5,3)":{"fields":{"worldedit_placeholder":"air"},"inventory":null},"(7,5,4)":{"fields":{"worldedit_placeholder":"air"},"inventory":null},"(7,5,5)":{"fields":{"worldedit_placeholder":"air"},"inventory":null},"(7,5,6)":{"fields":{"worldedit_placeholder":"air"},"inventory":null},"(7,5,7)":{"fields":{"worldedit_placeholder":"air"},"inventory":null},"(7,5,8)":{"fields":{"worldedit_placeholder":"air"},"inventory":null},"(7,5,9)":{"fields":{"worldedit_placeholder":"air"},"inventory":null},"(7,6,0)":{"fields":{"worldedit_placeholder":"air"},"inventory":null},"(7,6,1)":{"fields":{"worldedit_placeholder":"air"},"inventory":null},"(7,6,10)":{"fields":{"worldedit_placeholder":"air"},"inventory":null},"(7,6,11)":{"fields":{"worldedit_placeholder":"air"},"inventory":null},"(7,6,12)":{"fields":{"worldedit_placeholder":"air"},"inventory":null},"(7,6,13)":{"fields":{"worldedit_placeholder":"air"},"inventory":null},"(7,6,14)":{"fields":{"worldedit_placeholder":"air"},"inventory":null},"(7,6,15)":{"fields":{"worldedit_placeholder":"air"},"inventory":null},"(7,6,2)":{"fields":{"worldedit_placeholder":"air"},"inventory":null},"(7,6,3)":{"fields":{"worldedit_placeholder":"air"},"inventory":null},"(7,6,4)":{"fields":{"worldedit_placeholder":"air"},"inventory":null},"(7,6,5)":{"fields":{"worldedit_placeholder":"air"},"inventory":null},"(7,6,6)":{"fields":{"worldedit_placeholder":"air"},"inventory":null},"(7,6,7)":{"fields":{"worldedit_placeholder":"air"},"inventory":null},"(7,6,8)":{"fields":{"worldedit_placeholder":"air"},"inventory":null},"(7,6,9)":{"fields":{"worldedit_placeholder":"air"},"inventory":null},"(7,7,0)":{"fields":{"worldedit_placeholder":"air"},"inventory":null},"(7,7,1)":{"fields":{"worldedit_placeholder":"air"},"inventory":null},"(7,7,10)":{"fields":{"worldedit_placeholder":"air"},"inventory":null},"(7,7,11)":{"fields":{"worldedit_placeholder":"air"},"inventory":null},"(7,7,12)":{"fields":{"worldedit_placeholder":"air"},"inventory":null},"(7,7,13)":{"fields":{"worldedit_placeholder":"air"},"inventory":null},"(7,7,14)":{"fields":{"worldedit_placeholder":"air"},"inventory":null},"(7,7,15)":{"fields":{"worldedit_placeholder":"air"},"inventory":null},"(7,7,2)":{"fields":{"worldedit_placeholder":"air"},"inventory":null},"(7,7,3)":{"fields":{"worldedit_placeholder":"air"},"inventory":null},"(7,7,4)":{"fields":{"worldedit_placeholder":"air"},"inventory":null},"(7,7,5)":{"fields":{"worldedit_placeholder":"air"},"inventory":null},"(7,7,6)":{"fields":{"worldedit_placeholder":"air"},"inventory":null},"(7,7,7)":{"fields":{"worldedit_placeholder":"air"},"inventory":null},"(7,7,8)":{"fields":{"worldedit_placeholder":"air"},"inventory":null},"(7,7,9)":{"fields":{"worldedit_placeholder":"air"},"inventory":null}}},"node_mapping":{"air":126.0,"hightech:dark":397.0,"hightech:dark_stripe_bottom_autoconnect_0000":412.0,"stairs:stair_inner_glass":315.0}}