{"metadata":{"meta":{"(0,15,11)":{"fields":{"worldedit_placeholder":"air"},"inventory":null},"(0,15,15)":{"fields":{"worldedit_placeholder":"air"},"inventory":null},"(0,15,7)":{"fields":{"worldedit_placeholder":"air"},"inventory":null},"(1,15,11)":{"fields":{"worldedit_placeholder":"air"},"inventory":null},"(1,15,15)":{"fields":{"worldedit_placeholder":"air"},"inventory":null},"(1,15,7)":{"fields":{"worldedit_placeholder":"air"},"inventory":null},"(10,15,15)":{"fields":{"worldedit_placeholder":"air"},"inventory":null},"(2,15,11)":{"fields":{"worldedit_placeholder":"air"},"inventory":null},"(2,15,15)":{"fields":{"worldedit_placeholder":"air"},"inventory":null},"(2,15,7)":{"fields":{"worldedit_placeholder":"air"},"inventory":null},"(3,15,11)":{"fields":{"worldedit_placeholder":"air"},"inventory":null},"(3,15,15)":{"fields":{"worldedit_placeholder":"air"},"inventory":null},"(3,15,7)":{"fields":{"worldedit_placeholder":"air"},"inventory":null},"(4,15,11)":{"fields":{"worldedit_placeholder":"air"},"inventory":null},"(4,15,15)":{"fields":{"worldedit_placeholder":"air"},"inventory":null},"(4,15,7)":{"fields":{"worldedit_placeholder":"air"},"inventory":null},"(5,15,11)":{"fields":{"worldedit_placeholder":"air"},"inventory":null},"(5,15,15)":{"fields":{"worldedit_placeholder":"air"},"inventory":null},"(5,15,7)":{"fields":{"worldedit_placeholder":"air"},"inventory":null},"(6,15,15)":{"fields":{"worldedit_placeholder":"air"},"inventory":null},"(6,15,7)":{"fields":{"worldedit_placeholder":"air"},"inventory":null},"(7,15,7)":{"fields":{"worldedit_placeholder":"air"},"inventory":null},"(9,15,15)":{"fields":{"worldedit_placeholder":"air"},"inventory":null},"(9,15,7)":{"fields":{"worldedit_placeholder":"air"},"inventory":null}}},"node_mapping":{"air":126.0,"default:sand":34.0,"hightech:dark":394.0,"hightech:dark_stripe_top_autoconnect_0011":414.0,"hightech:dark_stripe_top_autoconnect_0110":420.0,"hightech:dark_stripe_top_autoconnect_1100":432.0,"stairs:stair_inner_glass":312.0}}