{"metadata":{"meta":{"(10,0,3)":{"fields":{"worldedit_placeholder":"air"},"inventory":null},"(10,1,3)":{"fields":{"worldedit_placeholder":"air"},"inventory":null},"(10,1,7)":{"fields":{"worldedit_placeholder":"air"},"inventory":null},"(10,10,3)":{"fields":{"worldedit_placeholder":"air"},"inventory":null},"(10,10,7)":{"fields":{"state":"0"},"inventory":null},"(10,11,3)":{"fields":{"worldedit_placeholder":"air"},"inventory":null},"(10,12,3)":{"fields":{"worldedit_placeholder":"air"},"inventory":null},"(10,12,7)":{"fields":{"worldedit_placeholder":"air"},"inventory":null},"(10,13,3)":{"fields":{"worldedit_placeholder":"air"},"inventory":null},"(10,13,7)":{"fields":{"worldedit_placeholder":"air"},"inventory":null},"(10,14,3)":{"fields":{"worldedit_placeholder":"air"},"inventory":null},"(10,15,3)":{"fields":{"worldedit_placeholder":"air"},"inventory":null},"(10,15,7)":{"fields":{"worldedit_placeholder":"air"},"inventory":null},"(10,2,3)":{"fields":{"worldedit_placeholder":"air"},"inventory":null},"(10,2,7)":{"fields":{"worldedit_placeholder":"air"},"inventory":null},"(10,3,3)":{"fields":{"worldedit_placeholder":"air"},"inventory":null},"(10,3,7)":{"fields":{"worldedit_placeholder":"air"},"inventory":null},"(10,4,3)":{"fields":{"worldedit_placeholder":"air"},"inventory":null},"(10,4,7)":{"fields":{"worldedit_placeholder":"air"},"inventory":null},"(10,5,3)":{"fields":{"worldedit_placeholder":"air"},"inventory":null},"(10,5,7)":{"fields":{"worldedit_placeholder":"air"},"inventory":null},"(10,6,3)":{"fields":{"worldedit_placeholder":"air"},"inventory":null},"(10,6,7)":{"fields":{"worldedit_placeholder":"air"},"inventory":null},"(10,7,3)":{"fields":{"worldedit_placeholder":"air"},"inventory":null},"(10,7,7)":{"fields":{"worldedit_placeholder":"air"},"inventory":null},"(11,0,3)":{"fields":{"worldedit_placeholder":"air"},"inventory":null},"(11,0,7)":{"fields":{"worldedit_placeholder":"air"},"inventory":null},"(11,1,3)":{"fields":{"worldedit_placeholder":"air"},"inventory":null},"(11,1,7)":{"fields":{"worldedit_placeholder":"air"},"inventory":null},"(11,10,7)":{"fields":{"worldedit_placeholder":"air"},"inventory":null},"(11,11,3)":{"fields":{"worldedit_placeholder":"air"},"inventory":null},"(11,11,7)":{"fields":{"worldedit_placeholder":"air"},"inventory":null},"(11,12,3)":{"fields":{"worldedit_placeholder":"air"},"inventory":null},"(11,12,7)":{"fields":{"worldedit_placeholder":"air"},"inventory":null},"(11,13,3)":{"fields":{"worldedit_placeholder":"air"},"inventory":null},"(11,13,7)":{"fields":{"worldedit_placeholder":"air"},"inventory":null},"(11,14,3)":{"fields":{"worldedit_placeholder":"air"},"inventory":null},"(11,14,7)":{"fields":{"worldedit_placeholder":"air"},"inventory":null},"(11,15,3)":{"fields":{"worldedit_placeholder":"air"},"inventory":null},"(11,15,7)":{"fields":{"worldedit_placeholder":"air"},"inventory":null},"(11,2,3)":{"fields":{"worldedit_placeholder":"air"},"inventory":null},"(11,2,7)":{"fields":{"worldedit_placeholder":"air"},"inventory":null},"(11,3,3)":{"fields":{"worldedit_placeholder":"air"},"inventory":null},"(11,3,7)":{"fields":{"worldedit_placeholder":"air"},"inventory":null},"(11,4,3)":{"fields":{"worldedit_placeholder":"air"},"inventory":null},"(11,4,7)":{"fields":{"worldedit_placeholder":"air"},"inventory":null},"(11,5,3)":{"fields":{"worldedit_placeholder":"air"},"inventory":null},"(11,5,7)":{"fields":{"worldedit_placeholder":"air"},"inventory":null},"(11,6,3)":{"fields":{"worldedit_placeholder":"air"},"inventory":null},"(11,6,7)":{"fields":{"worldedit_placeholder":"air"},"inventory":null},"(11,7,3)":{"fields":{"worldedit_placeholder":"air"},"inventory":null},"(11,7,7)":{"fields":{"worldedit_placeholder":"air"},"inventory":null},"(12,0,3)":{"fields":{"worldedit_placeholder":"air"},"inventory":null},"(12,0,7)":{"fields":{"worldedit_placeholder":"air"},"inventory":null},"(12,1,3)":{"fields":{"worldedit_placeholder":"air"},"inventory":null},"(12,1,7)":{"fields":{"worldedit_placeholder":"air"},"inventory":null},"(12,10,3)":{"fields":{"worldedit_placeholder":"air"},"inventory":null},"(12,10,7)":{"fields":{"worldedit_placeholder":"air"},"inventory":null},"(12,11,3)":{"fields":{"worldedit_placeholder":"air"},"inventory":null},"(12,11,7)":{"fields":{"worldedit_placeholder":"air"},"inventory":null},"(12,12,3)":{"fields":{"worldedit_placeholder":"air"},"inventory":null},"(12,12,7)":{"fields":{"worldedit_placeholder":"air"},"inventory":null},"(12,13,3)":{"fields":{"worldedit_placeholder":"air"},"inventory":null},"(12,13,7)":{"fields":{"worldedit_placeholder":"air"},"inventory":null},"(12,14,3)":{"fields":{"worldedit_placeholder":"air"},"inventory":null},"(12,14,7)":{"fields":{"worldedit_placeholder":"air"},"inventory":null},"(12,15,3)":{"fields":{"worldedit_placeholder":"air"},"inventory":null},"(12,15,7)":{"fields":{"worldedit_placeholder":"air"},"inventory":null},"(12,2,3)":{"fields":{"worldedit_placeholder":"air"},"inventory":null},"(12,2,7)":{"fields":{"worldedit_placeholder":"air"},"inventory":null},"(12,3,3)":{"fields":{"worldedit_placeholder":"air"},"inventory":null},"(12,3,7)":{"fields":{"worldedit_placeholder":"air"},"inventory":null},"(12,4,3)":{"fields":{"worldedit_placeholder":"air"},"inventory":null},"(12,4,7)":{"fields":{"worldedit_placeholder":"air"},"inventory":null},"(12,5,3)":{"fields":{"worldedit_placeholder":"air"},"inventory":null},"(12,5,7)":{"fields":{"worldedit_placeholder":"air"},"inventory":null},"(12,6,3)":{"fields":{"worldedit_placeholder":"air"},"inventory":null},"(12,6,7)":{"fields":{"worldedit_placeholder":"air"},"inventory":null},"(12,7,3)":{"fields":{"worldedit_placeholder":"air"},"inventory":null},"(12,7,7)":{"fields":{"worldedit_placeholder":"air"},"inventory":null},"(13,0,3)":{"fields":{"worldedit_placeholder":"air"},"inventory":null},"(13,0,7)":{"fields":{"worldedit_placeholder":"air"},"inventory":null},"(13,1,3)":{"fields":{"worldedit_placeholder":"air"},"inventory":null},"(13,1,7)":{"fields":{"worldedit_placeholder":"air"},"inventory":null},"(13,10,3)":{"fields":{"worldedit_placeholder":"air"},"inventory":null},"(13,10,7)":{"fields":{"worldedit_placeholder":"air"},"inventory":null},"(13,11,3)":{"fields":{"worldedit_placeholder":"air"},"inventory":null},"(13,11,7)":{"fields":{"worldedit_placeholder":"air"},"inventory":null},"(13,12,3)":{"fields":{"worldedit_placeholder":"air"},"inventory":null},"(13,12,7)":{"fields":{"worldedit_placeholder":"air"},"inventory":null},"(13,13,3)":{"fields":{"worldedit_placeholder":"air"},"inventory":null},"(13,13,7)":{"fields":{"worldedit_placeholder":"air"},"inventory":null},"(13,14,3)":{"fields":{"worldedit_placeholder":"air"},"inventory":null},"(13,14,7)":{"fields":{"worldedit_placeholder":"air"},"inventory":null},"(13,15,3)":{"fields":{"worldedit_placeholder":"air"},"inventory":null},"(13,15,7)":{"fields":{"worldedit_placeholder":"air"},"inventory":null},"(13,2,3)":{"fields":{"worldedit_placeholder":"air"},"inventory":null},"(13,2,7)":{"fields":{"worldedit_placeholder":"air"},"inventory":null},"(13,3,3)":{"fields":{"worldedit_placeholder":"air"},"inventory":null},"(13,3,7)":{"fields":{"worldedit_placeholder":"air"},"inventory":null},"(13,4,3)":{"fields":{"worldedit_placeholder":"air"},"inventory":null},"(13,4,7)":{"fields":{"worldedit_placeholder":"air"},"inventory":null},"(13,5,3)":{"fields":{"worldedit_placeholder":"air"},"inventory":null},"(13,5,7)":{"fields":{"worldedit_placeholder":"air"},"inventory":null},"(13,6,3)":{"fields":{"worldedit_placeholder":"air"},"inventory":null},"(13,6,7)":{"fields":{"worldedit_placeholder":"air"},"inventory":null},"(13,7,3)":{"fields":{"worldedit_placeholder":"air"},"inventory":null},"(13,7,7)":{"fields":{"worldedit_placeholder":"air"},"inventory":null},"(14,0,3)":{"fields":{"worldedit_placeholder":"air"},"inventory":null},"(14,0,7)":{"fields":{"worldedit_placeholder":"air"},"inventory":null},"(14,1,3)":{"fields":{"worldedit_placeholder":"air"},"inventory":null},"(14,1,7)":{"fields":{"worldedit_placeholder":"air"},"inventory":null},"(14,10,3)":{"fields":{"worldedit_placeholder":"air"},"inventory":null},"(14,10,7)":{"fields":{"worldedit_placeholder":"air"},"inventory":null},"(14,11,3)":{"fields":{"worldedit_placeholder":"air"},"inventory":null},"(14,11,7)":{"fields":{"worldedit_placeholder":"air"},"inventory":null},"(14,12,3)":{"fields":{"worldedit_placeholder":"air"},"inventory":null},"(14,12,7)":{"fields":{"worldedit_placeholder":"air"},"inventory":null},"(14,13,3)":{"fields":{"worldedit_placeholder":"air"},"inventory":null},"(14,13,7)":{"fields":{"worldedit_placeholder":"air"},"inventory":null},"(14,14,3)":{"fields":{"worldedit_placeholder":"air"},"inventory":null},"(14,14,7)":{"fields":{"worldedit_placeholder":"air"},"inventory":null},"(14,15,3)":{"fields":{"worldedit_placeholder":"air"},"inventory":null},"(14,15,7)":{"fields":{"worldedit_placeholder":"air"},"inventory":null},"(14,2,3)":{"fields":{"worldedit_placeholder":"air"},"inventory":null},"(14,2,7)":{"fields":{"worldedit_placeholder":"air"},"inventory":null},"(14,3,3)":{"fields":{"worldedit_placeholder":"air"},"inventory":null},"(14,3,7)":{"fields":{"worldedit_placeholder":"air"},"inventory":null},"(14,4,3)":{"fields":{"worldedit_placeholder":"air"},"inventory":null},"(14,4,7)":{"fields":{"worldedit_placeholder":"air"},"inventory":null},"(14,5,3)":{"fields":{"worldedit_placeholder":"air"},"inventory":null},"(14,5,7)":{"fields":{"worldedit_placeholder":"air"},"inventory":null},"(14,6,3)":{"fields":{"worldedit_placeholder":"air"},"inventory":null},"(14,6,7)":{"fields":{"worldedit_placeholder":"air"},"inventory":null},"(14,7,3)":{"fields":{"worldedit_placeholder":"air"},"inventory":null},"(14,7,7)":{"fields":{"worldedit_placeholder":"air"},"inventory":null},"(15,0,3)":{"fields":{"worldedit_placeholder":"air"},"inventory":null},"(15,0,7)":{"fields":{"worldedit_placeholder":"air"},"inventory":null},"(15,1,3)":{"fields":{"worldedit_placeholder":"air"},"inventory":null},"(15,1,7)":{"fields":{"worldedit_placeholder":"air"},"inventory":null},"(15,10,3)":{"fields":{"worldedit_placeholder":"air"},"inventory":null},"(15,10,7)":{"fields":{"worldedit_placeholder":"air"},"inventory":null},"(15,11,3)":{"fields":{"worldedit_placeholder":"air"},"inventory":null},"(15,11,7)":{"fields":{"worldedit_placeholder":"air"},"inventory":null},"(15,12,3)":{"fields":{"worldedit_placeholder":"air"},"inventory":null},"(15,12,7)":{"fields":{"worldedit_placeholder":"air"},"inventory":null},"(15,13,3)":{"fields":{"worldedit_placeholder":"air"},"inventory":null},"(15,13,7)":{"fields":{"worldedit_placeholder":"air"},"inventory":null},"(15,14,3)":{"fields":{"worldedit_placeholder":"air"},"inventory":null},"(15,14,7)":{"fields":{"worldedit_placeholder":"air"},"inventory":null},"(15,15,3)":{"fields":{"worldedit_placeholder":"air"},"inventory":null},"(15,15,7)":{"fields":{"worldedit_placeholder":"air"},"inventory":null},"(15,2,3)":{"fields":{"worldedit_placeholder":"air"},"inventory":null},"(15,2,7)":{"fields":{"worldedit_placeholder":"air"},"inventory":null},"(15,3,3)":{"fields":{"worldedit_placeholder":"air"},"inventory":null},"(15,3,7)":{"fields":{"worldedit_placeholder":"air"},"inventory":null},"(15,4,3)":{"fields":{"worldedit_placeholder":"air"},"inventory":null},"(15,4,7)":{"fields":{"worldedit_placeholder":"air"},"inventory":null},"(15,5,3)":{"fields":{"worldedit_placeholder":"air"},"inventory":null},"(15,5,7)":{"fields":{"worldedit_placeholder":"air"},"inventory":null},"(15,6,3)":{"fields":{"worldedit_placeholder":"air"},"inventory":null},"(15,6,7)":{"fields":{"worldedit_placeholder":"air"},"inventory":null},"(15,7,3)":{"fields":{"worldedit_placeholder":"air"},"inventory":null},"(15,7,7)":{"fields":{"worldedit_placeholder":"air"},"inventory":null},"(5,0,7)":{"fields":{"worldedit_placeholder":"air"},"inventory":null},"(5,1,7)":{"fields":{"worldedit_placeholder":"air"},"inventory":null},"(5,11,7)":{"fields":{"worldedit_placeholder":"air"},"inventory":null},"(5,12,7)":{"fields":{"worldedit_placeholder":"air"},"inventory":null},"(5,13,7)":{"fields":{"worldedit_placeholder":"air"},"inventory":null},"(5,14,7)":{"fields":{"worldedit_placeholder":"air"},"inventory":null},"(5,15,7)":{"fields":{"worldedit_placeholder":"air"},"inventory":null},"(5,2,7)":{"fields":{"worldedit_placeholder":"air"},"inventory":null},"(5,3,7)":{"fields":{"worldedit_placeholder":"air"},"inventory":null},"(5,4,7)":{"fields":{"worldedit_placeholder":"air"},"inventory":null},"(5,5,7)":{"fields":{"worldedit_placeholder":"air"},"inventory":null},"(5,6,7)":{"fields":{"worldedit_placeholder":"air"},"inventory":null},"(5,7,7)":{"fields":{"worldedit_placeholder":"air"},"inventory":null},"(6,0,3)":{"fields":{"worldedit_placeholder":"air"},"inventory":null},"(6,0,7)":{"fields":{"worldedit_placeholder":"air"},"inventory":null},"(6,1,3)":{"fields":{"worldedit_placeholder":"air"},"inventory":null},"(6,1,7)":{"fields":{"worldedit_placeholder":"air"},"inventory":null},"(6,10,7)":{"fields":{"worldedit_placeholder":"air"},"inventory":null},"(6,11,7)":{"fields":{"worldedit_placeholder":"air"},"inventory":null},"(6,12,7)":{"fields":{"worldedit_placeholder":"air"},"inventory":null},"(6,13,7)":{"fields":{"worldedit_placeholder":"air"},"inventory":null},"(6,14,7)":{"fields":{"worldedit_placeholder":"air"},"inventory":null},"(6,15,7)":{"fields":{"worldedit_placeholder":"air"},"inventory":null},"(6,2,3)":{"fields":{"worldedit_placeholder":"air"},"inventory":null},"(6,2,7)":{"fields":{"worldedit_placeholder":"air"},"inventory":null},"(6,3,3)":{"fields":{"worldedit_placeholder":"air"},"inventory":null},"(6,3,7)":{"fields":{"worldedit_placeholder":"air"},"inventory":null},"(6,4,3)":{"fields":{"worldedit_placeholder":"air"},"inventory":null},"(6,4,7)":{"fields":{"worldedit_placeholder":"air"},"inventory":null},"(6,5,3)":{"fields":{"worldedit_placeholder":"air"},"inventory":null},"(6,5,7)":{"fields":{"worldedit_placeholder":"air"},"inventory":null},"(6,6,7)":{"fields":{"worldedit_placeholder":"air"},"inventory":null},"(6,7,7)":{"fields":{"worldedit_placeholder":"air"},"inventory":null},"(7,0,3)":{"fields":{"worldedit_placeholder":"air"},"inventory":null},"(7,0,7)":{"fields":{"worldedit_placeholder":"air"},"inventory":null},"(7,1,3)":{"fields":{"worldedit_placeholder":"air"},"inventory":null},"(7,1,7)":{"fields":{"worldedit_placeholder":"air"},"inventory":null},"(7,10,7)":{"fields":{"worldedit_placeholder":"air"},"inventory":null},"(7,11,7)":{"fields":{"worldedit_placeholder":"air"},"inventory":null},"(7,12,7)":{"fields":{"worldedit_placeholder":"air"},"inventory":null},"(7,13,7)":{"fields":{"worldedit_placeholder":"air"},"inventory":null},"(7,14,7)":{"fields":{"worldedit_placeholder":"air"},"inventory":null},"(7,15,7)":{"fields":{"worldedit_placeholder":"air"},"inventory":null},"(7,2,3)":{"fields":{"worldedit_placeholder":"air"},"inventory":null},"(7,2,7)":{"fields":{"worldedit_placeholder":"air"},"inventory":null},"(7,3,7)":{"fields":{"worldedit_placeholder":"air"},"inventory":null},"(7,4,7)":{"fields":{"worldedit_placeholder":"air"},"inventory":null},"(7,5,7)":{"fields":{"worldedit_placeholder":"air"},"inventory":null},"(7,6,7)":{"fields":{"worldedit_placeholder":"air"},"inventory":null},"(7,7,7)":{"fields":{"worldedit_placeholder":"air"},"inventory":null},"(8,0,3)":{"fields":{"worldedit_placeholder":"air"},"inventory":null},"(8,0,7)":{"fields":{"worldedit_placeholder":"air"},"inventory":null},"(8,1,3)":{"fields":{"worldedit_placeholder":"air"},"inventory":null},"(8,1,7)":{"fields":{"worldedit_placeholder":"air"},"inventory":null},"(8,10,1)":{"fields":{"worldedit_placeholder":"air"},"inventory":null},"(8,10,3)":{"fields":{"worldedit_placeholder":"air"},"inventory":null},"(8,10,7)":{"fields":{"worldedit_placeholder":"air"},"inventory":null},"(8,11,0)":{"fields":{"worldedit_placeholder":"air"},"inventory":null},"(8,11,1)":{"fields":{"worldedit_placeholder":"air"},"inventory":null},"(8,11,2)":{"fields":{"worldedit_placeholder":"air"},"inventory":null},"(8,11,3)":{"fields":{"worldedit_placeholder":"air"},"inventory":null},"(8,11,7)":{"fields":{"worldedit_placeholder":"air"},"inventory":null},"(8,12,0)":{"fields":{"worldedit_placeholder":"air"},"inventory":null},"(8,12,1)":{"fields":{"worldedit_placeholder":"air"},"inventory":null},"(8,12,2)":{"fields":{"worldedit_placeholder":"air"},"inventory":null},"(8,12,3)":{"fields":{"worldedit_placeholder":"air"},"inventory":null},"(8,12,7)":{"fields":{"worldedit_placeholder":"air"},"inventory":null},"(8,13,0)":{"fields":{"worldedit_placeholder":"air"},"inventory":null},"(8,13,1)":{"fields":{"worldedit_placeholder":"air"},"inventory":null},"(8,13,2)":{"fields":{"worldedit_placeholder":"air"},"inventory":null},"(8,13,3)":{"fields":{"worldedit_placeholder":"air"},"inventory":null},"(8,13,7)":{"fields":{"worldedit_placeholder":"air"},"inventory":null},"(8,14,0)":{"fields":{"worldedit_placeholder":"air"},"inventory":null},"(8,14,1)":{"fields":{"worldedit_placeholder":"air"},"inventory":null},"(8,14,2)":{"fields":{"worldedit_placeholder":"air"},"inventory":null},"(8,14,3)":{"fields":{"worldedit_placeholder":"air"},"inventory":null},"(8,14,7)":{"fields":{"worldedit_placeholder":"air"},"inventory":null},"(8,15,0)":{"fields":{"worldedit_placeholder":"air"},"inventory":null},"(8,15,1)":{"fields":{"worldedit_placeholder":"air"},"inventory":null},"(8,15,2)":{"fields":{"worldedit_placeholder":"air"},"inventory":null},"(8,15,3)":{"fields":{"worldedit_placeholder":"air"},"inventory":null},"(8,15,7)":{"fields":{"worldedit_placeholder":"air"},"inventory":null},"(8,2,3)":{"fields":{"worldedit_placeholder":"air"},"inventory":null},"(8,2,7)":{"fields":{"worldedit_placeholder":"air"},"inventory":null},"(8,3,3)":{"fields":{"worldedit_placeholder":"air"},"inventory":null},"(8,3,7)":{"fields":{"worldedit_placeholder":"air"},"inventory":null},"(8,4,3)":{"fields":{"worldedit_placeholder":"air"},"inventory":null},"(8,4,7)":{"fields":{"worldedit_placeholder":"air"},"inventory":null},"(8,5,3)":{"fields":{"worldedit_placeholder":"air"},"inventory":null},"(8,5,7)":{"fields":{"worldedit_placeholder":"air"},"inventory":null},"(8,6,3)":{"fields":{"worldedit_placeholder":"air"},"inventory":null},"(8,6,7)":{"fields":{"worldedit_placeholder":"air"},"inventory":null},"(8,7,3)":{"fields":{"worldedit_placeholder":"air"},"inventory":null},"(8,7,7)":{"fields":{"worldedit_placeholder":"air"},"inventory":null},"(9,0,3)":{"fields":{"worldedit_placeholder":"air"},"inventory":null},"(9,0,7)":{"fields":{"worldedit_placeholder":"air"},"inventory":null},"(9,1,3)":{"fields":{"worldedit_placeholder":"air"},"inventory":null},"(9,1,7)":{"fields":{"worldedit_placeholder":"air"},"inventory":null},"(9,10,3)":{"fields":{"worldedit_placeholder":"air"},"inventory":null},"(9,10,7)":{"fields":{"worldedit_placeholder":"air"},"inventory":null},"(9,11,3)":{"fields":{"worldedit_placeholder":"air"},"inventory":null},"(9,11,7)":{"fields":{"worldedit_placeholder":"air"},"inventory":null},"(9,12,3)":{"fields":{"worldedit_placeholder":"air"},"inventory":null},"(9,12,7)":{"fields":{"worldedit_placeholder":"air"},"inventory":null},"(9,13,3)":{"fields":{"worldedit_placeholder":"air"},"inventory":null},"(9,13,7)":{"fields":{"worldedit_placeholder":"air"},"inventory":null},"(9,14,3)":{"fields":{"worldedit_placeholder":"air"},"inventory":null},"(9,14,7)":{"fields":{"worldedit_placeholder":"air"},"inventory":null},"(9,15,3)":{"fields":{"worldedit_placeholder":"air"},"inventory":null},"(9,15,7)":{"fields":{"worldedit_placeholder":"air"},"inventory":null},"(9,2,3)":{"fields":{"worldedit_placeholder":"air"},"inventory":null},"(9,2,7)":{"fields":{"worldedit_placeholder":"air"},"inventory":null},"(9,3,3)":{"fields":{"worldedit_placeholder":"air"},"inventory":null},"(9,3,7)":{"fields":{"worldedit_placeholder":"air"},"inventory":null},"(9,4,3)":{"fields":{"worldedit_placeholder":"air"},"inventory":null},"(9,4,7)":{"fields":{"worldedit_placeholder":"air"},"inventory":null},"(9,5,3)":{"fields":{"worldedit_placeholder":"air"},"inventory":null},"(9,5,7)":{"fields":{"worldedit_placeholder":"air"},"inventory":null},"(9,6,3)":{"fields":{"worldedit_placeholder":"air"},"inventory":null},"(9,6,7)":{"fields":{"worldedit_placeholder":"air"},"inventory":null},"(9,7,3)":{"fields":{"worldedit_placeholder":"air"},"inventory":null},"(9,7,7)":{"fields":{"worldedit_placeholder":"air"},"inventory":null}}},"node_mapping":{"air":126.0,"doors:hidden":346.0,"hightech:dark":397.0,"hightech:dark_stripe_bottom_autoconnect_0000":412.0,"hightech:dark_stripe_horizontal":409.0,"hightech:dark_stripe_vertical":410.0,"stairs:stair_inner_glass":315.0}}