{"metadata":{"meta":{"(10,0,11)":{"fields":{"worldedit_placeholder":"air"},"inventory":null},"(10,0,15)":{"fields":{"worldedit_placeholder":"air"},"inventory":null},"(10,1,11)":{"fields":{"worldedit_placeholder":"air"},"inventory":null},"(10,1,15)":{"fields":{"worldedit_placeholder":"air"},"inventory":null},"(10,2,11)":{"fields":{"worldedit_placeholder":"air"},"inventory":null},"(10,2,15)":{"fields":{"worldedit_placeholder":"air"},"inventory":null},"(11,0,11)":{"fields":{"worldedit_placeholder":"air"},"inventory":null},"(11,0,15)":{"fields":{"worldedit_placeholder":"air"},"inventory":null},"(11,1,11)":{"fields":{"worldedit_placeholder":"air"},"inventory":null},"(11,1,15)":{"fields":{"worldedit_placeholder":"air"},"inventory":null},"(11,2,11)":{"fields":{"worldedit_placeholder":"air"},"inventory":null},"(11,2,15)":{"fields":{"worldedit_placeholder":"air"},"inventory":null},"(12,0,11)":{"fields":{"worldedit_placeholder":"air"},"inventory":null},"(12,0,15)":{"fields":{"worldedit_placeholder":"air"},"inventory":null},"(12,1,11)":{"fields":{"worldedit_placeholder":"air"},"inventory":null},"(12,1,15)":{"fields":{"worldedit_placeholder":"air"},"inventory":null},"(12,2,11)":{"fields":{"worldedit_placeholder":"air"},"inventory":null},"(12,2,15)":{"fields":{"worldedit_placeholder":"air"},"inventory":null},"(13,0,11)":{"fields":{"worldedit_placeholder":"air"},"inventory":null},"(13,0,15)":{"fields":{"worldedit_placeholder":"air"},"inventory":null},"(13,1,11)":{"fields":{"worldedit_placeholder":"air"},"inventory":null},"(13,1,15)":{"fields":{"worldedit_placeholder":"air"},"inventory":null},"(13,2,11)":{"fields":{"worldedit_placeholder":"air"},"inventory":null},"(13,2,15)":{"fields":{"worldedit_placeholder":"air"},"inventory":null},"(14,0,11)":{"fields":{"worldedit_placeholder":"air"},"inventory":null},"(14,0,15)":{"fields":{"worldedit_placeholder":"air"},"inventory":null},"(14,1,11)":{"fields":{"worldedit_placeholder":"air"},"inventory":null},"(14,1,15)":{"fields":{"worldedit_placeholder":"air"},"inventory":null},"(14,2,11)":{"fields":{"worldedit_placeholder":"air"},"inventory":null},"(14,2,15)":{"fields":{"worldedit_placeholder":"air"},"inventory":null},"(15,0,11)":{"fields":{"worldedit_placeholder":"air"},"inventory":null},"(15,0,15)":{"fields":{"worldedit_placeholder":"air"},"inventory":null},"(15,1,11)":{"fields":{"worldedit_placeholder":"air"},"inventory":null},"(15,1,15)":{"fields":{"worldedit_placeholder":"air"},"inventory":null},"(15,2,11)":{"fields":{"worldedit_placeholder":"air"},"inventory":null},"(15,2,15)":{"fields":{"worldedit_placeholder":"air"},"inventory":null},"(8,0,11)":{"fields":{"worldedit_placeholder":"air"},"inventory":null},"(8,0,15)":{"fields":{"worldedit_placeholder":"air"},"inventory":null},"(8,1,11)":{"fields":{"worldedit_placeholder":"air"},"inventory":null},"(8,1,15)":{"fields":{"worldedit_placeholder":"air"},"inventory":null},"(8,2,11)":{"fields":{"worldedit_placeholder":"air"},"inventory":null},"(8,2,15)":{"fields":{"worldedit_placeholder":"air"},"inventory":null},"(9,0,11)":{"fields":{"worldedit_placeholder":"air"},"inventory":null},"(9,0,15)":{"fields":{"worldedit_placeholder":"air"},"inventory":null},"(9,1,11)":{"fields":{"worldedit_placeholder":"air"},"inventory":null},"(9,1,15)":{"fields":{"worldedit_placeholder":"air"},"inventory":null},"(9,2,11)":{"fields":{"worldedit_placeholder":"air"},"inventory":null},"(9,2,15)":{"fields":{"worldedit_placeholder":"air"},"inventory":null}}},"node_mapping":{"air":126.0,"hightech:dark":394.0,"hightech:dark_stripe_bottom_autoconnect_0000":409.0,"stairs:stair_inner_glass":312.0}}