{"metadata":{"meta":{"(0,0,11)":{"fields":{"worldedit_placeholder":"air"},"inventory":null},"(0,0,15)":{"fields":{"worldedit_placeholder":"air"},"inventory":null},"(0,0,7)":{"fields":{"worldedit_placeholder":"air"},"inventory":null},"(0,1,11)":{"fields":{"worldedit_placeholder":"air"},"inventory":null},"(0,1,15)":{"fields":{"worldedit_placeholder":"air"},"inventory":null},"(0,1,7)":{"fields":{"worldedit_placeholder":"air"},"inventory":null},"(0,2,11)":{"fields":{"worldedit_placeholder":"air"},"inventory":null},"(0,2,15)":{"fields":{"worldedit_placeholder":"air"},"inventory":null},"(0,2,7)":{"fields":{"worldedit_placeholder":"air"},"inventory":null},"(1,0,11)":{"fields":{"worldedit_placeholder":"air"},"inventory":null},"(1,0,15)":{"fields":{"worldedit_placeholder":"air"},"inventory":null},"(1,0,7)":{"fields":{"worldedit_placeholder":"air"},"inventory":null},"(1,1,11)":{"fields":{"worldedit_placeholder":"air"},"inventory":null},"(1,1,15)":{"fields":{"worldedit_placeholder":"air"},"inventory":null},"(1,1,7)":{"fields":{"worldedit_placeholder":"air"},"inventory":null},"(1,2,11)":{"fields":{"worldedit_placeholder":"air"},"inventory":null},"(1,2,15)":{"fields":{"worldedit_placeholder":"air"},"inventory":null},"(1,2,7)":{"fields":{"worldedit_placeholder":"air"},"inventory":null},"(10,0,15)":{"fields":{"worldedit_placeholder":"air"},"inventory":null},"(10,0,7)":{"fields":{"worldedit_placeholder":"air"},"inventory":null},"(10,1,15)":{"fields":{"worldedit_placeholder":"air"},"inventory":null},"(10,1,7)":{"fields":{"worldedit_placeholder":"air"},"inventory":null},"(10,2,15)":{"fields":{"worldedit_placeholder":"air"},"inventory":null},"(10,2,7)":{"fields":{"worldedit_placeholder":"air"},"inventory":null},"(2,0,11)":{"fields":{"worldedit_placeholder":"air"},"inventory":null},"(2,0,15)":{"fields":{"worldedit_placeholder":"air"},"inventory":null},"(2,0,7)":{"fields":{"worldedit_placeholder":"air"},"inventory":null},"(2,1,11)":{"fields":{"worldedit_placeholder":"air"},"inventory":null},"(2,1,15)":{"fields":{"worldedit_placeholder":"air"},"inventory":null},"(2,1,7)":{"fields":{"worldedit_placeholder":"air"},"inventory":null},"(2,2,11)":{"fields":{"worldedit_placeholder":"air"},"inventory":null},"(2,2,15)":{"fields":{"worldedit_placeholder":"air"},"inventory":null},"(2,2,7)":{"fields":{"worldedit_placeholder":"air"},"inventory":null},"(3,0,11)":{"fields":{"worldedit_placeholder":"air"},"inventory":null},"(3,0,15)":{"fields":{"worldedit_placeholder":"air"},"inventory":null},"(3,0,7)":{"fields":{"worldedit_placeholder":"air"},"inventory":null},"(3,1,11)":{"fields":{"worldedit_placeholder":"air"},"inventory":null},"(3,1,15)":{"fields":{"worldedit_placeholder":"air"},"inventory":null},"(3,1,7)":{"fields":{"worldedit_placeholder":"air"},"inventory":null},"(3,2,11)":{"fields":{"worldedit_placeholder":"air"},"inventory":null},"(3,2,15)":{"fields":{"worldedit_placeholder":"air"},"inventory":null},"(3,2,7)":{"fields":{"worldedit_placeholder":"air"},"inventory":null},"(4,0,11)":{"fields":{"worldedit_placeholder":"air"},"inventory":null},"(4,0,15)":{"fields":{"worldedit_placeholder":"air"},"inventory":null},"(4,0,7)":{"fields":{"worldedit_placeholder":"air"},"inventory":null},"(4,1,11)":{"fields":{"worldedit_placeholder":"air"},"inventory":null},"(4,1,15)":{"fields":{"worldedit_placeholder":"air"},"inventory":null},"(4,1,7)":{"fields":{"worldedit_placeholder":"air"},"inventory":null},"(4,2,11)":{"fields":{"worldedit_placeholder":"air"},"inventory":null},"(4,2,15)":{"fields":{"worldedit_placeholder":"air"},"inventory":null},"(4,2,7)":{"fields":{"worldedit_placeholder":"air"},"inventory":null},"(5,0,11)":{"fields":{"worldedit_placeholder":"air"},"inventory":null},"(5,0,15)":{"fields":{"worldedit_placeholder":"air"},"inventory":null},"(5,0,7)":{"fields":{"worldedit_placeholder":"air"},"inventory":null},"(5,1,11)":{"fields":{"worldedit_placeholder":"air"},"inventory":null},"(5,1,15)":{"fields":{"worldedit_placeholder":"air"},"inventory":null},"(5,1,7)":{"fields":{"worldedit_placeholder":"air"},"inventory":null},"(5,2,11)":{"fields":{"worldedit_placeholder":"air"},"inventory":null},"(5,2,15)":{"fields":{"worldedit_placeholder":"air"},"inventory":null},"(5,2,7)":{"fields":{"worldedit_placeholder":"air"},"inventory":null},"(6,0,11)":{"fields":{"worldedit_placeholder":"air"},"inventory":null},"(6,0,15)":{"fields":{"worldedit_placeholder":"air"},"inventory":null},"(6,0,7)":{"fields":{"worldedit_placeholder":"air"},"inventory":null},"(6,1,11)":{"fields":{"worldedit_placeholder":"air"},"inventory":null},"(6,1,15)":{"fields":{"worldedit_placeholder":"air"},"inventory":null},"(6,1,7)":{"fields":{"worldedit_placeholder":"air"},"inventory":null},"(6,2,11)":{"fields":{"worldedit_placeholder":"air"},"inventory":null},"(6,2,15)":{"fields":{"worldedit_placeholder":"air"},"inventory":null},"(6,2,7)":{"fields":{"worldedit_placeholder":"air"},"inventory":null},"(7,0,11)":{"fields":{"worldedit_placeholder":"air"},"inventory":null},"(7,0,7)":{"fields":{"worldedit_placeholder":"air"},"inventory":null},"(7,1,11)":{"fields":{"worldedit_placeholder":"air"},"inventory":null},"(7,1,7)":{"fields":{"worldedit_placeholder":"air"},"inventory":null},"(7,2,11)":{"fields":{"worldedit_placeholder":"air"},"inventory":null},"(7,2,7)":{"fields":{"worldedit_placeholder":"air"},"inventory":null},"(8,0,15)":{"fields":{"worldedit_placeholder":"air"},"inventory":null},"(8,0,7)":{"fields":{"worldedit_placeholder":"air"},"inventory":null},"(8,1,15)":{"fields":{"worldedit_placeholder":"air"},"inventory":null},"(8,1,7)":{"fields":{"worldedit_placeholder":"air"},"inventory":null},"(8,2,15)":{"fields":{"worldedit_placeholder":"air"},"inventory":null},"(8,2,7)":{"fields":{"worldedit_placeholder":"air"},"inventory":null},"(9,0,15)":{"fields":{"worldedit_placeholder":"air"},"inventory":null},"(9,0,7)":{"fields":{"worldedit_placeholder":"air"},"inventory":null},"(9,1,15)":{"fields":{"worldedit_placeholder":"air"},"inventory":null},"(9,1,7)":{"fields":{"worldedit_placeholder":"air"},"inventory":null},"(9,2,15)":{"fields":{"worldedit_placeholder":"air"},"inventory":null},"(9,2,7)":{"fields":{"worldedit_placeholder":"air"},"inventory":null}}},"node_mapping":{"air":126.0,"hightech:dark":394.0,"hightech:dark_stripe_bottom_autoconnect_0000":409.0,"stairs:stair_inner_glass":312.0}}