{"metadata":{"meta":{"(10,0,11)":{"fields":{"worldedit_placeholder":"air"},"inventory":null},"(10,0,15)":{"fields":{"worldedit_placeholder":"air"},"inventory":null},"(10,1,11)":{"fields":{"worldedit_placeholder":"air"},"inventory":null},"(10,1,15)":{"fields":{"worldedit_placeholder":"air"},"inventory":null},"(10,10,11)":{"fields":{"worldedit_placeholder":"air"},"inventory":null},"(10,10,15)":{"fields":{"worldedit_placeholder":"air"},"inventory":null},"(10,11,11)":{"fields":{"worldedit_placeholder":"air"},"inventory":null},"(10,11,15)":{"fields":{"worldedit_placeholder":"air"},"inventory":null},"(10,12,11)":{"fields":{"worldedit_placeholder":"air"},"inventory":null},"(10,12,15)":{"fields":{"worldedit_placeholder":"air"},"inventory":null},"(10,13,11)":{"fields":{"worldedit_placeholder":"air"},"inventory":null},"(10,13,15)":{"fields":{"worldedit_placeholder":"air"},"inventory":null},"(10,14,11)":{"fields":{"worldedit_placeholder":"air"},"inventory":null},"(10,14,15)":{"fields":{"worldedit_placeholder":"air"},"inventory":null},"(10,15,11)":{"fields":{"worldedit_placeholder":"air"},"inventory":null},"(10,15,15)":{"fields":{"worldedit_placeholder":"air"},"inventory":null},"(10,2,11)":{"fields":{"worldedit_placeholder":"air"},"inventory":null},"(10,2,15)":{"fields":{"worldedit_placeholder":"air"},"inventory":null},"(10,3,11)":{"fields":{"worldedit_placeholder":"air"},"inventory":null},"(10,3,15)":{"fields":{"worldedit_placeholder":"air"},"inventory":null},"(10,4,11)":{"fields":{"worldedit_placeholder":"air"},"inventory":null},"(10,4,15)":{"fields":{"worldedit_placeholder":"air"},"inventory":null},"(10,5,11)":{"fields":{"worldedit_placeholder":"air"},"inventory":null},"(10,5,15)":{"fields":{"worldedit_placeholder":"air"},"inventory":null},"(10,6,11)":{"fields":{"worldedit_placeholder":"air"},"inventory":null},"(10,6,15)":{"fields":{"worldedit_placeholder":"air"},"inventory":null},"(10,7,11)":{"fields":{"worldedit_placeholder":"air"},"inventory":null},"(10,7,15)":{"fields":{"worldedit_placeholder":"air"},"inventory":null},"(11,0,11)":{"fields":{"worldedit_placeholder":"air"},"inventory":null},"(11,0,15)":{"fields":{"worldedit_placeholder":"air"},"inventory":null},"(11,1,11)":{"fields":{"worldedit_placeholder":"air"},"inventory":null},"(11,1,15)":{"fields":{"worldedit_placeholder":"air"},"inventory":null},"(11,10,11)":{"fields":{"worldedit_placeholder":"air"},"inventory":null},"(11,10,15)":{"fields":{"worldedit_placeholder":"air"},"inventory":null},"(11,11,11)":{"fields":{"worldedit_placeholder":"air"},"inventory":null},"(11,11,15)":{"fields":{"worldedit_placeholder":"air"},"inventory":null},"(11,12,11)":{"fields":{"worldedit_placeholder":"air"},"inventory":null},"(11,12,15)":{"fields":{"worldedit_placeholder":"air"},"inventory":null},"(11,13,11)":{"fields":{"worldedit_placeholder":"air"},"inventory":null},"(11,13,15)":{"fields":{"worldedit_placeholder":"air"},"inventory":null},"(11,14,11)":{"fields":{"worldedit_placeholder":"air"},"inventory":null},"(11,14,15)":{"fields":{"worldedit_placeholder":"air"},"inventory":null},"(11,15,11)":{"fields":{"worldedit_placeholder":"air"},"inventory":null},"(11,15,15)":{"fields":{"worldedit_placeholder":"air"},"inventory":null},"(11,2,11)":{"fields":{"worldedit_placeholder":"air"},"inventory":null},"(11,2,15)":{"fields":{"worldedit_placeholder":"air"},"inventory":null},"(11,3,11)":{"fields":{"worldedit_placeholder":"air"},"inventory":null},"(11,3,15)":{"fields":{"worldedit_placeholder":"air"},"inventory":null},"(11,4,11)":{"fields":{"worldedit_placeholder":"air"},"inventory":null},"(11,4,15)":{"fields":{"worldedit_placeholder":"air"},"inventory":null},"(11,5,11)":{"fields":{"worldedit_placeholder":"air"},"inventory":null},"(11,5,15)":{"fields":{"worldedit_placeholder":"air"},"inventory":null},"(11,6,11)":{"fields":{"worldedit_placeholder":"air"},"inventory":null},"(11,6,15)":{"fields":{"worldedit_placeholder":"air"},"inventory":null},"(11,7,11)":{"fields":{"worldedit_placeholder":"air"},"inventory":null},"(11,7,15)":{"fields":{"worldedit_placeholder":"air"},"inventory":null},"(12,0,11)":{"fields":{"worldedit_placeholder":"air"},"inventory":null},"(12,0,15)":{"fields":{"worldedit_placeholder":"air"},"inventory":null},"(12,1,11)":{"fields":{"worldedit_placeholder":"air"},"inventory":null},"(12,1,15)":{"fields":{"worldedit_placeholder":"air"},"inventory":null},"(12,10,11)":{"fields":{"worldedit_placeholder":"air"},"inventory":null},"(12,11,11)":{"fields":{"worldedit_placeholder":"air"},"inventory":null},"(12,11,15)":{"fields":{"worldedit_placeholder":"air"},"inventory":null},"(12,12,11)":{"fields":{"worldedit_placeholder":"air"},"inventory":null},"(12,12,15)":{"fields":{"worldedit_placeholder":"air"},"inventory":null},"(12,13,11)":{"fields":{"worldedit_placeholder":"air"},"inventory":null},"(12,13,15)":{"fields":{"worldedit_placeholder":"air"},"inventory":null},"(12,14,11)":{"fields":{"worldedit_placeholder":"air"},"inventory":null},"(12,14,15)":{"fields":{"worldedit_placeholder":"air"},"inventory":null},"(12,15,11)":{"fields":{"worldedit_placeholder":"air"},"inventory":null},"(12,15,15)":{"fields":{"worldedit_placeholder":"air"},"inventory":null},"(12,2,11)":{"fields":{"worldedit_placeholder":"air"},"inventory":null},"(12,2,15)":{"fields":{"worldedit_placeholder":"air"},"inventory":null},"(12,3,11)":{"fields":{"worldedit_placeholder":"air"},"inventory":null},"(12,3,15)":{"fields":{"worldedit_placeholder":"air"},"inventory":null},"(12,4,11)":{"fields":{"worldedit_placeholder":"air"},"inventory":null},"(12,4,15)":{"fields":{"worldedit_placeholder":"air"},"inventory":null},"(12,5,11)":{"fields":{"worldedit_placeholder":"air"},"inventory":null},"(12,5,15)":{"fields":{"worldedit_placeholder":"air"},"inventory":null},"(12,6,11)":{"fields":{"worldedit_placeholder":"air"},"inventory":null},"(12,6,15)":{"fields":{"worldedit_placeholder":"air"},"inventory":null},"(12,7,11)":{"fields":{"worldedit_placeholder":"air"},"inventory":null},"(12,7,15)":{"fields":{"worldedit_placeholder":"air"},"inventory":null},"(13,0,11)":{"fields":{"worldedit_placeholder":"air"},"inventory":null},"(13,0,15)":{"fields":{"worldedit_placeholder":"air"},"inventory":null},"(13,1,11)":{"fields":{"worldedit_placeholder":"air"},"inventory":null},"(13,1,15)":{"fields":{"worldedit_placeholder":"air"},"inventory":null},"(13,10,15)":{"fields":{"worldedit_placeholder":"air"},"inventory":null},"(13,11,11)":{"fields":{"worldedit_placeholder":"air"},"inventory":null},"(13,11,15)":{"fields":{"worldedit_placeholder":"air"},"inventory":null},"(13,12,11)":{"fields":{"worldedit_placeholder":"air"},"inventory":null},"(13,12,15)":{"fields":{"worldedit_placeholder":"air"},"inventory":null},"(13,13,11)":{"fields":{"worldedit_placeholder":"air"},"inventory":null},"(13,13,15)":{"fields":{"worldedit_placeholder":"air"},"inventory":null},"(13,14,11)":{"fields":{"worldedit_placeholder":"air"},"inventory":null},"(13,14,15)":{"fields":{"worldedit_placeholder":"air"},"inventory":null},"(13,15,11)":{"fields":{"worldedit_placeholder":"air"},"inventory":null},"(13,15,15)":{"fields":{"worldedit_placeholder":"air"},"inventory":null},"(13,2,11)":{"fields":{"worldedit_placeholder":"air"},"inventory":null},"(13,2,15)":{"fields":{"worldedit_placeholder":"air"},"inventory":null},"(13,3,11)":{"fields":{"worldedit_placeholder":"air"},"inventory":null},"(13,3,15)":{"fields":{"worldedit_placeholder":"air"},"inventory":null},"(13,4,11)":{"fields":{"worldedit_placeholder":"air"},"inventory":null},"(13,4,15)":{"fields":{"worldedit_placeholder":"air"},"inventory":null},"(13,5,11)":{"fields":{"worldedit_placeholder":"air"},"inventory":null},"(13,5,15)":{"fields":{"worldedit_placeholder":"air"},"inventory":null},"(13,6,11)":{"fields":{"worldedit_placeholder":"air"},"inventory":null},"(13,6,15)":{"fields":{"worldedit_placeholder":"air"},"inventory":null},"(13,7,11)":{"fields":{"worldedit_placeholder":"air"},"inventory":null},"(13,7,15)":{"fields":{"worldedit_placeholder":"air"},"inventory":null},"(14,0,11)":{"fields":{"worldedit_placeholder":"air"},"inventory":null},"(14,0,15)":{"fields":{"worldedit_placeholder":"air"},"inventory":null},"(14,1,11)":{"fields":{"worldedit_placeholder":"air"},"inventory":null},"(14,1,15)":{"fields":{"worldedit_placeholder":"air"},"inventory":null},"(14,10,11)":{"fields":{"worldedit_placeholder":"air"},"inventory":null},"(14,10,15)":{"fields":{"worldedit_placeholder":"air"},"inventory":null},"(14,11,11)":{"fields":{"worldedit_placeholder":"air"},"inventory":null},"(14,11,15)":{"fields":{"worldedit_placeholder":"air"},"inventory":null},"(14,12,11)":{"fields":{"worldedit_placeholder":"air"},"inventory":null},"(14,12,15)":{"fields":{"worldedit_placeholder":"air"},"inventory":null},"(14,13,11)":{"fields":{"worldedit_placeholder":"air"},"inventory":null},"(14,13,15)":{"fields":{"worldedit_placeholder":"air"},"inventory":null},"(14,14,11)":{"fields":{"worldedit_placeholder":"air"},"inventory":null},"(14,14,15)":{"fields":{"worldedit_placeholder":"air"},"inventory":null},"(14,15,11)":{"fields":{"worldedit_placeholder":"air"},"inventory":null},"(14,15,15)":{"fields":{"worldedit_placeholder":"air"},"inventory":null},"(14,2,11)":{"fields":{"worldedit_placeholder":"air"},"inventory":null},"(14,2,15)":{"fields":{"worldedit_placeholder":"air"},"inventory":null},"(14,3,11)":{"fields":{"worldedit_placeholder":"air"},"inventory":null},"(14,3,15)":{"fields":{"worldedit_placeholder":"air"},"inventory":null},"(14,4,11)":{"fields":{"worldedit_placeholder":"air"},"inventory":null},"(14,4,15)":{"fields":{"worldedit_placeholder":"air"},"inventory":null},"(14,5,11)":{"fields":{"worldedit_placeholder":"air"},"inventory":null},"(14,5,15)":{"fields":{"worldedit_placeholder":"air"},"inventory":null},"(14,6,11)":{"fields":{"worldedit_placeholder":"air"},"inventory":null},"(14,6,15)":{"fields":{"worldedit_placeholder":"air"},"inventory":null},"(14,7,11)":{"fields":{"worldedit_placeholder":"air"},"inventory":null},"(14,7,15)":{"fields":{"worldedit_placeholder":"air"},"inventory":null},"(15,0,11)":{"fields":{"worldedit_placeholder":"air"},"inventory":null},"(15,0,15)":{"fields":{"worldedit_placeholder":"air"},"inventory":null},"(15,1,11)":{"fields":{"worldedit_placeholder":"air"},"inventory":null},"(15,1,15)":{"fields":{"worldedit_placeholder":"air"},"inventory":null},"(15,10,11)":{"fields":{"worldedit_placeholder":"air"},"inventory":null},"(15,10,15)":{"fields":{"worldedit_placeholder":"air"},"inventory":null},"(15,11,11)":{"fields":{"worldedit_placeholder":"air"},"inventory":null},"(15,11,15)":{"fields":{"worldedit_placeholder":"air"},"inventory":null},"(15,12,11)":{"fields":{"worldedit_placeholder":"air"},"inventory":null},"(15,12,15)":{"fields":{"worldedit_placeholder":"air"},"inventory":null},"(15,13,11)":{"fields":{"worldedit_placeholder":"air"},"inventory":null},"(15,13,15)":{"fields":{"worldedit_placeholder":"air"},"inventory":null},"(15,14,11)":{"fields":{"worldedit_placeholder":"air"},"inventory":null},"(15,14,15)":{"fields":{"worldedit_placeholder":"air"},"inventory":null},"(15,15,11)":{"fields":{"worldedit_placeholder":"air"},"inventory":null},"(15,15,15)":{"fields":{"worldedit_placeholder":"air"},"inventory":null},"(15,2,11)":{"fields":{"worldedit_placeholder":"air"},"inventory":null},"(15,2,15)":{"fields":{"worldedit_placeholder":"air"},"inventory":null},"(15,3,11)":{"fields":{"worldedit_placeholder":"air"},"inventory":null},"(15,3,15)":{"fields":{"worldedit_placeholder":"air"},"inventory":null},"(15,4,11)":{"fields":{"worldedit_placeholder":"air"},"inventory":null},"(15,4,15)":{"fields":{"worldedit_placeholder":"air"},"inventory":null},"(15,5,11)":{"fields":{"worldedit_placeholder":"air"},"inventory":null},"(15,5,15)":{"fields":{"worldedit_placeholder":"air"},"inventory":null},"(15,6,11)":{"fields":{"worldedit_placeholder":"air"},"inventory":null},"(15,6,15)":{"fields":{"worldedit_placeholder":"air"},"inventory":null},"(15,7,11)":{"fields":{"worldedit_placeholder":"air"},"inventory":null},"(15,7,15)":{"fields":{"worldedit_placeholder":"air"},"inventory":null},"(8,0,11)":{"fields":{"worldedit_placeholder":"air"},"inventory":null},"(8,0,15)":{"fields":{"worldedit_placeholder":"air"},"inventory":null},"(8,1,11)":{"fields":{"worldedit_placeholder":"air"},"inventory":null},"(8,1,15)":{"fields":{"worldedit_placeholder":"air"},"inventory":null},"(8,10,15)":{"fields":{"worldedit_placeholder":"air"},"inventory":null},"(8,11,11)":{"fields":{"worldedit_placeholder":"air"},"inventory":null},"(8,11,15)":{"fields":{"worldedit_placeholder":"air"},"inventory":null},"(8,12,11)":{"fields":{"worldedit_placeholder":"air"},"inventory":null},"(8,12,15)":{"fields":{"worldedit_placeholder":"air"},"inventory":null},"(8,13,11)":{"fields":{"worldedit_placeholder":"air"},"inventory":null},"(8,13,15)":{"fields":{"worldedit_placeholder":"air"},"inventory":null},"(8,14,11)":{"fields":{"worldedit_placeholder":"air"},"inventory":null},"(8,14,15)":{"fields":{"worldedit_placeholder":"air"},"inventory":null},"(8,15,11)":{"fields":{"worldedit_placeholder":"air"},"inventory":null},"(8,15,15)":{"fields":{"worldedit_placeholder":"air"},"inventory":null},"(8,2,11)":{"fields":{"worldedit_placeholder":"air"},"inventory":null},"(8,2,15)":{"fields":{"worldedit_placeholder":"air"},"inventory":null},"(8,3,11)":{"fields":{"worldedit_placeholder":"air"},"inventory":null},"(8,3,15)":{"fields":{"worldedit_placeholder":"air"},"inventory":null},"(8,4,11)":{"fields":{"worldedit_placeholder":"air"},"inventory":null},"(8,4,15)":{"fields":{"worldedit_placeholder":"air"},"inventory":null},"(8,5,11)":{"fields":{"worldedit_placeholder":"air"},"inventory":null},"(8,5,15)":{"fields":{"worldedit_placeholder":"air"},"inventory":null},"(8,6,11)":{"fields":{"worldedit_placeholder":"air"},"inventory":null},"(8,6,15)":{"fields":{"worldedit_placeholder":"air"},"inventory":null},"(8,7,11)":{"fields":{"worldedit_placeholder":"air"},"inventory":null},"(8,7,15)":{"fields":{"worldedit_placeholder":"air"},"inventory":null},"(9,0,11)":{"fields":{"worldedit_placeholder":"air"},"inventory":null},"(9,0,15)":{"fields":{"worldedit_placeholder":"air"},"inventory":null},"(9,1,11)":{"fields":{"worldedit_placeholder":"air"},"inventory":null},"(9,1,15)":{"fields":{"worldedit_placeholder":"air"},"inventory":null},"(9,10,11)":{"fields":{"worldedit_placeholder":"air"},"inventory":null},"(9,10,15)":{"fields":{"worldedit_placeholder":"air"},"inventory":null},"(9,11,11)":{"fields":{"worldedit_placeholder":"air"},"inventory":null},"(9,11,15)":{"fields":{"worldedit_placeholder":"air"},"inventory":null},"(9,12,11)":{"fields":{"worldedit_placeholder":"air"},"inventory":null},"(9,12,15)":{"fields":{"worldedit_placeholder":"air"},"inventory":null},"(9,13,11)":{"fields":{"worldedit_placeholder":"air"},"inventory":null},"(9,13,15)":{"fields":{"worldedit_placeholder":"air"},"inventory":null},"(9,14,11)":{"fields":{"worldedit_placeholder":"air"},"inventory":null},"(9,14,15)":{"fields":{"worldedit_placeholder":"air"},"inventory":null},"(9,15,11)":{"fields":{"worldedit_placeholder":"air"},"inventory":null},"(9,15,15)":{"fields":{"worldedit_placeholder":"air"},"inventory":null},"(9,2,11)":{"fields":{"worldedit_placeholder":"air"},"inventory":null},"(9,2,15)":{"fields":{"worldedit_placeholder":"air"},"inventory":null},"(9,3,11)":{"fields":{"worldedit_placeholder":"air"},"inventory":null},"(9,3,15)":{"fields":{"worldedit_placeholder":"air"},"inventory":null},"(9,4,11)":{"fields":{"worldedit_placeholder":"air"},"inventory":null},"(9,4,15)":{"fields":{"worldedit_placeholder":"air"},"inventory":null},"(9,5,11)":{"fields":{"worldedit_placeholder":"air"},"inventory":null},"(9,5,15)":{"fields":{"worldedit_placeholder":"air"},"inventory":null},"(9,6,11)":{"fields":{"worldedit_placeholder":"air"},"inventory":null},"(9,6,15)":{"fields":{"worldedit_placeholder":"air"},"inventory":null},"(9,7,11)":{"fields":{"worldedit_placeholder":"air"},"inventory":null},"(9,7,15)":{"fields":{"worldedit_placeholder":"air"},"inventory":null}}},"node_mapping":{"air":126.0,"hightech:dark":394.0,"hightech:dark_stripe_bottom_autoconnect_0000":409.0,"stairs:stair_inner_glass":312.0}}