{"metadata":{"meta":{"(10,15,11)":{"fields":{"worldedit_placeholder":"air"},"inventory":null},"(10,15,15)":{"fields":{"worldedit_placeholder":"air"},"inventory":null},"(11,15,11)":{"fields":{"worldedit_placeholder":"air"},"inventory":null},"(11,15,15)":{"fields":{"worldedit_placeholder":"air"},"inventory":null},"(12,15,11)":{"fields":{"worldedit_placeholder":"air"},"inventory":null},"(13,15,15)":{"fields":{"worldedit_placeholder":"air"},"inventory":null},"(14,15,11)":{"fields":{"worldedit_placeholder":"air"},"inventory":null},"(14,15,15)":{"fields":{"worldedit_placeholder":"air"},"inventory":null},"(15,15,11)":{"fields":{"worldedit_placeholder":"air"},"inventory":null},"(15,15,15)":{"fields":{"worldedit_placeholder":"air"},"inventory":null},"(8,15,15)":{"fields":{"worldedit_placeholder":"air"},"inventory":null},"(9,15,11)":{"fields":{"worldedit_placeholder":"air"},"inventory":null},"(9,15,15)":{"fields":{"worldedit_placeholder":"air"},"inventory":null}}},"node_mapping":{"air":126.0,"default:sand":37.0,"hightech:dark":397.0,"hightech:dark_stripe_top_autoconnect_0011":417.0,"hightech:dark_stripe_top_autoconnect_1010":431.0,"hightech:dark_stripe_top_autoconnect_1100":435.0,"stairs:stair_inner_glass":315.0}}