{"metadata":{"meta":{"(4,15,10)":{"fields":{"state":"0"},"inventory":null},"(6,15,12)":{"fields":{"worldedit_placeholder":"air"},"inventory":null},"(7,15,12)":{"fields":{"worldedit_placeholder":"air"},"inventory":null},"(8,15,0)":{"fields":{"worldedit_placeholder":"air"},"inventory":null},"(8,15,1)":{"fields":{"worldedit_placeholder":"air"},"inventory":null},"(8,15,10)":{"fields":{"worldedit_placeholder":"air"},"inventory":null},"(8,15,2)":{"fields":{"worldedit_placeholder":"air"},"inventory":null},"(8,15,3)":{"fields":{"worldedit_placeholder":"air"},"inventory":null},"(8,15,4)":{"fields":{"worldedit_placeholder":"air"},"inventory":null},"(8,15,5)":{"fields":{"worldedit_placeholder":"air"},"inventory":null},"(8,15,6)":{"fields":{"worldedit_placeholder":"air"},"inventory":null},"(8,15,7)":{"fields":{"worldedit_placeholder":"air"},"inventory":null},"(8,15,8)":{"fields":{"worldedit_placeholder":"air"},"inventory":null},"(8,15,9)":{"fields":{"worldedit_placeholder":"air"},"inventory":null}}},"node_mapping":{"air":126.0,"default:sand":37.0,"hightech:dark":397.0,"hightech:dark_stripe_horizontal":409.0,"hightech:dark_stripe_top_autoconnect_0011":417.0,"hightech:dark_stripe_vertical":410.0,"hightech:door_a":443.0,"stairs:stair_inner_glass":315.0}}