{"metadata":{"meta":{"(0,0,3)":{"fields":{"worldedit_placeholder":"air"},"inventory":null},"(0,0,7)":{"fields":{"worldedit_placeholder":"air"},"inventory":null},"(0,1,3)":{"fields":{"worldedit_placeholder":"air"},"inventory":null},"(0,1,7)":{"fields":{"worldedit_placeholder":"air"},"inventory":null},"(0,2,3)":{"fields":{"worldedit_placeholder":"air"},"inventory":null},"(0,2,7)":{"fields":{"worldedit_placeholder":"air"},"inventory":null},"(1,0,3)":{"fields":{"worldedit_placeholder":"air"},"inventory":null},"(1,0,7)":{"fields":{"worldedit_placeholder":"air"},"inventory":null},"(1,1,3)":{"fields":{"worldedit_placeholder":"air"},"inventory":null},"(1,1,7)":{"fields":{"worldedit_placeholder":"air"},"inventory":null},"(1,2,3)":{"fields":{"worldedit_placeholder":"air"},"inventory":null},"(1,2,7)":{"fields":{"worldedit_placeholder":"air"},"inventory":null},"(10,0,7)":{"fields":{"worldedit_placeholder":"air"},"inventory":null},"(10,1,7)":{"fields":{"worldedit_placeholder":"air"},"inventory":null},"(10,2,7)":{"fields":{"worldedit_placeholder":"air"},"inventory":null},"(10,3,3)":{"fields":{"state":"0"},"inventory":null},"(10,4,3)":{"fields":{"state":"0"},"inventory":null},"(2,0,3)":{"fields":{"worldedit_placeholder":"air"},"inventory":null},"(2,0,7)":{"fields":{"worldedit_placeholder":"air"},"inventory":null},"(2,1,3)":{"fields":{"worldedit_placeholder":"air"},"inventory":null},"(2,1,7)":{"fields":{"worldedit_placeholder":"air"},"inventory":null},"(2,2,3)":{"fields":{"worldedit_placeholder":"air"},"inventory":null},"(2,2,7)":{"fields":{"worldedit_placeholder":"air"},"inventory":null},"(3,0,3)":{"fields":{"worldedit_placeholder":"air"},"inventory":null},"(3,0,7)":{"fields":{"worldedit_placeholder":"air"},"inventory":null},"(3,1,3)":{"fields":{"worldedit_placeholder":"air"},"inventory":null},"(3,1,7)":{"fields":{"worldedit_placeholder":"air"},"inventory":null},"(3,2,3)":{"fields":{"worldedit_placeholder":"air"},"inventory":null},"(3,2,7)":{"fields":{"worldedit_placeholder":"air"},"inventory":null},"(4,0,3)":{"fields":{"worldedit_placeholder":"air"},"inventory":null},"(4,0,7)":{"fields":{"worldedit_placeholder":"air"},"inventory":null},"(4,1,3)":{"fields":{"worldedit_placeholder":"air"},"inventory":null},"(4,1,7)":{"fields":{"worldedit_placeholder":"air"},"inventory":null},"(4,2,3)":{"fields":{"worldedit_placeholder":"air"},"inventory":null},"(4,2,7)":{"fields":{"worldedit_placeholder":"air"},"inventory":null},"(5,0,3)":{"fields":{"worldedit_placeholder":"air"},"inventory":null},"(5,0,7)":{"fields":{"worldedit_placeholder":"air"},"inventory":null},"(5,1,3)":{"fields":{"worldedit_placeholder":"air"},"inventory":null},"(5,1,7)":{"fields":{"worldedit_placeholder":"air"},"inventory":null},"(5,2,3)":{"fields":{"worldedit_placeholder":"air"},"inventory":null},"(5,2,7)":{"fields":{"worldedit_placeholder":"air"},"inventory":null},"(6,0,3)":{"fields":{"worldedit_placeholder":"air"},"inventory":null},"(6,0,7)":{"fields":{"worldedit_placeholder":"air"},"inventory":null},"(6,1,3)":{"fields":{"worldedit_placeholder":"air"},"inventory":null},"(6,1,7)":{"fields":{"worldedit_placeholder":"air"},"inventory":null},"(6,2,3)":{"fields":{"worldedit_placeholder":"air"},"inventory":null},"(6,2,7)":{"fields":{"worldedit_placeholder":"air"},"inventory":null},"(7,0,0)":{"fields":{"worldedit_placeholder":"air"},"inventory":null},"(7,0,1)":{"fields":{"worldedit_placeholder":"air"},"inventory":null},"(7,0,2)":{"fields":{"worldedit_placeholder":"air"},"inventory":null},"(7,0,3)":{"fields":{"worldedit_placeholder":"air"},"inventory":null},"(7,0,7)":{"fields":{"worldedit_placeholder":"air"},"inventory":null},"(7,1,0)":{"fields":{"worldedit_placeholder":"air"},"inventory":null},"(7,1,1)":{"fields":{"worldedit_placeholder":"air"},"inventory":null},"(7,1,2)":{"fields":{"worldedit_placeholder":"air"},"inventory":null},"(7,1,3)":{"fields":{"worldedit_placeholder":"air"},"inventory":null},"(7,1,7)":{"fields":{"worldedit_placeholder":"air"},"inventory":null},"(7,2,0)":{"fields":{"worldedit_placeholder":"air"},"inventory":null},"(7,2,1)":{"fields":{"worldedit_placeholder":"air"},"inventory":null},"(7,2,2)":{"fields":{"worldedit_placeholder":"air"},"inventory":null},"(7,2,3)":{"fields":{"worldedit_placeholder":"air"},"inventory":null},"(7,2,7)":{"fields":{"worldedit_placeholder":"air"},"inventory":null},"(8,0,7)":{"fields":{"worldedit_placeholder":"air"},"inventory":null},"(8,1,7)":{"fields":{"worldedit_placeholder":"air"},"inventory":null},"(8,2,7)":{"fields":{"worldedit_placeholder":"air"},"inventory":null},"(9,0,7)":{"fields":{"worldedit_placeholder":"air"},"inventory":null},"(9,1,7)":{"fields":{"worldedit_placeholder":"air"},"inventory":null},"(9,2,7)":{"fields":{"worldedit_placeholder":"air"},"inventory":null}}},"node_mapping":{"air":126.0,"hightech:dark":397.0,"hightech:dark_stripe_bottom_autoconnect_0000":412.0}}