{"metadata":{"meta":{"(11,14,5)":{"fields":{"infotext":"\u001b(T@default)Chest\u001bE"},"inventory":{"main":["","","","","","","","","","","","","","","","","","","","","","","","","","","","","","","",""]}}}},"node_mapping":{"air":126.0,"default:chest":155.0,"default:sand":34.0,"hightech:dark":394.0,"hightech:dark_stripe_top_autoconnect_0011":414.0,"hightech:dark_stripe_top_autoconnect_0100":416.0,"hightech:dark_stripe_top_autoconnect_0110":420.0,"hightech:dark_stripe_top_autoconnect_0111":422.0,"hightech:dark_stripe_top_autoconnect_1000":424.0,"hightech:dark_stripe_top_autoconnect_1010":428.0,"hightech:dark_stripe_top_autoconnect_1100":432.0,"hightech:dark_stripe_vertical":407.0,"stairs:stair_hightech_dark":395.0,"stairs:stair_inner_glass":312.0}}