{"metadata":{"meta":{"(0,15,12)":{"fields":{"worldedit_placeholder":"air"},"inventory":null},"(1,15,12)":{"fields":{"worldedit_placeholder":"air"},"inventory":null},"(10,15,12)":{"fields":{"worldedit_placeholder":"air"},"inventory":null},"(10,15,8)":{"fields":{"worldedit_placeholder":"air"},"inventory":null},"(11,15,12)":{"fields":{"worldedit_placeholder":"air"},"inventory":null},"(11,15,8)":{"fields":{"worldedit_placeholder":"air"},"inventory":null},"(12,15,12)":{"fields":{"worldedit_placeholder":"air"},"inventory":null},"(12,15,8)":{"fields":{"worldedit_placeholder":"air"},"inventory":null},"(13,15,12)":{"fields":{"worldedit_placeholder":"air"},"inventory":null},"(13,15,8)":{"fields":{"worldedit_placeholder":"air"},"inventory":null},"(14,15,12)":{"fields":{"worldedit_placeholder":"air"},"inventory":null},"(14,15,8)":{"fields":{"worldedit_placeholder":"air"},"inventory":null},"(15,15,8)":{"fields":{"worldedit_placeholder":"air"},"inventory":null},"(2,15,12)":{"fields":{"worldedit_placeholder":"air"},"inventory":null},"(3,15,12)":{"fields":{"worldedit_placeholder":"air"},"inventory":null},"(3,15,8)":{"fields":{"worldedit_placeholder":"air"},"inventory":null},"(4,15,12)":{"fields":{"worldedit_placeholder":"air"},"inventory":null},"(4,15,8)":{"fields":{"worldedit_placeholder":"air"},"inventory":null},"(5,15,12)":{"fields":{"worldedit_placeholder":"air"},"inventory":null},"(5,15,8)":{"fields":{"worldedit_placeholder":"air"},"inventory":null},"(6,15,12)":{"fields":{"worldedit_placeholder":"air"},"inventory":null},"(6,15,8)":{"fields":{"worldedit_placeholder":"air"},"inventory":null},"(7,15,12)":{"fields":{"worldedit_placeholder":"air"},"inventory":null},"(7,15,8)":{"fields":{"worldedit_placeholder":"air"},"inventory":null},"(8,15,12)":{"fields":{"worldedit_placeholder":"air"},"inventory":null},"(8,15,8)":{"fields":{"worldedit_placeholder":"air"},"inventory":null},"(9,15,12)":{"fields":{"worldedit_placeholder":"air"},"inventory":null},"(9,15,8)":{"fields":{"worldedit_placeholder":"air"},"inventory":null}}},"node_mapping":{"air":126.0,"default:sand":34.0,"hightech:dark":394.0,"hightech:dark_stripe_top_autoconnect_1100":432.0,"stairs:stair_inner_glass":312.0}}