{"metadata":{"meta":{"(11,0,10)":{"fields":{"worldedit_placeholder":"air"},"inventory":null},"(11,0,11)":{"fields":{"worldedit_placeholder":"air"},"inventory":null},"(11,0,12)":{"fields":{"worldedit_placeholder":"air"},"inventory":null},"(11,0,13)":{"fields":{"worldedit_placeholder":"air"},"inventory":null},"(11,0,14)":{"fields":{"worldedit_placeholder":"air"},"inventory":null},"(11,0,15)":{"fields":{"worldedit_placeholder":"air"},"inventory":null},"(11,0,8)":{"fields":{"worldedit_placeholder":"air"},"inventory":null},"(11,0,9)":{"fields":{"worldedit_placeholder":"air"},"inventory":null},"(11,1,10)":{"fields":{"worldedit_placeholder":"air"},"inventory":null},"(11,1,11)":{"fields":{"worldedit_placeholder":"air"},"inventory":null},"(11,1,12)":{"fields":{"worldedit_placeholder":"air"},"inventory":null},"(11,1,13)":{"fields":{"worldedit_placeholder":"air"},"inventory":null},"(11,1,14)":{"fields":{"worldedit_placeholder":"air"},"inventory":null},"(11,1,15)":{"fields":{"worldedit_placeholder":"air"},"inventory":null},"(11,1,8)":{"fields":{"worldedit_placeholder":"air"},"inventory":null},"(11,1,9)":{"fields":{"worldedit_placeholder":"air"},"inventory":null},"(11,2,10)":{"fields":{"worldedit_placeholder":"air"},"inventory":null},"(11,2,11)":{"fields":{"worldedit_placeholder":"air"},"inventory":null},"(11,2,12)":{"fields":{"worldedit_placeholder":"air"},"inventory":null},"(11,2,13)":{"fields":{"worldedit_placeholder":"air"},"inventory":null},"(11,2,14)":{"fields":{"worldedit_placeholder":"air"},"inventory":null},"(11,2,15)":{"fields":{"worldedit_placeholder":"air"},"inventory":null},"(11,2,8)":{"fields":{"worldedit_placeholder":"air"},"inventory":null},"(11,2,9)":{"fields":{"worldedit_placeholder":"air"},"inventory":null},"(15,0,10)":{"fields":{"worldedit_placeholder":"air"},"inventory":null},"(15,0,11)":{"fields":{"worldedit_placeholder":"air"},"inventory":null},"(15,0,12)":{"fields":{"worldedit_placeholder":"air"},"inventory":null},"(15,0,13)":{"fields":{"worldedit_placeholder":"air"},"inventory":null},"(15,0,14)":{"fields":{"worldedit_placeholder":"air"},"inventory":null},"(15,0,15)":{"fields":{"worldedit_placeholder":"air"},"inventory":null},"(15,0,5)":{"fields":{"worldedit_placeholder":"air"},"inventory":null},"(15,0,6)":{"fields":{"worldedit_placeholder":"air"},"inventory":null},"(15,0,7)":{"fields":{"worldedit_placeholder":"air"},"inventory":null},"(15,0,8)":{"fields":{"worldedit_placeholder":"air"},"inventory":null},"(15,0,9)":{"fields":{"worldedit_placeholder":"air"},"inventory":null},"(15,1,10)":{"fields":{"worldedit_placeholder":"air"},"inventory":null},"(15,1,11)":{"fields":{"worldedit_placeholder":"air"},"inventory":null},"(15,1,12)":{"fields":{"worldedit_placeholder":"air"},"inventory":null},"(15,1,13)":{"fields":{"worldedit_placeholder":"air"},"inventory":null},"(15,1,14)":{"fields":{"worldedit_placeholder":"air"},"inventory":null},"(15,1,15)":{"fields":{"worldedit_placeholder":"air"},"inventory":null},"(15,1,5)":{"fields":{"worldedit_placeholder":"air"},"inventory":null},"(15,1,6)":{"fields":{"worldedit_placeholder":"air"},"inventory":null},"(15,1,7)":{"fields":{"worldedit_placeholder":"air"},"inventory":null},"(15,1,8)":{"fields":{"worldedit_placeholder":"air"},"inventory":null},"(15,1,9)":{"fields":{"worldedit_placeholder":"air"},"inventory":null},"(15,2,10)":{"fields":{"worldedit_placeholder":"air"},"inventory":null},"(15,2,11)":{"fields":{"worldedit_placeholder":"air"},"inventory":null},"(15,2,12)":{"fields":{"worldedit_placeholder":"air"},"inventory":null},"(15,2,13)":{"fields":{"worldedit_placeholder":"air"},"inventory":null},"(15,2,14)":{"fields":{"worldedit_placeholder":"air"},"inventory":null},"(15,2,15)":{"fields":{"worldedit_placeholder":"air"},"inventory":null},"(15,2,5)":{"fields":{"worldedit_placeholder":"air"},"inventory":null},"(15,2,6)":{"fields":{"worldedit_placeholder":"air"},"inventory":null},"(15,2,7)":{"fields":{"worldedit_placeholder":"air"},"inventory":null},"(15,2,8)":{"fields":{"worldedit_placeholder":"air"},"inventory":null},"(15,2,9)":{"fields":{"worldedit_placeholder":"air"},"inventory":null},"(5,4,12)":{"fields":{"state":"0"},"inventory":null},"(7,0,10)":{"fields":{"worldedit_placeholder":"air"},"inventory":null},"(7,0,11)":{"fields":{"worldedit_placeholder":"air"},"inventory":null},"(7,0,12)":{"fields":{"worldedit_placeholder":"air"},"inventory":null},"(7,0,13)":{"fields":{"worldedit_placeholder":"air"},"inventory":null},"(7,0,14)":{"fields":{"worldedit_placeholder":"air"},"inventory":null},"(7,0,15)":{"fields":{"worldedit_placeholder":"air"},"inventory":null},"(7,0,5)":{"fields":{"worldedit_placeholder":"air"},"inventory":null},"(7,0,6)":{"fields":{"worldedit_placeholder":"air"},"inventory":null},"(7,0,7)":{"fields":{"worldedit_placeholder":"air"},"inventory":null},"(7,0,8)":{"fields":{"worldedit_placeholder":"air"},"inventory":null},"(7,0,9)":{"fields":{"worldedit_placeholder":"air"},"inventory":null},"(7,1,10)":{"fields":{"worldedit_placeholder":"air"},"inventory":null},"(7,1,11)":{"fields":{"worldedit_placeholder":"air"},"inventory":null},"(7,1,12)":{"fields":{"worldedit_placeholder":"air"},"inventory":null},"(7,1,13)":{"fields":{"worldedit_placeholder":"air"},"inventory":null},"(7,1,14)":{"fields":{"worldedit_placeholder":"air"},"inventory":null},"(7,1,15)":{"fields":{"worldedit_placeholder":"air"},"inventory":null},"(7,1,5)":{"fields":{"worldedit_placeholder":"air"},"inventory":null},"(7,1,6)":{"fields":{"worldedit_placeholder":"air"},"inventory":null},"(7,1,7)":{"fields":{"worldedit_placeholder":"air"},"inventory":null},"(7,1,8)":{"fields":{"worldedit_placeholder":"air"},"inventory":null},"(7,1,9)":{"fields":{"worldedit_placeholder":"air"},"inventory":null},"(7,2,10)":{"fields":{"worldedit_placeholder":"air"},"inventory":null},"(7,2,11)":{"fields":{"worldedit_placeholder":"air"},"inventory":null},"(7,2,12)":{"fields":{"worldedit_placeholder":"air"},"inventory":null},"(7,2,13)":{"fields":{"worldedit_placeholder":"air"},"inventory":null},"(7,2,14)":{"fields":{"worldedit_placeholder":"air"},"inventory":null},"(7,2,15)":{"fields":{"worldedit_placeholder":"air"},"inventory":null},"(7,2,5)":{"fields":{"worldedit_placeholder":"air"},"inventory":null},"(7,2,6)":{"fields":{"worldedit_placeholder":"air"},"inventory":null},"(7,2,7)":{"fields":{"worldedit_placeholder":"air"},"inventory":null},"(7,2,8)":{"fields":{"worldedit_placeholder":"air"},"inventory":null},"(7,2,9)":{"fields":{"worldedit_placeholder":"air"},"inventory":null}}},"node_mapping":{"air":126.0,"hightech:dark":394.0,"hightech:dark_stripe_bottom_autoconnect_0000":409.0,"stairs:stair_inner_glass":312.0}}