{"metadata":{"meta":{"(0,0,8)":{"fields":{"worldedit_placeholder":"air"},"inventory":null},"(0,1,8)":{"fields":{"worldedit_placeholder":"air"},"inventory":null},"(0,2,8)":{"fields":{"worldedit_placeholder":"air"},"inventory":null},"(1,0,8)":{"fields":{"worldedit_placeholder":"air"},"inventory":null},"(1,1,8)":{"fields":{"worldedit_placeholder":"air"},"inventory":null},"(1,2,8)":{"fields":{"worldedit_placeholder":"air"},"inventory":null},"(2,0,8)":{"fields":{"worldedit_placeholder":"air"},"inventory":null},"(2,1,8)":{"fields":{"worldedit_placeholder":"air"},"inventory":null},"(2,2,8)":{"fields":{"worldedit_placeholder":"air"},"inventory":null},"(3,0,10)":{"fields":{"worldedit_placeholder":"air"},"inventory":null},"(3,0,11)":{"fields":{"worldedit_placeholder":"air"},"inventory":null},"(3,0,12)":{"fields":{"worldedit_placeholder":"air"},"inventory":null},"(3,0,13)":{"fields":{"worldedit_placeholder":"air"},"inventory":null},"(3,0,14)":{"fields":{"worldedit_placeholder":"air"},"inventory":null},"(3,0,15)":{"fields":{"worldedit_placeholder":"air"},"inventory":null},"(3,0,8)":{"fields":{"worldedit_placeholder":"air"},"inventory":null},"(3,0,9)":{"fields":{"worldedit_placeholder":"air"},"inventory":null},"(3,1,10)":{"fields":{"worldedit_placeholder":"air"},"inventory":null},"(3,1,11)":{"fields":{"worldedit_placeholder":"air"},"inventory":null},"(3,1,12)":{"fields":{"worldedit_placeholder":"air"},"inventory":null},"(3,1,13)":{"fields":{"worldedit_placeholder":"air"},"inventory":null},"(3,1,14)":{"fields":{"worldedit_placeholder":"air"},"inventory":null},"(3,1,15)":{"fields":{"worldedit_placeholder":"air"},"inventory":null},"(3,1,8)":{"fields":{"worldedit_placeholder":"air"},"inventory":null},"(3,1,9)":{"fields":{"worldedit_placeholder":"air"},"inventory":null},"(3,2,10)":{"fields":{"worldedit_placeholder":"air"},"inventory":null},"(3,2,11)":{"fields":{"worldedit_placeholder":"air"},"inventory":null},"(3,2,12)":{"fields":{"worldedit_placeholder":"air"},"inventory":null},"(3,2,13)":{"fields":{"worldedit_placeholder":"air"},"inventory":null},"(3,2,14)":{"fields":{"worldedit_placeholder":"air"},"inventory":null},"(3,2,15)":{"fields":{"worldedit_placeholder":"air"},"inventory":null},"(3,2,8)":{"fields":{"worldedit_placeholder":"air"},"inventory":null},"(3,2,9)":{"fields":{"worldedit_placeholder":"air"},"inventory":null},"(3,3,5)":{"fields":{"state":"0"},"inventory":null},"(3,4,5)":{"fields":{"state":"0"},"inventory":null},"(7,0,10)":{"fields":{"worldedit_placeholder":"air"},"inventory":null},"(7,0,11)":{"fields":{"worldedit_placeholder":"air"},"inventory":null},"(7,0,12)":{"fields":{"worldedit_placeholder":"air"},"inventory":null},"(7,0,13)":{"fields":{"worldedit_placeholder":"air"},"inventory":null},"(7,0,14)":{"fields":{"worldedit_placeholder":"air"},"inventory":null},"(7,0,15)":{"fields":{"worldedit_placeholder":"air"},"inventory":null},"(7,0,5)":{"fields":{"worldedit_placeholder":"air"},"inventory":null},"(7,0,6)":{"fields":{"worldedit_placeholder":"air"},"inventory":null},"(7,0,7)":{"fields":{"worldedit_placeholder":"air"},"inventory":null},"(7,0,8)":{"fields":{"worldedit_placeholder":"air"},"inventory":null},"(7,0,9)":{"fields":{"worldedit_placeholder":"air"},"inventory":null},"(7,1,10)":{"fields":{"worldedit_placeholder":"air"},"inventory":null},"(7,1,11)":{"fields":{"worldedit_placeholder":"air"},"inventory":null},"(7,1,12)":{"fields":{"worldedit_placeholder":"air"},"inventory":null},"(7,1,13)":{"fields":{"worldedit_placeholder":"air"},"inventory":null},"(7,1,14)":{"fields":{"worldedit_placeholder":"air"},"inventory":null},"(7,1,15)":{"fields":{"worldedit_placeholder":"air"},"inventory":null},"(7,1,5)":{"fields":{"worldedit_placeholder":"air"},"inventory":null},"(7,1,6)":{"fields":{"worldedit_placeholder":"air"},"inventory":null},"(7,1,7)":{"fields":{"worldedit_placeholder":"air"},"inventory":null},"(7,1,8)":{"fields":{"worldedit_placeholder":"air"},"inventory":null},"(7,1,9)":{"fields":{"worldedit_placeholder":"air"},"inventory":null},"(7,2,10)":{"fields":{"worldedit_placeholder":"air"},"inventory":null},"(7,2,11)":{"fields":{"worldedit_placeholder":"air"},"inventory":null},"(7,2,12)":{"fields":{"worldedit_placeholder":"air"},"inventory":null},"(7,2,13)":{"fields":{"worldedit_placeholder":"air"},"inventory":null},"(7,2,14)":{"fields":{"worldedit_placeholder":"air"},"inventory":null},"(7,2,15)":{"fields":{"worldedit_placeholder":"air"},"inventory":null},"(7,2,5)":{"fields":{"worldedit_placeholder":"air"},"inventory":null},"(7,2,6)":{"fields":{"worldedit_placeholder":"air"},"inventory":null},"(7,2,7)":{"fields":{"worldedit_placeholder":"air"},"inventory":null},"(7,2,8)":{"fields":{"worldedit_placeholder":"air"},"inventory":null},"(7,2,9)":{"fields":{"worldedit_placeholder":"air"},"inventory":null}}},"node_mapping":{"air":126.0,"hightech:dark":394.0,"hightech:dark_stripe_bottom_autoconnect_0000":409.0,"stairs:stair_inner_glass":312.0}}