{"metadata":{"meta":{"(11,15,0)":{"fields":{"worldedit_placeholder":"air"},"inventory":null},"(11,15,1)":{"fields":{"worldedit_placeholder":"air"},"inventory":null},"(11,15,3)":{"fields":{"worldedit_placeholder":"air"},"inventory":null},"(11,15,4)":{"fields":{"worldedit_placeholder":"air"},"inventory":null},"(11,15,5)":{"fields":{"worldedit_placeholder":"air"},"inventory":null},"(11,15,6)":{"fields":{"worldedit_placeholder":"air"},"inventory":null},"(15,15,0)":{"fields":{"worldedit_placeholder":"air"},"inventory":null},"(15,15,1)":{"fields":{"worldedit_placeholder":"air"},"inventory":null},"(15,15,2)":{"fields":{"worldedit_placeholder":"air"},"inventory":null},"(15,15,4)":{"fields":{"worldedit_placeholder":"air"},"inventory":null},"(15,15,5)":{"fields":{"worldedit_placeholder":"air"},"inventory":null},"(15,15,6)":{"fields":{"worldedit_placeholder":"air"},"inventory":null},"(15,15,7)":{"fields":{"worldedit_placeholder":"air"},"inventory":null}}},"node_mapping":{"air":126.0,"default:sand":34.0,"hightech:dark":394.0,"hightech:dark_stripe_top_autoconnect_0011":414.0,"hightech:dark_stripe_top_autoconnect_1001":426.0,"hightech:dark_stripe_top_autoconnect_1100":432.0,"stairs:stair_inner_glass":312.0}}