{"metadata":{"meta":{"(0,0,7)":{"fields":{"worldedit_placeholder":"air"},"inventory":null},"(0,1,7)":{"fields":{"worldedit_placeholder":"air"},"inventory":null},"(0,10,7)":{"fields":{"worldedit_placeholder":"air"},"inventory":null},"(0,11,7)":{"fields":{"worldedit_placeholder":"air"},"inventory":null},"(0,12,7)":{"fields":{"worldedit_placeholder":"air"},"inventory":null},"(0,13,7)":{"fields":{"worldedit_placeholder":"air"},"inventory":null},"(0,14,7)":{"fields":{"worldedit_placeholder":"air"},"inventory":null},"(0,15,7)":{"fields":{"worldedit_placeholder":"air"},"inventory":null},"(0,2,7)":{"fields":{"worldedit_placeholder":"air"},"inventory":null},"(0,3,7)":{"fields":{"worldedit_placeholder":"air"},"inventory":null},"(0,4,7)":{"fields":{"worldedit_placeholder":"air"},"inventory":null},"(0,5,7)":{"fields":{"worldedit_placeholder":"air"},"inventory":null},"(0,6,7)":{"fields":{"worldedit_placeholder":"air"},"inventory":null},"(0,7,7)":{"fields":{"worldedit_placeholder":"air"},"inventory":null},"(1,0,7)":{"fields":{"worldedit_placeholder":"air"},"inventory":null},"(1,1,7)":{"fields":{"worldedit_placeholder":"air"},"inventory":null},"(1,10,7)":{"fields":{"worldedit_placeholder":"air"},"inventory":null},"(1,10,8)":{"fields":{"worldedit_placeholder":"air"},"inventory":null},"(1,11,7)":{"fields":{"worldedit_placeholder":"air"},"inventory":null},"(1,12,7)":{"fields":{"worldedit_placeholder":"air"},"inventory":null},"(1,13,7)":{"fields":{"worldedit_placeholder":"air"},"inventory":null},"(1,14,7)":{"fields":{"worldedit_placeholder":"air"},"inventory":null},"(1,15,7)":{"fields":{"worldedit_placeholder":"air"},"inventory":null},"(1,2,7)":{"fields":{"worldedit_placeholder":"air"},"inventory":null},"(1,3,7)":{"fields":{"worldedit_placeholder":"air"},"inventory":null},"(1,4,7)":{"fields":{"worldedit_placeholder":"air"},"inventory":null},"(1,5,7)":{"fields":{"worldedit_placeholder":"air"},"inventory":null},"(1,6,7)":{"fields":{"worldedit_placeholder":"air"},"inventory":null},"(1,7,7)":{"fields":{"worldedit_placeholder":"air"},"inventory":null},"(10,0,7)":{"fields":{"worldedit_placeholder":"air"},"inventory":null},"(10,1,7)":{"fields":{"worldedit_placeholder":"air"},"inventory":null},"(10,10,7)":{"fields":{"worldedit_placeholder":"air"},"inventory":null},"(10,11,7)":{"fields":{"worldedit_placeholder":"air"},"inventory":null},"(10,12,7)":{"fields":{"worldedit_placeholder":"air"},"inventory":null},"(10,13,7)":{"fields":{"worldedit_placeholder":"air"},"inventory":null},"(10,14,7)":{"fields":{"worldedit_placeholder":"air"},"inventory":null},"(10,15,7)":{"fields":{"worldedit_placeholder":"air"},"inventory":null},"(10,2,7)":{"fields":{"worldedit_placeholder":"air"},"inventory":null},"(10,3,7)":{"fields":{"worldedit_placeholder":"air"},"inventory":null},"(10,4,7)":{"fields":{"worldedit_placeholder":"air"},"inventory":null},"(10,5,7)":{"fields":{"worldedit_placeholder":"air"},"inventory":null},"(10,6,7)":{"fields":{"worldedit_placeholder":"air"},"inventory":null},"(10,7,7)":{"fields":{"worldedit_placeholder":"air"},"inventory":null},"(11,0,7)":{"fields":{"worldedit_placeholder":"air"},"inventory":null},"(11,1,7)":{"fields":{"worldedit_placeholder":"air"},"inventory":null},"(11,11,7)":{"fields":{"worldedit_placeholder":"air"},"inventory":null},"(11,12,7)":{"fields":{"worldedit_placeholder":"air"},"inventory":null},"(11,13,7)":{"fields":{"worldedit_placeholder":"air"},"inventory":null},"(11,14,7)":{"fields":{"worldedit_placeholder":"air"},"inventory":null},"(11,15,7)":{"fields":{"worldedit_placeholder":"air"},"inventory":null},"(11,2,7)":{"fields":{"worldedit_placeholder":"air"},"inventory":null},"(11,3,7)":{"fields":{"worldedit_placeholder":"air"},"inventory":null},"(11,4,7)":{"fields":{"worldedit_placeholder":"air"},"inventory":null},"(11,5,7)":{"fields":{"worldedit_placeholder":"air"},"inventory":null},"(11,6,7)":{"fields":{"worldedit_placeholder":"air"},"inventory":null},"(11,7,7)":{"fields":{"worldedit_placeholder":"air"},"inventory":null},"(12,0,10)":{"fields":{"worldedit_placeholder":"air"},"inventory":null},"(12,0,8)":{"fields":{"worldedit_placeholder":"air"},"inventory":null},"(12,0,9)":{"fields":{"worldedit_placeholder":"air"},"inventory":null},"(12,1,10)":{"fields":{"worldedit_placeholder":"air"},"inventory":null},"(12,1,8)":{"fields":{"worldedit_placeholder":"air"},"inventory":null},"(12,1,9)":{"fields":{"worldedit_placeholder":"air"},"inventory":null},"(12,2,10)":{"fields":{"worldedit_placeholder":"air"},"inventory":null},"(12,2,8)":{"fields":{"worldedit_placeholder":"air"},"inventory":null},"(12,2,9)":{"fields":{"worldedit_placeholder":"air"},"inventory":null},"(12,3,10)":{"fields":{"worldedit_placeholder":"air"},"inventory":null},"(12,3,8)":{"fields":{"worldedit_placeholder":"air"},"inventory":null},"(12,3,9)":{"fields":{"worldedit_placeholder":"air"},"inventory":null},"(12,4,10)":{"fields":{"worldedit_placeholder":"air"},"inventory":null},"(12,4,8)":{"fields":{"worldedit_placeholder":"air"},"inventory":null},"(12,4,9)":{"fields":{"worldedit_placeholder":"air"},"inventory":null},"(12,5,10)":{"fields":{"worldedit_placeholder":"air"},"inventory":null},"(12,5,8)":{"fields":{"worldedit_placeholder":"air"},"inventory":null},"(12,5,9)":{"fields":{"worldedit_placeholder":"air"},"inventory":null},"(12,6,10)":{"fields":{"worldedit_placeholder":"air"},"inventory":null},"(12,6,8)":{"fields":{"worldedit_placeholder":"air"},"inventory":null},"(12,6,9)":{"fields":{"worldedit_placeholder":"air"},"inventory":null},"(12,7,10)":{"fields":{"worldedit_placeholder":"air"},"inventory":null},"(12,7,8)":{"fields":{"worldedit_placeholder":"air"},"inventory":null},"(12,7,9)":{"fields":{"worldedit_placeholder":"air"},"inventory":null},"(13,11,7)":{"fields":{"worldedit_placeholder":"air"},"inventory":null},"(13,12,7)":{"fields":{"worldedit_placeholder":"air"},"inventory":null},"(13,13,7)":{"fields":{"worldedit_placeholder":"air"},"inventory":null},"(13,14,7)":{"fields":{"worldedit_placeholder":"air"},"inventory":null},"(13,15,7)":{"fields":{"worldedit_placeholder":"air"},"inventory":null},"(14,10,7)":{"fields":{"worldedit_placeholder":"air"},"inventory":null},"(14,11,7)":{"fields":{"worldedit_placeholder":"air"},"inventory":null},"(14,12,7)":{"fields":{"worldedit_placeholder":"air"},"inventory":null},"(14,13,7)":{"fields":{"worldedit_placeholder":"air"},"inventory":null},"(14,14,7)":{"fields":{"worldedit_placeholder":"air"},"inventory":null},"(14,15,7)":{"fields":{"worldedit_placeholder":"air"},"inventory":null},"(15,10,7)":{"fields":{"worldedit_placeholder":"air"},"inventory":null},"(15,11,7)":{"fields":{"worldedit_placeholder":"air"},"inventory":null},"(15,12,7)":{"fields":{"worldedit_placeholder":"air"},"inventory":null},"(15,13,7)":{"fields":{"worldedit_placeholder":"air"},"inventory":null},"(15,14,7)":{"fields":{"worldedit_placeholder":"air"},"inventory":null},"(15,15,7)":{"fields":{"worldedit_placeholder":"air"},"inventory":null},"(2,0,7)":{"fields":{"worldedit_placeholder":"air"},"inventory":null},"(2,1,7)":{"fields":{"worldedit_placeholder":"air"},"inventory":null},"(2,10,7)":{"fields":{"worldedit_placeholder":"air"},"inventory":null},"(2,11,7)":{"fields":{"worldedit_placeholder":"air"},"inventory":null},"(2,12,7)":{"fields":{"worldedit_placeholder":"air"},"inventory":null},"(2,13,7)":{"fields":{"worldedit_placeholder":"air"},"inventory":null},"(2,14,7)":{"fields":{"worldedit_placeholder":"air"},"inventory":null},"(2,15,7)":{"fields":{"worldedit_placeholder":"air"},"inventory":null},"(2,2,7)":{"fields":{"worldedit_placeholder":"air"},"inventory":null},"(2,3,7)":{"fields":{"worldedit_placeholder":"air"},"inventory":null},"(2,4,7)":{"fields":{"worldedit_placeholder":"air"},"inventory":null},"(2,5,7)":{"fields":{"worldedit_placeholder":"air"},"inventory":null},"(2,6,7)":{"fields":{"worldedit_placeholder":"air"},"inventory":null},"(2,7,7)":{"fields":{"worldedit_placeholder":"air"},"inventory":null},"(3,0,7)":{"fields":{"worldedit_placeholder":"air"},"inventory":null},"(3,1,7)":{"fields":{"worldedit_placeholder":"air"},"inventory":null},"(3,10,7)":{"fields":{"worldedit_placeholder":"air"},"inventory":null},"(3,11,7)":{"fields":{"worldedit_placeholder":"air"},"inventory":null},"(3,12,7)":{"fields":{"worldedit_placeholder":"air"},"inventory":null},"(3,13,7)":{"fields":{"worldedit_placeholder":"air"},"inventory":null},"(3,14,7)":{"fields":{"worldedit_placeholder":"air"},"inventory":null},"(3,15,7)":{"fields":{"worldedit_placeholder":"air"},"inventory":null},"(3,2,7)":{"fields":{"worldedit_placeholder":"air"},"inventory":null},"(3,3,7)":{"fields":{"worldedit_placeholder":"air"},"inventory":null},"(3,4,7)":{"fields":{"worldedit_placeholder":"air"},"inventory":null},"(3,5,7)":{"fields":{"worldedit_placeholder":"air"},"inventory":null},"(3,6,7)":{"fields":{"worldedit_placeholder":"air"},"inventory":null},"(3,7,7)":{"fields":{"worldedit_placeholder":"air"},"inventory":null},"(4,0,7)":{"fields":{"worldedit_placeholder":"air"},"inventory":null},"(4,1,7)":{"fields":{"worldedit_placeholder":"air"},"inventory":null},"(4,10,7)":{"fields":{"worldedit_placeholder":"air"},"inventory":null},"(4,11,7)":{"fields":{"worldedit_placeholder":"air"},"inventory":null},"(4,12,7)":{"fields":{"worldedit_placeholder":"air"},"inventory":null},"(4,13,7)":{"fields":{"worldedit_placeholder":"air"},"inventory":null},"(4,14,7)":{"fields":{"worldedit_placeholder":"air"},"inventory":null},"(4,15,7)":{"fields":{"worldedit_placeholder":"air"},"inventory":null},"(4,2,7)":{"fields":{"worldedit_placeholder":"air"},"inventory":null},"(4,3,7)":{"fields":{"worldedit_placeholder":"air"},"inventory":null},"(4,4,7)":{"fields":{"worldedit_placeholder":"air"},"inventory":null},"(4,5,7)":{"fields":{"worldedit_placeholder":"air"},"inventory":null},"(4,6,7)":{"fields":{"worldedit_placeholder":"air"},"inventory":null},"(4,7,7)":{"fields":{"worldedit_placeholder":"air"},"inventory":null},"(5,0,7)":{"fields":{"worldedit_placeholder":"air"},"inventory":null},"(5,1,7)":{"fields":{"worldedit_placeholder":"air"},"inventory":null},"(5,10,7)":{"fields":{"worldedit_placeholder":"air"},"inventory":null},"(5,11,7)":{"fields":{"worldedit_placeholder":"air"},"inventory":null},"(5,12,7)":{"fields":{"worldedit_placeholder":"air"},"inventory":null},"(5,13,7)":{"fields":{"worldedit_placeholder":"air"},"inventory":null},"(5,14,7)":{"fields":{"worldedit_placeholder":"air"},"inventory":null},"(5,15,7)":{"fields":{"worldedit_placeholder":"air"},"inventory":null},"(5,2,7)":{"fields":{"worldedit_placeholder":"air"},"inventory":null},"(5,3,7)":{"fields":{"worldedit_placeholder":"air"},"inventory":null},"(5,4,7)":{"fields":{"worldedit_placeholder":"air"},"inventory":null},"(5,5,7)":{"fields":{"worldedit_placeholder":"air"},"inventory":null},"(5,6,7)":{"fields":{"worldedit_placeholder":"air"},"inventory":null},"(5,7,7)":{"fields":{"worldedit_placeholder":"air"},"inventory":null},"(6,0,7)":{"fields":{"worldedit_placeholder":"air"},"inventory":null},"(6,1,7)":{"fields":{"worldedit_placeholder":"air"},"inventory":null},"(6,10,7)":{"fields":{"worldedit_placeholder":"air"},"inventory":null},"(6,11,7)":{"fields":{"worldedit_placeholder":"air"},"inventory":null},"(6,12,7)":{"fields":{"worldedit_placeholder":"air"},"inventory":null},"(6,13,7)":{"fields":{"worldedit_placeholder":"air"},"inventory":null},"(6,14,7)":{"fields":{"worldedit_placeholder":"air"},"inventory":null},"(6,15,7)":{"fields":{"worldedit_placeholder":"air"},"inventory":null},"(6,2,7)":{"fields":{"worldedit_placeholder":"air"},"inventory":null},"(6,3,7)":{"fields":{"worldedit_placeholder":"air"},"inventory":null},"(6,4,7)":{"fields":{"worldedit_placeholder":"air"},"inventory":null},"(6,5,7)":{"fields":{"worldedit_placeholder":"air"},"inventory":null},"(6,6,7)":{"fields":{"worldedit_placeholder":"air"},"inventory":null},"(6,7,7)":{"fields":{"worldedit_placeholder":"air"},"inventory":null},"(7,0,7)":{"fields":{"worldedit_placeholder":"air"},"inventory":null},"(7,1,7)":{"fields":{"worldedit_placeholder":"air"},"inventory":null},"(7,10,7)":{"fields":{"worldedit_placeholder":"air"},"inventory":null},"(7,11,7)":{"fields":{"worldedit_placeholder":"air"},"inventory":null},"(7,12,7)":{"fields":{"worldedit_placeholder":"air"},"inventory":null},"(7,13,7)":{"fields":{"worldedit_placeholder":"air"},"inventory":null},"(7,14,7)":{"fields":{"worldedit_placeholder":"air"},"inventory":null},"(7,15,7)":{"fields":{"worldedit_placeholder":"air"},"inventory":null},"(7,2,7)":{"fields":{"worldedit_placeholder":"air"},"inventory":null},"(7,3,7)":{"fields":{"worldedit_placeholder":"air"},"inventory":null},"(7,4,7)":{"fields":{"worldedit_placeholder":"air"},"inventory":null},"(7,5,7)":{"fields":{"worldedit_placeholder":"air"},"inventory":null},"(7,6,7)":{"fields":{"worldedit_placeholder":"air"},"inventory":null},"(7,7,7)":{"fields":{"worldedit_placeholder":"air"},"inventory":null},"(8,0,7)":{"fields":{"worldedit_placeholder":"air"},"inventory":null},"(8,1,7)":{"fields":{"worldedit_placeholder":"air"},"inventory":null},"(8,10,7)":{"fields":{"worldedit_placeholder":"air"},"inventory":null},"(8,11,7)":{"fields":{"worldedit_placeholder":"air"},"inventory":null},"(8,12,7)":{"fields":{"worldedit_placeholder":"air"},"inventory":null},"(8,13,7)":{"fields":{"worldedit_placeholder":"air"},"inventory":null},"(8,14,7)":{"fields":{"worldedit_placeholder":"air"},"inventory":null},"(8,15,7)":{"fields":{"worldedit_placeholder":"air"},"inventory":null},"(8,2,7)":{"fields":{"worldedit_placeholder":"air"},"inventory":null},"(8,3,7)":{"fields":{"worldedit_placeholder":"air"},"inventory":null},"(8,4,7)":{"fields":{"worldedit_placeholder":"air"},"inventory":null},"(8,5,7)":{"fields":{"worldedit_placeholder":"air"},"inventory":null},"(8,6,7)":{"fields":{"worldedit_placeholder":"air"},"inventory":null},"(8,7,7)":{"fields":{"worldedit_placeholder":"air"},"inventory":null},"(9,0,7)":{"fields":{"worldedit_placeholder":"air"},"inventory":null},"(9,1,7)":{"fields":{"worldedit_placeholder":"air"},"inventory":null},"(9,10,7)":{"fields":{"worldedit_placeholder":"air"},"inventory":null},"(9,11,7)":{"fields":{"worldedit_placeholder":"air"},"inventory":null},"(9,12,7)":{"fields":{"worldedit_placeholder":"air"},"inventory":null},"(9,13,7)":{"fields":{"worldedit_placeholder":"air"},"inventory":null},"(9,14,7)":{"fields":{"worldedit_placeholder":"air"},"inventory":null},"(9,15,7)":{"fields":{"worldedit_placeholder":"air"},"inventory":null},"(9,2,7)":{"fields":{"worldedit_placeholder":"air"},"inventory":null},"(9,3,7)":{"fields":{"worldedit_placeholder":"air"},"inventory":null},"(9,4,7)":{"fields":{"worldedit_placeholder":"air"},"inventory":null},"(9,5,7)":{"fields":{"worldedit_placeholder":"air"},"inventory":null},"(9,6,7)":{"fields":{"worldedit_placeholder":"air"},"inventory":null},"(9,7,7)":{"fields":{"worldedit_placeholder":"air"},"inventory":null}}},"node_mapping":{"air":126.0,"hightech:dark":394.0,"hightech:dark_stripe_bottom_autoconnect_0000":409.0,"hightech:dark_stripe_horizontal":406.0,"hightech:dark_stripe_vertical":407.0,"stairs:stair_inner_glass":312.0}}