{"metadata":{"meta":{"(10,0,15)":{"fields":{"worldedit_placeholder":"air"},"inventory":null},"(10,1,15)":{"fields":{"worldedit_placeholder":"air"},"inventory":null},"(10,2,15)":{"fields":{"worldedit_placeholder":"air"},"inventory":null},"(11,0,0)":{"fields":{"worldedit_placeholder":"air"},"inventory":null},"(11,0,1)":{"fields":{"worldedit_placeholder":"air"},"inventory":null},"(11,0,12)":{"fields":{"worldedit_placeholder":"air"},"inventory":null},"(11,0,13)":{"fields":{"worldedit_placeholder":"air"},"inventory":null},"(11,0,14)":{"fields":{"worldedit_placeholder":"air"},"inventory":null},"(11,0,15)":{"fields":{"worldedit_placeholder":"air"},"inventory":null},"(11,0,2)":{"fields":{"worldedit_placeholder":"air"},"inventory":null},"(11,1,0)":{"fields":{"worldedit_placeholder":"air"},"inventory":null},"(11,1,1)":{"fields":{"worldedit_placeholder":"air"},"inventory":null},"(11,1,12)":{"fields":{"worldedit_placeholder":"air"},"inventory":null},"(11,1,13)":{"fields":{"worldedit_placeholder":"air"},"inventory":null},"(11,1,14)":{"fields":{"worldedit_placeholder":"air"},"inventory":null},"(11,1,15)":{"fields":{"worldedit_placeholder":"air"},"inventory":null},"(11,1,2)":{"fields":{"worldedit_placeholder":"air"},"inventory":null},"(11,1,3)":{"fields":{"worldedit_placeholder":"air"},"inventory":null},"(11,2,0)":{"fields":{"worldedit_placeholder":"air"},"inventory":null},"(11,2,1)":{"fields":{"worldedit_placeholder":"air"},"inventory":null},"(11,2,12)":{"fields":{"worldedit_placeholder":"air"},"inventory":null},"(11,2,13)":{"fields":{"worldedit_placeholder":"air"},"inventory":null},"(11,2,14)":{"fields":{"worldedit_placeholder":"air"},"inventory":null},"(11,2,15)":{"fields":{"worldedit_placeholder":"air"},"inventory":null},"(15,0,0)":{"fields":{"worldedit_placeholder":"air"},"inventory":null},"(15,0,1)":{"fields":{"worldedit_placeholder":"air"},"inventory":null},"(15,0,10)":{"fields":{"worldedit_placeholder":"air"},"inventory":null},"(15,0,11)":{"fields":{"worldedit_placeholder":"air"},"inventory":null},"(15,0,12)":{"fields":{"worldedit_placeholder":"air"},"inventory":null},"(15,0,13)":{"fields":{"worldedit_placeholder":"air"},"inventory":null},"(15,0,14)":{"fields":{"worldedit_placeholder":"air"},"inventory":null},"(15,0,15)":{"fields":{"worldedit_placeholder":"air"},"inventory":null},"(15,0,2)":{"fields":{"worldedit_placeholder":"air"},"inventory":null},"(15,0,3)":{"fields":{"worldedit_placeholder":"air"},"inventory":null},"(15,0,4)":{"fields":{"worldedit_placeholder":"air"},"inventory":null},"(15,0,8)":{"fields":{"worldedit_placeholder":"air"},"inventory":null},"(15,0,9)":{"fields":{"worldedit_placeholder":"air"},"inventory":null},"(15,1,0)":{"fields":{"worldedit_placeholder":"air"},"inventory":null},"(15,1,1)":{"fields":{"worldedit_placeholder":"air"},"inventory":null},"(15,1,10)":{"fields":{"worldedit_placeholder":"air"},"inventory":null},"(15,1,11)":{"fields":{"worldedit_placeholder":"air"},"inventory":null},"(15,1,12)":{"fields":{"worldedit_placeholder":"air"},"inventory":null},"(15,1,13)":{"fields":{"worldedit_placeholder":"air"},"inventory":null},"(15,1,14)":{"fields":{"worldedit_placeholder":"air"},"inventory":null},"(15,1,15)":{"fields":{"worldedit_placeholder":"air"},"inventory":null},"(15,1,2)":{"fields":{"worldedit_placeholder":"air"},"inventory":null},"(15,1,3)":{"fields":{"worldedit_placeholder":"air"},"inventory":null},"(15,1,4)":{"fields":{"worldedit_placeholder":"air"},"inventory":null},"(15,1,8)":{"fields":{"worldedit_placeholder":"air"},"inventory":null},"(15,1,9)":{"fields":{"worldedit_placeholder":"air"},"inventory":null},"(15,2,0)":{"fields":{"worldedit_placeholder":"air"},"inventory":null},"(15,2,1)":{"fields":{"worldedit_placeholder":"air"},"inventory":null},"(15,2,10)":{"fields":{"worldedit_placeholder":"air"},"inventory":null},"(15,2,11)":{"fields":{"worldedit_placeholder":"air"},"inventory":null},"(15,2,12)":{"fields":{"worldedit_placeholder":"air"},"inventory":null},"(15,2,13)":{"fields":{"worldedit_placeholder":"air"},"inventory":null},"(15,2,14)":{"fields":{"worldedit_placeholder":"air"},"inventory":null},"(15,2,15)":{"fields":{"worldedit_placeholder":"air"},"inventory":null},"(15,2,2)":{"fields":{"worldedit_placeholder":"air"},"inventory":null},"(15,2,3)":{"fields":{"worldedit_placeholder":"air"},"inventory":null},"(15,2,4)":{"fields":{"worldedit_placeholder":"air"},"inventory":null},"(15,2,8)":{"fields":{"worldedit_placeholder":"air"},"inventory":null},"(15,2,9)":{"fields":{"worldedit_placeholder":"air"},"inventory":null},"(5,0,15)":{"fields":{"worldedit_placeholder":"air"},"inventory":null},"(5,1,15)":{"fields":{"worldedit_placeholder":"air"},"inventory":null},"(5,2,15)":{"fields":{"worldedit_placeholder":"air"},"inventory":null},"(6,0,15)":{"fields":{"worldedit_placeholder":"air"},"inventory":null},"(6,1,15)":{"fields":{"worldedit_placeholder":"air"},"inventory":null},"(6,2,15)":{"fields":{"worldedit_placeholder":"air"},"inventory":null},"(7,0,0)":{"fields":{"worldedit_placeholder":"air"},"inventory":null},"(7,0,1)":{"fields":{"worldedit_placeholder":"air"},"inventory":null},"(7,0,15)":{"fields":{"worldedit_placeholder":"air"},"inventory":null},"(7,1,0)":{"fields":{"worldedit_placeholder":"air"},"inventory":null},"(7,1,1)":{"fields":{"worldedit_placeholder":"air"},"inventory":null},"(7,1,15)":{"fields":{"worldedit_placeholder":"air"},"inventory":null},"(7,2,0)":{"fields":{"worldedit_placeholder":"air"},"inventory":null},"(7,2,15)":{"fields":{"worldedit_placeholder":"air"},"inventory":null},"(8,0,15)":{"fields":{"worldedit_placeholder":"air"},"inventory":null},"(8,1,15)":{"fields":{"worldedit_placeholder":"air"},"inventory":null},"(8,2,15)":{"fields":{"worldedit_placeholder":"air"},"inventory":null},"(9,0,15)":{"fields":{"worldedit_placeholder":"air"},"inventory":null},"(9,1,15)":{"fields":{"worldedit_placeholder":"air"},"inventory":null},"(9,2,15)":{"fields":{"worldedit_placeholder":"air"},"inventory":null}}},"node_mapping":{"air":126.0,"hightech:dark":394.0,"hightech:dark_stripe_bottom_autoconnect_0000":409.0,"hightech:glass":400.0}}