{"metadata":{"meta":{"(11,0,0)":{"fields":{"worldedit_placeholder":"air"},"inventory":null},"(11,0,1)":{"fields":{"worldedit_placeholder":"air"},"inventory":null},"(11,0,2)":{"fields":{"worldedit_placeholder":"air"},"inventory":null},"(11,0,3)":{"fields":{"worldedit_placeholder":"air"},"inventory":null},"(11,0,4)":{"fields":{"worldedit_placeholder":"air"},"inventory":null},"(11,0,5)":{"fields":{"worldedit_placeholder":"air"},"inventory":null},"(11,0,6)":{"fields":{"worldedit_placeholder":"air"},"inventory":null},"(11,0,7)":{"fields":{"worldedit_placeholder":"air"},"inventory":null},"(11,1,0)":{"fields":{"worldedit_placeholder":"air"},"inventory":null},"(11,1,1)":{"fields":{"worldedit_placeholder":"air"},"inventory":null},"(11,1,2)":{"fields":{"worldedit_placeholder":"air"},"inventory":null},"(11,1,3)":{"fields":{"worldedit_placeholder":"air"},"inventory":null},"(11,1,4)":{"fields":{"worldedit_placeholder":"air"},"inventory":null},"(11,1,5)":{"fields":{"worldedit_placeholder":"air"},"inventory":null},"(11,1,6)":{"fields":{"worldedit_placeholder":"air"},"inventory":null},"(11,1,7)":{"fields":{"worldedit_placeholder":"air"},"inventory":null},"(11,10,0)":{"fields":{"worldedit_placeholder":"air"},"inventory":null},"(11,10,1)":{"fields":{"worldedit_placeholder":"air"},"inventory":null},"(11,10,3)":{"fields":{"worldedit_placeholder":"air"},"inventory":null},"(11,10,4)":{"fields":{"worldedit_placeholder":"air"},"inventory":null},"(11,10,5)":{"fields":{"worldedit_placeholder":"air"},"inventory":null},"(11,10,6)":{"fields":{"worldedit_placeholder":"air"},"inventory":null},"(11,11,0)":{"fields":{"worldedit_placeholder":"air"},"inventory":null},"(11,11,1)":{"fields":{"worldedit_placeholder":"air"},"inventory":null},"(11,11,2)":{"fields":{"worldedit_placeholder":"air"},"inventory":null},"(11,11,3)":{"fields":{"worldedit_placeholder":"air"},"inventory":null},"(11,11,4)":{"fields":{"worldedit_placeholder":"air"},"inventory":null},"(11,11,5)":{"fields":{"worldedit_placeholder":"air"},"inventory":null},"(11,11,6)":{"fields":{"worldedit_placeholder":"air"},"inventory":null},"(11,11,7)":{"fields":{"worldedit_placeholder":"air"},"inventory":null},"(11,12,0)":{"fields":{"worldedit_placeholder":"air"},"inventory":null},"(11,12,1)":{"fields":{"worldedit_placeholder":"air"},"inventory":null},"(11,12,2)":{"fields":{"worldedit_placeholder":"air"},"inventory":null},"(11,12,3)":{"fields":{"worldedit_placeholder":"air"},"inventory":null},"(11,12,4)":{"fields":{"worldedit_placeholder":"air"},"inventory":null},"(11,12,5)":{"fields":{"worldedit_placeholder":"air"},"inventory":null},"(11,12,6)":{"fields":{"worldedit_placeholder":"air"},"inventory":null},"(11,12,7)":{"fields":{"worldedit_placeholder":"air"},"inventory":null},"(11,13,0)":{"fields":{"worldedit_placeholder":"air"},"inventory":null},"(11,13,1)":{"fields":{"worldedit_placeholder":"air"},"inventory":null},"(11,13,2)":{"fields":{"worldedit_placeholder":"air"},"inventory":null},"(11,13,3)":{"fields":{"worldedit_placeholder":"air"},"inventory":null},"(11,13,4)":{"fields":{"worldedit_placeholder":"air"},"inventory":null},"(11,13,5)":{"fields":{"worldedit_placeholder":"air"},"inventory":null},"(11,13,6)":{"fields":{"worldedit_placeholder":"air"},"inventory":null},"(11,13,7)":{"fields":{"worldedit_placeholder":"air"},"inventory":null},"(11,14,0)":{"fields":{"worldedit_placeholder":"air"},"inventory":null},"(11,14,1)":{"fields":{"worldedit_placeholder":"air"},"inventory":null},"(11,14,2)":{"fields":{"worldedit_placeholder":"air"},"inventory":null},"(11,14,3)":{"fields":{"worldedit_placeholder":"air"},"inventory":null},"(11,14,4)":{"fields":{"worldedit_placeholder":"air"},"inventory":null},"(11,14,5)":{"fields":{"worldedit_placeholder":"air"},"inventory":null},"(11,14,6)":{"fields":{"worldedit_placeholder":"air"},"inventory":null},"(11,14,7)":{"fields":{"worldedit_placeholder":"air"},"inventory":null},"(11,15,0)":{"fields":{"worldedit_placeholder":"air"},"inventory":null},"(11,15,1)":{"fields":{"worldedit_placeholder":"air"},"inventory":null},"(11,15,2)":{"fields":{"worldedit_placeholder":"air"},"inventory":null},"(11,15,3)":{"fields":{"worldedit_placeholder":"air"},"inventory":null},"(11,15,4)":{"fields":{"worldedit_placeholder":"air"},"inventory":null},"(11,15,5)":{"fields":{"worldedit_placeholder":"air"},"inventory":null},"(11,15,6)":{"fields":{"worldedit_placeholder":"air"},"inventory":null},"(11,15,7)":{"fields":{"worldedit_placeholder":"air"},"inventory":null},"(11,2,0)":{"fields":{"worldedit_placeholder":"air"},"inventory":null},"(11,2,1)":{"fields":{"worldedit_placeholder":"air"},"inventory":null},"(11,2,2)":{"fields":{"worldedit_placeholder":"air"},"inventory":null},"(11,2,3)":{"fields":{"worldedit_placeholder":"air"},"inventory":null},"(11,2,4)":{"fields":{"worldedit_placeholder":"air"},"inventory":null},"(11,2,5)":{"fields":{"worldedit_placeholder":"air"},"inventory":null},"(11,2,6)":{"fields":{"worldedit_placeholder":"air"},"inventory":null},"(11,2,7)":{"fields":{"worldedit_placeholder":"air"},"inventory":null},"(11,3,0)":{"fields":{"worldedit_placeholder":"air"},"inventory":null},"(11,3,1)":{"fields":{"worldedit_placeholder":"air"},"inventory":null},"(11,3,2)":{"fields":{"worldedit_placeholder":"air"},"inventory":null},"(11,3,3)":{"fields":{"worldedit_placeholder":"air"},"inventory":null},"(11,3,4)":{"fields":{"worldedit_placeholder":"air"},"inventory":null},"(11,3,5)":{"fields":{"worldedit_placeholder":"air"},"inventory":null},"(11,3,6)":{"fields":{"worldedit_placeholder":"air"},"inventory":null},"(11,3,7)":{"fields":{"worldedit_placeholder":"air"},"inventory":null},"(11,4,0)":{"fields":{"worldedit_placeholder":"air"},"inventory":null},"(11,4,1)":{"fields":{"worldedit_placeholder":"air"},"inventory":null},"(11,4,2)":{"fields":{"worldedit_placeholder":"air"},"inventory":null},"(11,4,3)":{"fields":{"worldedit_placeholder":"air"},"inventory":null},"(11,4,4)":{"fields":{"worldedit_placeholder":"air"},"inventory":null},"(11,4,5)":{"fields":{"worldedit_placeholder":"air"},"inventory":null},"(11,4,6)":{"fields":{"worldedit_placeholder":"air"},"inventory":null},"(11,4,7)":{"fields":{"worldedit_placeholder":"air"},"inventory":null},"(11,5,0)":{"fields":{"worldedit_placeholder":"air"},"inventory":null},"(11,5,1)":{"fields":{"worldedit_placeholder":"air"},"inventory":null},"(11,5,2)":{"fields":{"worldedit_placeholder":"air"},"inventory":null},"(11,5,3)":{"fields":{"worldedit_placeholder":"air"},"inventory":null},"(11,5,4)":{"fields":{"worldedit_placeholder":"air"},"inventory":null},"(11,5,5)":{"fields":{"worldedit_placeholder":"air"},"inventory":null},"(11,5,6)":{"fields":{"worldedit_placeholder":"air"},"inventory":null},"(11,5,7)":{"fields":{"worldedit_placeholder":"air"},"inventory":null},"(11,6,0)":{"fields":{"worldedit_placeholder":"air"},"inventory":null},"(11,6,1)":{"fields":{"worldedit_placeholder":"air"},"inventory":null},"(11,6,2)":{"fields":{"worldedit_placeholder":"air"},"inventory":null},"(11,6,3)":{"fields":{"worldedit_placeholder":"air"},"inventory":null},"(11,6,4)":{"fields":{"worldedit_placeholder":"air"},"inventory":null},"(11,6,5)":{"fields":{"worldedit_placeholder":"air"},"inventory":null},"(11,6,6)":{"fields":{"worldedit_placeholder":"air"},"inventory":null},"(11,6,7)":{"fields":{"worldedit_placeholder":"air"},"inventory":null},"(11,7,0)":{"fields":{"worldedit_placeholder":"air"},"inventory":null},"(11,7,1)":{"fields":{"worldedit_placeholder":"air"},"inventory":null},"(11,7,2)":{"fields":{"worldedit_placeholder":"air"},"inventory":null},"(11,7,3)":{"fields":{"worldedit_placeholder":"air"},"inventory":null},"(11,7,4)":{"fields":{"worldedit_placeholder":"air"},"inventory":null},"(11,7,5)":{"fields":{"worldedit_placeholder":"air"},"inventory":null},"(11,7,6)":{"fields":{"worldedit_placeholder":"air"},"inventory":null},"(11,7,7)":{"fields":{"worldedit_placeholder":"air"},"inventory":null},"(15,0,0)":{"fields":{"worldedit_placeholder":"air"},"inventory":null},"(15,0,1)":{"fields":{"worldedit_placeholder":"air"},"inventory":null},"(15,0,2)":{"fields":{"worldedit_placeholder":"air"},"inventory":null},"(15,0,3)":{"fields":{"worldedit_placeholder":"air"},"inventory":null},"(15,0,4)":{"fields":{"worldedit_placeholder":"air"},"inventory":null},"(15,0,5)":{"fields":{"worldedit_placeholder":"air"},"inventory":null},"(15,0,6)":{"fields":{"worldedit_placeholder":"air"},"inventory":null},"(15,0,7)":{"fields":{"worldedit_placeholder":"air"},"inventory":null},"(15,1,0)":{"fields":{"worldedit_placeholder":"air"},"inventory":null},"(15,1,1)":{"fields":{"worldedit_placeholder":"air"},"inventory":null},"(15,1,2)":{"fields":{"worldedit_placeholder":"air"},"inventory":null},"(15,1,3)":{"fields":{"worldedit_placeholder":"air"},"inventory":null},"(15,1,4)":{"fields":{"worldedit_placeholder":"air"},"inventory":null},"(15,1,5)":{"fields":{"worldedit_placeholder":"air"},"inventory":null},"(15,1,6)":{"fields":{"worldedit_placeholder":"air"},"inventory":null},"(15,1,7)":{"fields":{"worldedit_placeholder":"air"},"inventory":null},"(15,10,0)":{"fields":{"worldedit_placeholder":"air"},"inventory":null},"(15,10,1)":{"fields":{"worldedit_placeholder":"air"},"inventory":null},"(15,10,2)":{"fields":{"worldedit_placeholder":"air"},"inventory":null},"(15,10,4)":{"fields":{"worldedit_placeholder":"air"},"inventory":null},"(15,10,5)":{"fields":{"worldedit_placeholder":"air"},"inventory":null},"(15,10,6)":{"fields":{"worldedit_placeholder":"air"},"inventory":null},"(15,10,7)":{"fields":{"worldedit_placeholder":"air"},"inventory":null},"(15,11,0)":{"fields":{"worldedit_placeholder":"air"},"inventory":null},"(15,11,1)":{"fields":{"worldedit_placeholder":"air"},"inventory":null},"(15,11,2)":{"fields":{"worldedit_placeholder":"air"},"inventory":null},"(15,11,3)":{"fields":{"worldedit_placeholder":"air"},"inventory":null},"(15,11,4)":{"fields":{"worldedit_placeholder":"air"},"inventory":null},"(15,11,5)":{"fields":{"worldedit_placeholder":"air"},"inventory":null},"(15,11,6)":{"fields":{"worldedit_placeholder":"air"},"inventory":null},"(15,11,7)":{"fields":{"worldedit_placeholder":"air"},"inventory":null},"(15,12,0)":{"fields":{"worldedit_placeholder":"air"},"inventory":null},"(15,12,1)":{"fields":{"worldedit_placeholder":"air"},"inventory":null},"(15,12,2)":{"fields":{"worldedit_placeholder":"air"},"inventory":null},"(15,12,3)":{"fields":{"worldedit_placeholder":"air"},"inventory":null},"(15,12,4)":{"fields":{"worldedit_placeholder":"air"},"inventory":null},"(15,12,5)":{"fields":{"worldedit_placeholder":"air"},"inventory":null},"(15,12,6)":{"fields":{"worldedit_placeholder":"air"},"inventory":null},"(15,12,7)":{"fields":{"worldedit_placeholder":"air"},"inventory":null},"(15,13,0)":{"fields":{"worldedit_placeholder":"air"},"inventory":null},"(15,13,1)":{"fields":{"worldedit_placeholder":"air"},"inventory":null},"(15,13,2)":{"fields":{"worldedit_placeholder":"air"},"inventory":null},"(15,13,3)":{"fields":{"worldedit_placeholder":"air"},"inventory":null},"(15,13,4)":{"fields":{"worldedit_placeholder":"air"},"inventory":null},"(15,13,5)":{"fields":{"worldedit_placeholder":"air"},"inventory":null},"(15,13,6)":{"fields":{"worldedit_placeholder":"air"},"inventory":null},"(15,13,7)":{"fields":{"worldedit_placeholder":"air"},"inventory":null},"(15,14,0)":{"fields":{"worldedit_placeholder":"air"},"inventory":null},"(15,14,1)":{"fields":{"worldedit_placeholder":"air"},"inventory":null},"(15,14,2)":{"fields":{"worldedit_placeholder":"air"},"inventory":null},"(15,14,3)":{"fields":{"worldedit_placeholder":"air"},"inventory":null},"(15,14,4)":{"fields":{"worldedit_placeholder":"air"},"inventory":null},"(15,14,5)":{"fields":{"worldedit_placeholder":"air"},"inventory":null},"(15,14,6)":{"fields":{"worldedit_placeholder":"air"},"inventory":null},"(15,14,7)":{"fields":{"worldedit_placeholder":"air"},"inventory":null},"(15,15,0)":{"fields":{"worldedit_placeholder":"air"},"inventory":null},"(15,15,1)":{"fields":{"worldedit_placeholder":"air"},"inventory":null},"(15,15,2)":{"fields":{"worldedit_placeholder":"air"},"inventory":null},"(15,15,3)":{"fields":{"worldedit_placeholder":"air"},"inventory":null},"(15,15,4)":{"fields":{"worldedit_placeholder":"air"},"inventory":null},"(15,15,5)":{"fields":{"worldedit_placeholder":"air"},"inventory":null},"(15,15,6)":{"fields":{"worldedit_placeholder":"air"},"inventory":null},"(15,15,7)":{"fields":{"worldedit_placeholder":"air"},"inventory":null},"(15,2,0)":{"fields":{"worldedit_placeholder":"air"},"inventory":null},"(15,2,1)":{"fields":{"worldedit_placeholder":"air"},"inventory":null},"(15,2,2)":{"fields":{"worldedit_placeholder":"air"},"inventory":null},"(15,2,3)":{"fields":{"worldedit_placeholder":"air"},"inventory":null},"(15,2,4)":{"fields":{"worldedit_placeholder":"air"},"inventory":null},"(15,2,5)":{"fields":{"worldedit_placeholder":"air"},"inventory":null},"(15,2,6)":{"fields":{"worldedit_placeholder":"air"},"inventory":null},"(15,2,7)":{"fields":{"worldedit_placeholder":"air"},"inventory":null},"(15,3,0)":{"fields":{"worldedit_placeholder":"air"},"inventory":null},"(15,3,1)":{"fields":{"worldedit_placeholder":"air"},"inventory":null},"(15,3,2)":{"fields":{"worldedit_placeholder":"air"},"inventory":null},"(15,3,3)":{"fields":{"worldedit_placeholder":"air"},"inventory":null},"(15,3,4)":{"fields":{"worldedit_placeholder":"air"},"inventory":null},"(15,3,5)":{"fields":{"worldedit_placeholder":"air"},"inventory":null},"(15,3,6)":{"fields":{"worldedit_placeholder":"air"},"inventory":null},"(15,3,7)":{"fields":{"worldedit_placeholder":"air"},"inventory":null},"(15,4,0)":{"fields":{"worldedit_placeholder":"air"},"inventory":null},"(15,4,1)":{"fields":{"worldedit_placeholder":"air"},"inventory":null},"(15,4,2)":{"fields":{"worldedit_placeholder":"air"},"inventory":null},"(15,4,3)":{"fields":{"worldedit_placeholder":"air"},"inventory":null},"(15,4,4)":{"fields":{"worldedit_placeholder":"air"},"inventory":null},"(15,4,5)":{"fields":{"worldedit_placeholder":"air"},"inventory":null},"(15,4,6)":{"fields":{"worldedit_placeholder":"air"},"inventory":null},"(15,4,7)":{"fields":{"worldedit_placeholder":"air"},"inventory":null},"(15,5,0)":{"fields":{"worldedit_placeholder":"air"},"inventory":null},"(15,5,1)":{"fields":{"worldedit_placeholder":"air"},"inventory":null},"(15,5,2)":{"fields":{"worldedit_placeholder":"air"},"inventory":null},"(15,5,3)":{"fields":{"worldedit_placeholder":"air"},"inventory":null},"(15,5,4)":{"fields":{"worldedit_placeholder":"air"},"inventory":null},"(15,5,5)":{"fields":{"worldedit_placeholder":"air"},"inventory":null},"(15,5,6)":{"fields":{"worldedit_placeholder":"air"},"inventory":null},"(15,5,7)":{"fields":{"worldedit_placeholder":"air"},"inventory":null},"(15,6,0)":{"fields":{"worldedit_placeholder":"air"},"inventory":null},"(15,6,1)":{"fields":{"worldedit_placeholder":"air"},"inventory":null},"(15,6,2)":{"fields":{"worldedit_placeholder":"air"},"inventory":null},"(15,6,3)":{"fields":{"worldedit_placeholder":"air"},"inventory":null},"(15,6,4)":{"fields":{"worldedit_placeholder":"air"},"inventory":null},"(15,6,5)":{"fields":{"worldedit_placeholder":"air"},"inventory":null},"(15,6,6)":{"fields":{"worldedit_placeholder":"air"},"inventory":null},"(15,6,7)":{"fields":{"worldedit_placeholder":"air"},"inventory":null},"(15,7,0)":{"fields":{"worldedit_placeholder":"air"},"inventory":null},"(15,7,1)":{"fields":{"worldedit_placeholder":"air"},"inventory":null},"(15,7,2)":{"fields":{"worldedit_placeholder":"air"},"inventory":null},"(15,7,3)":{"fields":{"worldedit_placeholder":"air"},"inventory":null},"(15,7,4)":{"fields":{"worldedit_placeholder":"air"},"inventory":null},"(15,7,5)":{"fields":{"worldedit_placeholder":"air"},"inventory":null},"(15,7,6)":{"fields":{"worldedit_placeholder":"air"},"inventory":null},"(15,7,7)":{"fields":{"worldedit_placeholder":"air"},"inventory":null}}},"node_mapping":{"air":126.0,"hightech:dark":394.0,"hightech:dark_stripe_bottom_autoconnect_0000":409.0,"stairs:stair_inner_glass":312.0}}