{"metadata":{"meta":{"(11,15,10)":{"fields":{"worldedit_placeholder":"air"},"inventory":null},"(11,15,11)":{"fields":{"worldedit_placeholder":"air"},"inventory":null},"(11,15,12)":{"fields":{"worldedit_placeholder":"air"},"inventory":null},"(11,15,13)":{"fields":{"worldedit_placeholder":"air"},"inventory":null},"(11,15,14)":{"fields":{"worldedit_placeholder":"air"},"inventory":null},"(11,15,15)":{"fields":{"worldedit_placeholder":"air"},"inventory":null},"(15,15,10)":{"fields":{"worldedit_placeholder":"air"},"inventory":null},"(15,15,11)":{"fields":{"worldedit_placeholder":"air"},"inventory":null},"(15,15,12)":{"fields":{"worldedit_placeholder":"air"},"inventory":null},"(15,15,13)":{"fields":{"worldedit_placeholder":"air"},"inventory":null},"(15,15,14)":{"fields":{"worldedit_placeholder":"air"},"inventory":null},"(15,15,15)":{"fields":{"worldedit_placeholder":"air"},"inventory":null},"(15,15,5)":{"fields":{"worldedit_placeholder":"air"},"inventory":null},"(15,15,6)":{"fields":{"worldedit_placeholder":"air"},"inventory":null},"(15,15,9)":{"fields":{"worldedit_placeholder":"air"},"inventory":null},"(7,15,10)":{"fields":{"worldedit_placeholder":"air"},"inventory":null},"(7,15,11)":{"fields":{"worldedit_placeholder":"air"},"inventory":null},"(7,15,12)":{"fields":{"worldedit_placeholder":"air"},"inventory":null},"(7,15,13)":{"fields":{"worldedit_placeholder":"air"},"inventory":null},"(7,15,14)":{"fields":{"worldedit_placeholder":"air"},"inventory":null},"(7,15,15)":{"fields":{"worldedit_placeholder":"air"},"inventory":null},"(7,15,6)":{"fields":{"worldedit_placeholder":"air"},"inventory":null},"(7,15,8)":{"fields":{"worldedit_placeholder":"air"},"inventory":null},"(7,15,9)":{"fields":{"worldedit_placeholder":"air"},"inventory":null}}},"node_mapping":{"air":126.0,"default:sand":34.0,"hightech:dark":394.0,"hightech:dark_stripe_top_autoconnect_0011":414.0,"hightech:dark_stripe_top_autoconnect_1010":428.0,"hightech:dark_stripe_top_autoconnect_1100":432.0,"stairs:stair_inner_glass":312.0}}