{"metadata":{"meta":{"(12,0,10)":{"fields":{"worldedit_placeholder":"air"},"inventory":null},"(12,0,11)":{"fields":{"worldedit_placeholder":"air"},"inventory":null},"(12,0,12)":{"fields":{"worldedit_placeholder":"air"},"inventory":null},"(12,0,13)":{"fields":{"worldedit_placeholder":"air"},"inventory":null},"(12,0,14)":{"fields":{"worldedit_placeholder":"air"},"inventory":null},"(12,0,15)":{"fields":{"worldedit_placeholder":"air"},"inventory":null},"(12,0,6)":{"fields":{"worldedit_placeholder":"air"},"inventory":null},"(12,0,7)":{"fields":{"worldedit_placeholder":"air"},"inventory":null},"(12,0,8)":{"fields":{"worldedit_placeholder":"air"},"inventory":null},"(12,0,9)":{"fields":{"worldedit_placeholder":"air"},"inventory":null},"(12,1,10)":{"fields":{"worldedit_placeholder":"air"},"inventory":null},"(12,1,11)":{"fields":{"worldedit_placeholder":"air"},"inventory":null},"(12,1,12)":{"fields":{"worldedit_placeholder":"air"},"inventory":null},"(12,1,13)":{"fields":{"worldedit_placeholder":"air"},"inventory":null},"(12,1,14)":{"fields":{"worldedit_placeholder":"air"},"inventory":null},"(12,1,15)":{"fields":{"worldedit_placeholder":"air"},"inventory":null},"(12,1,6)":{"fields":{"worldedit_placeholder":"air"},"inventory":null},"(12,1,7)":{"fields":{"worldedit_placeholder":"air"},"inventory":null},"(12,1,8)":{"fields":{"worldedit_placeholder":"air"},"inventory":null},"(12,1,9)":{"fields":{"worldedit_placeholder":"air"},"inventory":null},"(12,10,10)":{"fields":{"worldedit_placeholder":"air"},"inventory":null},"(12,10,12)":{"fields":{"worldedit_placeholder":"air"},"inventory":null},"(12,10,13)":{"fields":{"worldedit_placeholder":"air"},"inventory":null},"(12,10,14)":{"fields":{"worldedit_placeholder":"air"},"inventory":null},"(12,10,15)":{"fields":{"worldedit_placeholder":"air"},"inventory":null},"(12,10,8)":{"fields":{"worldedit_placeholder":"air"},"inventory":null},"(12,10,9)":{"fields":{"worldedit_placeholder":"air"},"inventory":null},"(12,11,10)":{"fields":{"worldedit_placeholder":"air"},"inventory":null},"(12,11,11)":{"fields":{"worldedit_placeholder":"air"},"inventory":null},"(12,11,12)":{"fields":{"worldedit_placeholder":"air"},"inventory":null},"(12,11,13)":{"fields":{"worldedit_placeholder":"air"},"inventory":null},"(12,11,14)":{"fields":{"worldedit_placeholder":"air"},"inventory":null},"(12,11,15)":{"fields":{"worldedit_placeholder":"air"},"inventory":null},"(12,11,8)":{"fields":{"worldedit_placeholder":"air"},"inventory":null},"(12,11,9)":{"fields":{"worldedit_placeholder":"air"},"inventory":null},"(12,12,10)":{"fields":{"worldedit_placeholder":"air"},"inventory":null},"(12,12,11)":{"fields":{"worldedit_placeholder":"air"},"inventory":null},"(12,12,12)":{"fields":{"worldedit_placeholder":"air"},"inventory":null},"(12,12,13)":{"fields":{"worldedit_placeholder":"air"},"inventory":null},"(12,12,14)":{"fields":{"worldedit_placeholder":"air"},"inventory":null},"(12,12,15)":{"fields":{"worldedit_placeholder":"air"},"inventory":null},"(12,12,8)":{"fields":{"worldedit_placeholder":"air"},"inventory":null},"(12,12,9)":{"fields":{"worldedit_placeholder":"air"},"inventory":null},"(12,13,10)":{"fields":{"worldedit_placeholder":"air"},"inventory":null},"(12,13,11)":{"fields":{"worldedit_placeholder":"air"},"inventory":null},"(12,13,12)":{"fields":{"worldedit_placeholder":"air"},"inventory":null},"(12,13,13)":{"fields":{"worldedit_placeholder":"air"},"inventory":null},"(12,13,14)":{"fields":{"worldedit_placeholder":"air"},"inventory":null},"(12,13,15)":{"fields":{"worldedit_placeholder":"air"},"inventory":null},"(12,13,8)":{"fields":{"worldedit_placeholder":"air"},"inventory":null},"(12,13,9)":{"fields":{"worldedit_placeholder":"air"},"inventory":null},"(12,14,10)":{"fields":{"worldedit_placeholder":"air"},"inventory":null},"(12,14,11)":{"fields":{"worldedit_placeholder":"air"},"inventory":null},"(12,14,12)":{"fields":{"worldedit_placeholder":"air"},"inventory":null},"(12,14,13)":{"fields":{"worldedit_placeholder":"air"},"inventory":null},"(12,14,14)":{"fields":{"worldedit_placeholder":"air"},"inventory":null},"(12,14,15)":{"fields":{"worldedit_placeholder":"air"},"inventory":null},"(12,14,8)":{"fields":{"worldedit_placeholder":"air"},"inventory":null},"(12,14,9)":{"fields":{"worldedit_placeholder":"air"},"inventory":null},"(12,15,10)":{"fields":{"worldedit_placeholder":"air"},"inventory":null},"(12,15,11)":{"fields":{"worldedit_placeholder":"air"},"inventory":null},"(12,15,12)":{"fields":{"worldedit_placeholder":"air"},"inventory":null},"(12,15,13)":{"fields":{"worldedit_placeholder":"air"},"inventory":null},"(12,15,14)":{"fields":{"worldedit_placeholder":"air"},"inventory":null},"(12,15,15)":{"fields":{"worldedit_placeholder":"air"},"inventory":null},"(12,15,8)":{"fields":{"worldedit_placeholder":"air"},"inventory":null},"(12,15,9)":{"fields":{"worldedit_placeholder":"air"},"inventory":null},"(12,2,10)":{"fields":{"worldedit_placeholder":"air"},"inventory":null},"(12,2,11)":{"fields":{"worldedit_placeholder":"air"},"inventory":null},"(12,2,12)":{"fields":{"worldedit_placeholder":"air"},"inventory":null},"(12,2,13)":{"fields":{"worldedit_placeholder":"air"},"inventory":null},"(12,2,14)":{"fields":{"worldedit_placeholder":"air"},"inventory":null},"(12,2,15)":{"fields":{"worldedit_placeholder":"air"},"inventory":null},"(12,2,6)":{"fields":{"worldedit_placeholder":"air"},"inventory":null},"(12,2,7)":{"fields":{"worldedit_placeholder":"air"},"inventory":null},"(12,2,8)":{"fields":{"worldedit_placeholder":"air"},"inventory":null},"(12,2,9)":{"fields":{"worldedit_placeholder":"air"},"inventory":null},"(12,3,10)":{"fields":{"worldedit_placeholder":"air"},"inventory":null},"(12,3,11)":{"fields":{"worldedit_placeholder":"air"},"inventory":null},"(12,3,12)":{"fields":{"worldedit_placeholder":"air"},"inventory":null},"(12,3,13)":{"fields":{"worldedit_placeholder":"air"},"inventory":null},"(12,3,14)":{"fields":{"worldedit_placeholder":"air"},"inventory":null},"(12,3,15)":{"fields":{"worldedit_placeholder":"air"},"inventory":null},"(12,3,6)":{"fields":{"worldedit_placeholder":"air"},"inventory":null},"(12,3,8)":{"fields":{"worldedit_placeholder":"air"},"inventory":null},"(12,3,9)":{"fields":{"worldedit_placeholder":"air"},"inventory":null},"(12,4,10)":{"fields":{"worldedit_placeholder":"air"},"inventory":null},"(12,4,11)":{"fields":{"worldedit_placeholder":"air"},"inventory":null},"(12,4,12)":{"fields":{"worldedit_placeholder":"air"},"inventory":null},"(12,4,13)":{"fields":{"worldedit_placeholder":"air"},"inventory":null},"(12,4,14)":{"fields":{"worldedit_placeholder":"air"},"inventory":null},"(12,4,15)":{"fields":{"worldedit_placeholder":"air"},"inventory":null},"(12,4,6)":{"fields":{"worldedit_placeholder":"air"},"inventory":null},"(12,4,8)":{"fields":{"worldedit_placeholder":"air"},"inventory":null},"(12,4,9)":{"fields":{"worldedit_placeholder":"air"},"inventory":null},"(12,5,10)":{"fields":{"worldedit_placeholder":"air"},"inventory":null},"(12,5,11)":{"fields":{"worldedit_placeholder":"air"},"inventory":null},"(12,5,12)":{"fields":{"worldedit_placeholder":"air"},"inventory":null},"(12,5,13)":{"fields":{"worldedit_placeholder":"air"},"inventory":null},"(12,5,14)":{"fields":{"worldedit_placeholder":"air"},"inventory":null},"(12,5,15)":{"fields":{"worldedit_placeholder":"air"},"inventory":null},"(12,5,6)":{"fields":{"worldedit_placeholder":"air"},"inventory":null},"(12,5,8)":{"fields":{"worldedit_placeholder":"air"},"inventory":null},"(12,5,9)":{"fields":{"worldedit_placeholder":"air"},"inventory":null},"(12,6,10)":{"fields":{"worldedit_placeholder":"air"},"inventory":null},"(12,6,11)":{"fields":{"worldedit_placeholder":"air"},"inventory":null},"(12,6,12)":{"fields":{"worldedit_placeholder":"air"},"inventory":null},"(12,6,13)":{"fields":{"worldedit_placeholder":"air"},"inventory":null},"(12,6,14)":{"fields":{"worldedit_placeholder":"air"},"inventory":null},"(12,6,15)":{"fields":{"worldedit_placeholder":"air"},"inventory":null},"(12,6,8)":{"fields":{"worldedit_placeholder":"air"},"inventory":null},"(12,6,9)":{"fields":{"worldedit_placeholder":"air"},"inventory":null},"(12,7,10)":{"fields":{"worldedit_placeholder":"air"},"inventory":null},"(12,7,11)":{"fields":{"worldedit_placeholder":"air"},"inventory":null},"(12,7,12)":{"fields":{"worldedit_placeholder":"air"},"inventory":null},"(12,7,13)":{"fields":{"worldedit_placeholder":"air"},"inventory":null},"(12,7,14)":{"fields":{"worldedit_placeholder":"air"},"inventory":null},"(12,7,15)":{"fields":{"worldedit_placeholder":"air"},"inventory":null},"(12,7,8)":{"fields":{"worldedit_placeholder":"air"},"inventory":null},"(12,7,9)":{"fields":{"worldedit_placeholder":"air"},"inventory":null},"(13,10,8)":{"fields":{"worldedit_placeholder":"air"},"inventory":null},"(13,11,8)":{"fields":{"worldedit_placeholder":"air"},"inventory":null},"(13,12,8)":{"fields":{"worldedit_placeholder":"air"},"inventory":null},"(13,13,8)":{"fields":{"worldedit_placeholder":"air"},"inventory":null},"(13,14,8)":{"fields":{"worldedit_placeholder":"air"},"inventory":null},"(13,15,8)":{"fields":{"worldedit_placeholder":"air"},"inventory":null},"(14,10,8)":{"fields":{"worldedit_placeholder":"air"},"inventory":null},"(14,11,8)":{"fields":{"worldedit_placeholder":"air"},"inventory":null},"(14,12,8)":{"fields":{"worldedit_placeholder":"air"},"inventory":null},"(14,13,8)":{"fields":{"worldedit_placeholder":"air"},"inventory":null},"(14,14,8)":{"fields":{"worldedit_placeholder":"air"},"inventory":null},"(14,15,8)":{"fields":{"worldedit_placeholder":"air"},"inventory":null},"(15,10,8)":{"fields":{"worldedit_placeholder":"air"},"inventory":null},"(15,11,8)":{"fields":{"worldedit_placeholder":"air"},"inventory":null},"(15,12,8)":{"fields":{"worldedit_placeholder":"air"},"inventory":null},"(15,13,8)":{"fields":{"worldedit_placeholder":"air"},"inventory":null},"(15,14,8)":{"fields":{"worldedit_placeholder":"air"},"inventory":null},"(15,15,8)":{"fields":{"worldedit_placeholder":"air"},"inventory":null},"(8,0,11)":{"fields":{"worldedit_placeholder":"air"},"inventory":null},"(8,0,12)":{"fields":{"worldedit_placeholder":"air"},"inventory":null},"(8,0,13)":{"fields":{"worldedit_placeholder":"air"},"inventory":null},"(8,0,14)":{"fields":{"worldedit_placeholder":"air"},"inventory":null},"(8,0,15)":{"fields":{"worldedit_placeholder":"air"},"inventory":null},"(8,0,5)":{"fields":{"worldedit_placeholder":"air"},"inventory":null},"(8,0,6)":{"fields":{"worldedit_placeholder":"air"},"inventory":null},"(8,0,7)":{"fields":{"worldedit_placeholder":"air"},"inventory":null},"(8,0,8)":{"fields":{"worldedit_placeholder":"air"},"inventory":null},"(8,0,9)":{"fields":{"worldedit_placeholder":"air"},"inventory":null},"(8,1,10)":{"fields":{"worldedit_placeholder":"air"},"inventory":null},"(8,1,11)":{"fields":{"worldedit_placeholder":"air"},"inventory":null},"(8,1,12)":{"fields":{"worldedit_placeholder":"air"},"inventory":null},"(8,1,13)":{"fields":{"worldedit_placeholder":"air"},"inventory":null},"(8,1,14)":{"fields":{"worldedit_placeholder":"air"},"inventory":null},"(8,1,15)":{"fields":{"worldedit_placeholder":"air"},"inventory":null},"(8,1,5)":{"fields":{"worldedit_placeholder":"air"},"inventory":null},"(8,1,6)":{"fields":{"worldedit_placeholder":"air"},"inventory":null},"(8,1,7)":{"fields":{"worldedit_placeholder":"air"},"inventory":null},"(8,1,8)":{"fields":{"worldedit_placeholder":"air"},"inventory":null},"(8,1,9)":{"fields":{"worldedit_placeholder":"air"},"inventory":null},"(8,10,10)":{"fields":{"state":"0"},"inventory":null},"(8,10,11)":{"fields":{"worldedit_placeholder":"air"},"inventory":null},"(8,10,12)":{"fields":{"worldedit_placeholder":"air"},"inventory":null},"(8,10,13)":{"fields":{"worldedit_placeholder":"air"},"inventory":null},"(8,10,14)":{"fields":{"worldedit_placeholder":"air"},"inventory":null},"(8,10,15)":{"fields":{"worldedit_placeholder":"air"},"inventory":null},"(8,10,6)":{"fields":{"worldedit_placeholder":"air"},"inventory":null},"(8,10,7)":{"fields":{"worldedit_placeholder":"air"},"inventory":null},"(8,10,8)":{"fields":{"worldedit_placeholder":"air"},"inventory":null},"(8,10,9)":{"fields":{"worldedit_placeholder":"air"},"inventory":null},"(8,11,11)":{"fields":{"worldedit_placeholder":"air"},"inventory":null},"(8,11,12)":{"fields":{"worldedit_placeholder":"air"},"inventory":null},"(8,11,13)":{"fields":{"worldedit_placeholder":"air"},"inventory":null},"(8,11,14)":{"fields":{"worldedit_placeholder":"air"},"inventory":null},"(8,11,15)":{"fields":{"worldedit_placeholder":"air"},"inventory":null},"(8,11,5)":{"fields":{"worldedit_placeholder":"air"},"inventory":null},"(8,11,6)":{"fields":{"worldedit_placeholder":"air"},"inventory":null},"(8,11,7)":{"fields":{"worldedit_placeholder":"air"},"inventory":null},"(8,11,8)":{"fields":{"worldedit_placeholder":"air"},"inventory":null},"(8,11,9)":{"fields":{"worldedit_placeholder":"air"},"inventory":null},"(8,12,10)":{"fields":{"worldedit_placeholder":"air"},"inventory":null},"(8,12,11)":{"fields":{"worldedit_placeholder":"air"},"inventory":null},"(8,12,12)":{"fields":{"worldedit_placeholder":"air"},"inventory":null},"(8,12,13)":{"fields":{"worldedit_placeholder":"air"},"inventory":null},"(8,12,14)":{"fields":{"worldedit_placeholder":"air"},"inventory":null},"(8,12,15)":{"fields":{"worldedit_placeholder":"air"},"inventory":null},"(8,12,5)":{"fields":{"worldedit_placeholder":"air"},"inventory":null},"(8,12,6)":{"fields":{"worldedit_placeholder":"air"},"inventory":null},"(8,12,7)":{"fields":{"worldedit_placeholder":"air"},"inventory":null},"(8,12,8)":{"fields":{"worldedit_placeholder":"air"},"inventory":null},"(8,12,9)":{"fields":{"worldedit_placeholder":"air"},"inventory":null},"(8,13,10)":{"fields":{"worldedit_placeholder":"air"},"inventory":null},"(8,13,11)":{"fields":{"worldedit_placeholder":"air"},"inventory":null},"(8,13,12)":{"fields":{"worldedit_placeholder":"air"},"inventory":null},"(8,13,13)":{"fields":{"worldedit_placeholder":"air"},"inventory":null},"(8,13,14)":{"fields":{"worldedit_placeholder":"air"},"inventory":null},"(8,13,15)":{"fields":{"worldedit_placeholder":"air"},"inventory":null},"(8,13,5)":{"fields":{"worldedit_placeholder":"air"},"inventory":null},"(8,13,6)":{"fields":{"worldedit_placeholder":"air"},"inventory":null},"(8,13,7)":{"fields":{"worldedit_placeholder":"air"},"inventory":null},"(8,13,8)":{"fields":{"worldedit_placeholder":"air"},"inventory":null},"(8,13,9)":{"fields":{"worldedit_placeholder":"air"},"inventory":null},"(8,14,11)":{"fields":{"worldedit_placeholder":"air"},"inventory":null},"(8,14,12)":{"fields":{"worldedit_placeholder":"air"},"inventory":null},"(8,14,13)":{"fields":{"worldedit_placeholder":"air"},"inventory":null},"(8,14,14)":{"fields":{"worldedit_placeholder":"air"},"inventory":null},"(8,14,15)":{"fields":{"worldedit_placeholder":"air"},"inventory":null},"(8,14,5)":{"fields":{"worldedit_placeholder":"air"},"inventory":null},"(8,14,6)":{"fields":{"worldedit_placeholder":"air"},"inventory":null},"(8,14,7)":{"fields":{"worldedit_placeholder":"air"},"inventory":null},"(8,14,8)":{"fields":{"worldedit_placeholder":"air"},"inventory":null},"(8,14,9)":{"fields":{"worldedit_placeholder":"air"},"inventory":null},"(8,15,10)":{"fields":{"worldedit_placeholder":"air"},"inventory":null},"(8,15,11)":{"fields":{"worldedit_placeholder":"air"},"inventory":null},"(8,15,12)":{"fields":{"worldedit_placeholder":"air"},"inventory":null},"(8,15,13)":{"fields":{"worldedit_placeholder":"air"},"inventory":null},"(8,15,14)":{"fields":{"worldedit_placeholder":"air"},"inventory":null},"(8,15,15)":{"fields":{"worldedit_placeholder":"air"},"inventory":null},"(8,15,5)":{"fields":{"worldedit_placeholder":"air"},"inventory":null},"(8,15,6)":{"fields":{"worldedit_placeholder":"air"},"inventory":null},"(8,15,7)":{"fields":{"worldedit_placeholder":"air"},"inventory":null},"(8,15,8)":{"fields":{"worldedit_placeholder":"air"},"inventory":null},"(8,15,9)":{"fields":{"worldedit_placeholder":"air"},"inventory":null},"(8,2,10)":{"fields":{"worldedit_placeholder":"air"},"inventory":null},"(8,2,11)":{"fields":{"worldedit_placeholder":"air"},"inventory":null},"(8,2,12)":{"fields":{"worldedit_placeholder":"air"},"inventory":null},"(8,2,13)":{"fields":{"worldedit_placeholder":"air"},"inventory":null},"(8,2,14)":{"fields":{"worldedit_placeholder":"air"},"inventory":null},"(8,2,15)":{"fields":{"worldedit_placeholder":"air"},"inventory":null},"(8,2,5)":{"fields":{"worldedit_placeholder":"air"},"inventory":null},"(8,2,6)":{"fields":{"worldedit_placeholder":"air"},"inventory":null},"(8,2,7)":{"fields":{"worldedit_placeholder":"air"},"inventory":null},"(8,2,8)":{"fields":{"worldedit_placeholder":"air"},"inventory":null},"(8,2,9)":{"fields":{"worldedit_placeholder":"air"},"inventory":null},"(8,3,10)":{"fields":{"worldedit_placeholder":"air"},"inventory":null},"(8,3,11)":{"fields":{"worldedit_placeholder":"air"},"inventory":null},"(8,3,12)":{"fields":{"worldedit_placeholder":"air"},"inventory":null},"(8,3,13)":{"fields":{"worldedit_placeholder":"air"},"inventory":null},"(8,3,14)":{"fields":{"worldedit_placeholder":"air"},"inventory":null},"(8,3,15)":{"fields":{"worldedit_placeholder":"air"},"inventory":null},"(8,3,5)":{"fields":{"worldedit_placeholder":"air"},"inventory":null},"(8,3,6)":{"fields":{"worldedit_placeholder":"air"},"inventory":null},"(8,3,7)":{"fields":{"worldedit_placeholder":"air"},"inventory":null},"(8,3,8)":{"fields":{"worldedit_placeholder":"air"},"inventory":null},"(8,3,9)":{"fields":{"worldedit_placeholder":"air"},"inventory":null},"(8,4,10)":{"fields":{"worldedit_placeholder":"air"},"inventory":null},"(8,4,11)":{"fields":{"worldedit_placeholder":"air"},"inventory":null},"(8,4,12)":{"fields":{"worldedit_placeholder":"air"},"inventory":null},"(8,4,13)":{"fields":{"worldedit_placeholder":"air"},"inventory":null},"(8,4,14)":{"fields":{"worldedit_placeholder":"air"},"inventory":null},"(8,4,15)":{"fields":{"worldedit_placeholder":"air"},"inventory":null},"(8,4,5)":{"fields":{"worldedit_placeholder":"air"},"inventory":null},"(8,4,6)":{"fields":{"worldedit_placeholder":"air"},"inventory":null},"(8,4,7)":{"fields":{"worldedit_placeholder":"air"},"inventory":null},"(8,4,8)":{"fields":{"worldedit_placeholder":"air"},"inventory":null},"(8,4,9)":{"fields":{"worldedit_placeholder":"air"},"inventory":null},"(8,5,10)":{"fields":{"worldedit_placeholder":"air"},"inventory":null},"(8,5,11)":{"fields":{"worldedit_placeholder":"air"},"inventory":null},"(8,5,12)":{"fields":{"worldedit_placeholder":"air"},"inventory":null},"(8,5,13)":{"fields":{"worldedit_placeholder":"air"},"inventory":null},"(8,5,14)":{"fields":{"worldedit_placeholder":"air"},"inventory":null},"(8,5,15)":{"fields":{"worldedit_placeholder":"air"},"inventory":null},"(8,5,5)":{"fields":{"worldedit_placeholder":"air"},"inventory":null},"(8,5,6)":{"fields":{"worldedit_placeholder":"air"},"inventory":null},"(8,5,7)":{"fields":{"worldedit_placeholder":"air"},"inventory":null},"(8,5,8)":{"fields":{"worldedit_placeholder":"air"},"inventory":null},"(8,5,9)":{"fields":{"worldedit_placeholder":"air"},"inventory":null},"(8,6,10)":{"fields":{"worldedit_placeholder":"air"},"inventory":null},"(8,6,11)":{"fields":{"worldedit_placeholder":"air"},"inventory":null},"(8,6,12)":{"fields":{"worldedit_placeholder":"air"},"inventory":null},"(8,6,13)":{"fields":{"worldedit_placeholder":"air"},"inventory":null},"(8,6,14)":{"fields":{"worldedit_placeholder":"air"},"inventory":null},"(8,6,15)":{"fields":{"worldedit_placeholder":"air"},"inventory":null},"(8,6,5)":{"fields":{"worldedit_placeholder":"air"},"inventory":null},"(8,6,6)":{"fields":{"worldedit_placeholder":"air"},"inventory":null},"(8,6,7)":{"fields":{"worldedit_placeholder":"air"},"inventory":null},"(8,6,8)":{"fields":{"worldedit_placeholder":"air"},"inventory":null},"(8,6,9)":{"fields":{"worldedit_placeholder":"air"},"inventory":null},"(8,7,10)":{"fields":{"worldedit_placeholder":"air"},"inventory":null},"(8,7,11)":{"fields":{"worldedit_placeholder":"air"},"inventory":null},"(8,7,12)":{"fields":{"worldedit_placeholder":"air"},"inventory":null},"(8,7,13)":{"fields":{"worldedit_placeholder":"air"},"inventory":null},"(8,7,14)":{"fields":{"worldedit_placeholder":"air"},"inventory":null},"(8,7,15)":{"fields":{"worldedit_placeholder":"air"},"inventory":null},"(8,7,5)":{"fields":{"worldedit_placeholder":"air"},"inventory":null},"(8,7,6)":{"fields":{"worldedit_placeholder":"air"},"inventory":null},"(8,7,7)":{"fields":{"worldedit_placeholder":"air"},"inventory":null},"(8,7,8)":{"fields":{"worldedit_placeholder":"air"},"inventory":null},"(8,7,9)":{"fields":{"worldedit_placeholder":"air"},"inventory":null}}},"node_mapping":{"air":126.0,"hightech:dark":394.0,"hightech:dark_stripe_bottom_autoconnect_0000":409.0,"hightech:dark_stripe_horizontal":406.0,"hightech:dark_stripe_vertical":407.0,"stairs:stair_inner_glass":312.0}}