{"metadata":{"meta":{"(12,0,10)":{"fields":{"worldedit_placeholder":"air"},"inventory":null},"(12,0,11)":{"fields":{"worldedit_placeholder":"air"},"inventory":null},"(12,0,12)":{"fields":{"worldedit_placeholder":"air"},"inventory":null},"(12,0,13)":{"fields":{"worldedit_placeholder":"air"},"inventory":null},"(12,0,14)":{"fields":{"worldedit_placeholder":"air"},"inventory":null},"(12,0,15)":{"fields":{"worldedit_placeholder":"air"},"inventory":null},"(12,0,8)":{"fields":{"worldedit_placeholder":"air"},"inventory":null},"(12,0,9)":{"fields":{"worldedit_placeholder":"air"},"inventory":null},"(12,1,10)":{"fields":{"worldedit_placeholder":"air"},"inventory":null},"(12,1,11)":{"fields":{"worldedit_placeholder":"air"},"inventory":null},"(12,1,12)":{"fields":{"worldedit_placeholder":"air"},"inventory":null},"(12,1,13)":{"fields":{"worldedit_placeholder":"air"},"inventory":null},"(12,1,14)":{"fields":{"worldedit_placeholder":"air"},"inventory":null},"(12,1,15)":{"fields":{"worldedit_placeholder":"air"},"inventory":null},"(12,1,8)":{"fields":{"worldedit_placeholder":"air"},"inventory":null},"(12,1,9)":{"fields":{"worldedit_placeholder":"air"},"inventory":null},"(12,2,10)":{"fields":{"worldedit_placeholder":"air"},"inventory":null},"(12,2,11)":{"fields":{"worldedit_placeholder":"air"},"inventory":null},"(12,2,12)":{"fields":{"worldedit_placeholder":"air"},"inventory":null},"(12,2,13)":{"fields":{"worldedit_placeholder":"air"},"inventory":null},"(12,2,14)":{"fields":{"worldedit_placeholder":"air"},"inventory":null},"(12,2,15)":{"fields":{"worldedit_placeholder":"air"},"inventory":null},"(12,2,8)":{"fields":{"worldedit_placeholder":"air"},"inventory":null},"(12,2,9)":{"fields":{"worldedit_placeholder":"air"},"inventory":null},"(13,0,8)":{"fields":{"worldedit_placeholder":"air"},"inventory":null},"(13,1,8)":{"fields":{"worldedit_placeholder":"air"},"inventory":null},"(13,2,8)":{"fields":{"worldedit_placeholder":"air"},"inventory":null},"(14,0,8)":{"fields":{"worldedit_placeholder":"air"},"inventory":null},"(14,1,8)":{"fields":{"worldedit_placeholder":"air"},"inventory":null},"(14,2,8)":{"fields":{"worldedit_placeholder":"air"},"inventory":null},"(15,0,8)":{"fields":{"worldedit_placeholder":"air"},"inventory":null},"(15,1,8)":{"fields":{"worldedit_placeholder":"air"},"inventory":null},"(15,2,8)":{"fields":{"worldedit_placeholder":"air"},"inventory":null},"(8,0,10)":{"fields":{"worldedit_placeholder":"air"},"inventory":null},"(8,0,11)":{"fields":{"worldedit_placeholder":"air"},"inventory":null},"(8,0,12)":{"fields":{"worldedit_placeholder":"air"},"inventory":null},"(8,0,13)":{"fields":{"worldedit_placeholder":"air"},"inventory":null},"(8,0,14)":{"fields":{"worldedit_placeholder":"air"},"inventory":null},"(8,0,15)":{"fields":{"worldedit_placeholder":"air"},"inventory":null},"(8,0,5)":{"fields":{"worldedit_placeholder":"air"},"inventory":null},"(8,0,6)":{"fields":{"worldedit_placeholder":"air"},"inventory":null},"(8,0,7)":{"fields":{"worldedit_placeholder":"air"},"inventory":null},"(8,0,8)":{"fields":{"worldedit_placeholder":"air"},"inventory":null},"(8,0,9)":{"fields":{"worldedit_placeholder":"air"},"inventory":null},"(8,1,10)":{"fields":{"worldedit_placeholder":"air"},"inventory":null},"(8,1,11)":{"fields":{"worldedit_placeholder":"air"},"inventory":null},"(8,1,12)":{"fields":{"worldedit_placeholder":"air"},"inventory":null},"(8,1,13)":{"fields":{"worldedit_placeholder":"air"},"inventory":null},"(8,1,14)":{"fields":{"worldedit_placeholder":"air"},"inventory":null},"(8,1,15)":{"fields":{"worldedit_placeholder":"air"},"inventory":null},"(8,1,5)":{"fields":{"worldedit_placeholder":"air"},"inventory":null},"(8,1,6)":{"fields":{"worldedit_placeholder":"air"},"inventory":null},"(8,1,7)":{"fields":{"worldedit_placeholder":"air"},"inventory":null},"(8,1,8)":{"fields":{"worldedit_placeholder":"air"},"inventory":null},"(8,1,9)":{"fields":{"worldedit_placeholder":"air"},"inventory":null},"(8,2,10)":{"fields":{"worldedit_placeholder":"air"},"inventory":null},"(8,2,11)":{"fields":{"worldedit_placeholder":"air"},"inventory":null},"(8,2,12)":{"fields":{"worldedit_placeholder":"air"},"inventory":null},"(8,2,13)":{"fields":{"worldedit_placeholder":"air"},"inventory":null},"(8,2,14)":{"fields":{"worldedit_placeholder":"air"},"inventory":null},"(8,2,15)":{"fields":{"worldedit_placeholder":"air"},"inventory":null},"(8,2,5)":{"fields":{"worldedit_placeholder":"air"},"inventory":null},"(8,2,6)":{"fields":{"worldedit_placeholder":"air"},"inventory":null},"(8,2,7)":{"fields":{"worldedit_placeholder":"air"},"inventory":null},"(8,2,8)":{"fields":{"worldedit_placeholder":"air"},"inventory":null},"(8,2,9)":{"fields":{"worldedit_placeholder":"air"},"inventory":null}}},"node_mapping":{"air":126.0,"hightech:dark":394.0,"hightech:dark_stripe_bottom_autoconnect_0000":409.0}}