{"metadata":{"meta":{"(12,15,0)":{"fields":{"worldedit_placeholder":"air"},"inventory":null},"(12,15,1)":{"fields":{"worldedit_placeholder":"air"},"inventory":null},"(12,15,2)":{"fields":{"worldedit_placeholder":"air"},"inventory":null},"(12,15,3)":{"fields":{"worldedit_placeholder":"air"},"inventory":null},"(12,15,4)":{"fields":{"worldedit_placeholder":"air"},"inventory":null},"(12,15,5)":{"fields":{"worldedit_placeholder":"air"},"inventory":null},"(12,15,6)":{"fields":{"worldedit_placeholder":"air"},"inventory":null},"(12,15,7)":{"fields":{"worldedit_placeholder":"air"},"inventory":null},"(13,15,7)":{"fields":{"worldedit_placeholder":"air"},"inventory":null},"(14,15,7)":{"fields":{"worldedit_placeholder":"air"},"inventory":null},"(15,15,7)":{"fields":{"worldedit_placeholder":"air"},"inventory":null},"(8,15,0)":{"fields":{"worldedit_placeholder":"air"},"inventory":null},"(8,15,1)":{"fields":{"worldedit_placeholder":"air"},"inventory":null},"(8,15,10)":{"fields":{"worldedit_placeholder":"air"},"inventory":null},"(8,15,2)":{"fields":{"worldedit_placeholder":"air"},"inventory":null},"(8,15,3)":{"fields":{"worldedit_placeholder":"air"},"inventory":null},"(8,15,4)":{"fields":{"state":"0"},"inventory":null},"(8,15,5)":{"fields":{"worldedit_placeholder":"air"},"inventory":null},"(8,15,6)":{"fields":{"worldedit_placeholder":"air"},"inventory":null},"(8,15,7)":{"fields":{"worldedit_placeholder":"air"},"inventory":null},"(8,15,8)":{"fields":{"worldedit_placeholder":"air"},"inventory":null},"(8,15,9)":{"fields":{"state":"0"},"inventory":null}}},"node_mapping":{"air":126.0,"default:sand":34.0,"hightech:dark":394.0,"hightech:dark_stripe_top_autoconnect_0011":414.0,"hightech:dark_stripe_top_autoconnect_1001":426.0,"hightech:dark_stripe_top_autoconnect_1100":432.0,"stairs:stair_inner_glass":312.0}}