{"metadata":{"meta":{"(10,15,8)":{"fields":{"worldedit_placeholder":"air"},"inventory":null},"(11,15,8)":{"fields":{"worldedit_placeholder":"air"},"inventory":null},"(12,15,8)":{"fields":{"worldedit_placeholder":"air"},"inventory":null},"(13,15,8)":{"fields":{"worldedit_placeholder":"air"},"inventory":null},"(14,15,8)":{"fields":{"worldedit_placeholder":"air"},"inventory":null},"(15,15,8)":{"fields":{"worldedit_placeholder":"air"},"inventory":null},"(3,15,6)":{"fields":{"worldedit_placeholder":"air"},"inventory":null},"(3,15,7)":{"fields":{"worldedit_placeholder":"air"},"inventory":null},"(3,15,8)":{"fields":{"worldedit_placeholder":"air"},"inventory":null},"(4,15,8)":{"fields":{"worldedit_placeholder":"air"},"inventory":null},"(5,15,4)":{"fields":{"state":"0"},"inventory":null},"(5,15,8)":{"fields":{"worldedit_placeholder":"air"},"inventory":null},"(6,15,8)":{"fields":{"worldedit_placeholder":"air"},"inventory":null},"(7,15,8)":{"fields":{"worldedit_placeholder":"air"},"inventory":null},"(8,15,8)":{"fields":{"worldedit_placeholder":"air"},"inventory":null},"(9,15,8)":{"fields":{"worldedit_placeholder":"air"},"inventory":null}}},"node_mapping":{"air":126.0,"default:sand":34.0,"hightech:dark":394.0,"hightech:dark_stripe_horizontal":406.0,"hightech:dark_stripe_top_autoconnect_1100":432.0,"hightech:dark_stripe_vertical":407.0,"hightech:door_a":440.0,"stairs:stair_inner_glass":312.0}}