{"metadata":{"meta":{"(0,0,0)":{"fields":{"worldedit_placeholder":"air"},"inventory":null},"(0,0,1)":{"fields":{"worldedit_placeholder":"air"},"inventory":null},"(0,0,10)":{"fields":{"worldedit_placeholder":"air"},"inventory":null},"(0,0,2)":{"fields":{"worldedit_placeholder":"air"},"inventory":null},"(0,0,3)":{"fields":{"worldedit_placeholder":"air"},"inventory":null},"(0,0,4)":{"fields":{"worldedit_placeholder":"air"},"inventory":null},"(0,0,5)":{"fields":{"worldedit_placeholder":"air"},"inventory":null},"(0,0,6)":{"fields":{"worldedit_placeholder":"air"},"inventory":null},"(0,0,9)":{"fields":{"worldedit_placeholder":"air"},"inventory":null},"(0,1,0)":{"fields":{"worldedit_placeholder":"air"},"inventory":null},"(0,1,1)":{"fields":{"worldedit_placeholder":"air"},"inventory":null},"(0,1,10)":{"fields":{"worldedit_placeholder":"air"},"inventory":null},"(0,1,2)":{"fields":{"worldedit_placeholder":"air"},"inventory":null},"(0,1,3)":{"fields":{"worldedit_placeholder":"air"},"inventory":null},"(0,1,4)":{"fields":{"worldedit_placeholder":"air"},"inventory":null},"(0,1,5)":{"fields":{"worldedit_placeholder":"air"},"inventory":null},"(0,1,6)":{"fields":{"worldedit_placeholder":"air"},"inventory":null},"(0,1,8)":{"fields":{"worldedit_placeholder":"air"},"inventory":null},"(0,1,9)":{"fields":{"worldedit_placeholder":"air"},"inventory":null},"(0,10,0)":{"fields":{"worldedit_placeholder":"air"},"inventory":null},"(0,10,1)":{"fields":{"worldedit_placeholder":"air"},"inventory":null},"(0,10,10)":{"fields":{"worldedit_placeholder":"air"},"inventory":null},"(0,10,2)":{"fields":{"worldedit_placeholder":"air"},"inventory":null},"(0,10,3)":{"fields":{"worldedit_placeholder":"air"},"inventory":null},"(0,10,4)":{"fields":{"worldedit_placeholder":"air"},"inventory":null},"(0,10,5)":{"fields":{"worldedit_placeholder":"air"},"inventory":null},"(0,10,6)":{"fields":{"worldedit_placeholder":"air"},"inventory":null},"(0,10,9)":{"fields":{"worldedit_placeholder":"air"},"inventory":null},"(0,11,0)":{"fields":{"worldedit_placeholder":"air"},"inventory":null},"(0,11,1)":{"fields":{"worldedit_placeholder":"air"},"inventory":null},"(0,11,10)":{"fields":{"worldedit_placeholder":"air"},"inventory":null},"(0,11,2)":{"fields":{"worldedit_placeholder":"air"},"inventory":null},"(0,11,3)":{"fields":{"worldedit_placeholder":"air"},"inventory":null},"(0,11,4)":{"fields":{"worldedit_placeholder":"air"},"inventory":null},"(0,11,5)":{"fields":{"worldedit_placeholder":"air"},"inventory":null},"(0,11,6)":{"fields":{"worldedit_placeholder":"air"},"inventory":null},"(0,11,9)":{"fields":{"worldedit_placeholder":"air"},"inventory":null},"(0,12,0)":{"fields":{"worldedit_placeholder":"air"},"inventory":null},"(0,12,1)":{"fields":{"worldedit_placeholder":"air"},"inventory":null},"(0,12,10)":{"fields":{"worldedit_placeholder":"air"},"inventory":null},"(0,12,2)":{"fields":{"worldedit_placeholder":"air"},"inventory":null},"(0,12,3)":{"fields":{"worldedit_placeholder":"air"},"inventory":null},"(0,12,4)":{"fields":{"worldedit_placeholder":"air"},"inventory":null},"(0,12,5)":{"fields":{"worldedit_placeholder":"air"},"inventory":null},"(0,12,6)":{"fields":{"worldedit_placeholder":"air"},"inventory":null},"(0,12,8)":{"fields":{"worldedit_placeholder":"air"},"inventory":null},"(0,12,9)":{"fields":{"worldedit_placeholder":"air"},"inventory":null},"(0,13,0)":{"fields":{"worldedit_placeholder":"air"},"inventory":null},"(0,13,1)":{"fields":{"worldedit_placeholder":"air"},"inventory":null},"(0,13,10)":{"fields":{"worldedit_placeholder":"air"},"inventory":null},"(0,13,2)":{"fields":{"worldedit_placeholder":"air"},"inventory":null},"(0,13,3)":{"fields":{"worldedit_placeholder":"air"},"inventory":null},"(0,13,4)":{"fields":{"worldedit_placeholder":"air"},"inventory":null},"(0,13,5)":{"fields":{"worldedit_placeholder":"air"},"inventory":null},"(0,13,6)":{"fields":{"worldedit_placeholder":"air"},"inventory":null},"(0,13,8)":{"fields":{"worldedit_placeholder":"air"},"inventory":null},"(0,13,9)":{"fields":{"worldedit_placeholder":"air"},"inventory":null},"(0,14,0)":{"fields":{"worldedit_placeholder":"air"},"inventory":null},"(0,14,1)":{"fields":{"worldedit_placeholder":"air"},"inventory":null},"(0,14,10)":{"fields":{"worldedit_placeholder":"air"},"inventory":null},"(0,14,2)":{"fields":{"worldedit_placeholder":"air"},"inventory":null},"(0,14,3)":{"fields":{"worldedit_placeholder":"air"},"inventory":null},"(0,14,4)":{"fields":{"worldedit_placeholder":"air"},"inventory":null},"(0,14,5)":{"fields":{"worldedit_placeholder":"air"},"inventory":null},"(0,14,6)":{"fields":{"worldedit_placeholder":"air"},"inventory":null},"(0,14,8)":{"fields":{"worldedit_placeholder":"air"},"inventory":null},"(0,14,9)":{"fields":{"worldedit_placeholder":"air"},"inventory":null},"(0,15,0)":{"fields":{"worldedit_placeholder":"air"},"inventory":null},"(0,15,1)":{"fields":{"worldedit_placeholder":"air"},"inventory":null},"(0,15,10)":{"fields":{"worldedit_placeholder":"air"},"inventory":null},"(0,15,2)":{"fields":{"worldedit_placeholder":"air"},"inventory":null},"(0,15,3)":{"fields":{"worldedit_placeholder":"air"},"inventory":null},"(0,15,4)":{"fields":{"worldedit_placeholder":"air"},"inventory":null},"(0,15,5)":{"fields":{"worldedit_placeholder":"air"},"inventory":null},"(0,15,6)":{"fields":{"worldedit_placeholder":"air"},"inventory":null},"(0,15,8)":{"fields":{"worldedit_placeholder":"air"},"inventory":null},"(0,15,9)":{"fields":{"worldedit_placeholder":"air"},"inventory":null},"(0,2,0)":{"fields":{"worldedit_placeholder":"air"},"inventory":null},"(0,2,1)":{"fields":{"worldedit_placeholder":"air"},"inventory":null},"(0,2,10)":{"fields":{"worldedit_placeholder":"air"},"inventory":null},"(0,2,2)":{"fields":{"worldedit_placeholder":"air"},"inventory":null},"(0,2,3)":{"fields":{"worldedit_placeholder":"air"},"inventory":null},"(0,2,4)":{"fields":{"worldedit_placeholder":"air"},"inventory":null},"(0,2,5)":{"fields":{"worldedit_placeholder":"air"},"inventory":null},"(0,2,6)":{"fields":{"worldedit_placeholder":"air"},"inventory":null},"(0,2,8)":{"fields":{"worldedit_placeholder":"air"},"inventory":null},"(0,2,9)":{"fields":{"worldedit_placeholder":"air"},"inventory":null},"(0,3,0)":{"fields":{"worldedit_placeholder":"air"},"inventory":null},"(0,3,1)":{"fields":{"worldedit_placeholder":"air"},"inventory":null},"(0,3,10)":{"fields":{"worldedit_placeholder":"air"},"inventory":null},"(0,3,2)":{"fields":{"worldedit_placeholder":"air"},"inventory":null},"(0,3,3)":{"fields":{"worldedit_placeholder":"air"},"inventory":null},"(0,3,4)":{"fields":{"worldedit_placeholder":"air"},"inventory":null},"(0,3,5)":{"fields":{"worldedit_placeholder":"air"},"inventory":null},"(0,3,6)":{"fields":{"worldedit_placeholder":"air"},"inventory":null},"(0,3,8)":{"fields":{"worldedit_placeholder":"air"},"inventory":null},"(0,3,9)":{"fields":{"worldedit_placeholder":"air"},"inventory":null},"(0,4,0)":{"fields":{"worldedit_placeholder":"air"},"inventory":null},"(0,4,1)":{"fields":{"worldedit_placeholder":"air"},"inventory":null},"(0,4,10)":{"fields":{"worldedit_placeholder":"air"},"inventory":null},"(0,4,2)":{"fields":{"worldedit_placeholder":"air"},"inventory":null},"(0,4,3)":{"fields":{"worldedit_placeholder":"air"},"inventory":null},"(0,4,4)":{"fields":{"worldedit_placeholder":"air"},"inventory":null},"(0,4,5)":{"fields":{"worldedit_placeholder":"air"},"inventory":null},"(0,4,6)":{"fields":{"worldedit_placeholder":"air"},"inventory":null},"(0,4,8)":{"fields":{"worldedit_placeholder":"air"},"inventory":null},"(0,4,9)":{"fields":{"worldedit_placeholder":"air"},"inventory":null},"(0,5,0)":{"fields":{"worldedit_placeholder":"air"},"inventory":null},"(0,5,1)":{"fields":{"worldedit_placeholder":"air"},"inventory":null},"(0,5,10)":{"fields":{"worldedit_placeholder":"air"},"inventory":null},"(0,5,2)":{"fields":{"worldedit_placeholder":"air"},"inventory":null},"(0,5,3)":{"fields":{"worldedit_placeholder":"air"},"inventory":null},"(0,5,4)":{"fields":{"worldedit_placeholder":"air"},"inventory":null},"(0,5,5)":{"fields":{"worldedit_placeholder":"air"},"inventory":null},"(0,5,6)":{"fields":{"worldedit_placeholder":"air"},"inventory":null},"(0,5,8)":{"fields":{"worldedit_placeholder":"air"},"inventory":null},"(0,5,9)":{"fields":{"worldedit_placeholder":"air"},"inventory":null},"(0,6,0)":{"fields":{"worldedit_placeholder":"air"},"inventory":null},"(0,6,1)":{"fields":{"worldedit_placeholder":"air"},"inventory":null},"(0,6,10)":{"fields":{"worldedit_placeholder":"air"},"inventory":null},"(0,6,2)":{"fields":{"worldedit_placeholder":"air"},"inventory":null},"(0,6,3)":{"fields":{"worldedit_placeholder":"air"},"inventory":null},"(0,6,4)":{"fields":{"worldedit_placeholder":"air"},"inventory":null},"(0,6,5)":{"fields":{"worldedit_placeholder":"air"},"inventory":null},"(0,6,6)":{"fields":{"worldedit_placeholder":"air"},"inventory":null},"(0,6,8)":{"fields":{"worldedit_placeholder":"air"},"inventory":null},"(0,6,9)":{"fields":{"worldedit_placeholder":"air"},"inventory":null},"(0,7,0)":{"fields":{"worldedit_placeholder":"air"},"inventory":null},"(0,7,1)":{"fields":{"worldedit_placeholder":"air"},"inventory":null},"(0,7,10)":{"fields":{"worldedit_placeholder":"air"},"inventory":null},"(0,7,2)":{"fields":{"worldedit_placeholder":"air"},"inventory":null},"(0,7,3)":{"fields":{"worldedit_placeholder":"air"},"inventory":null},"(0,7,4)":{"fields":{"worldedit_placeholder":"air"},"inventory":null},"(0,7,5)":{"fields":{"worldedit_placeholder":"air"},"inventory":null},"(0,7,6)":{"fields":{"worldedit_placeholder":"air"},"inventory":null},"(0,7,8)":{"fields":{"worldedit_placeholder":"air"},"inventory":null},"(0,7,9)":{"fields":{"worldedit_placeholder":"air"},"inventory":null},"(4,0,0)":{"fields":{"worldedit_placeholder":"air"},"inventory":null},"(4,0,1)":{"fields":{"worldedit_placeholder":"air"},"inventory":null},"(4,0,2)":{"fields":{"worldedit_placeholder":"air"},"inventory":null},"(4,0,3)":{"fields":{"worldedit_placeholder":"air"},"inventory":null},"(4,0,4)":{"fields":{"worldedit_placeholder":"air"},"inventory":null},"(4,0,5)":{"fields":{"worldedit_placeholder":"air"},"inventory":null},"(4,0,6)":{"fields":{"worldedit_placeholder":"air"},"inventory":null},"(4,0,7)":{"fields":{"worldedit_placeholder":"air"},"inventory":null},"(4,1,0)":{"fields":{"worldedit_placeholder":"air"},"inventory":null},"(4,1,1)":{"fields":{"worldedit_placeholder":"air"},"inventory":null},"(4,1,2)":{"fields":{"worldedit_placeholder":"air"},"inventory":null},"(4,1,3)":{"fields":{"worldedit_placeholder":"air"},"inventory":null},"(4,1,4)":{"fields":{"worldedit_placeholder":"air"},"inventory":null},"(4,1,5)":{"fields":{"worldedit_placeholder":"air"},"inventory":null},"(4,1,6)":{"fields":{"worldedit_placeholder":"air"},"inventory":null},"(4,1,7)":{"fields":{"worldedit_placeholder":"air"},"inventory":null},"(4,10,0)":{"fields":{"worldedit_placeholder":"air"},"inventory":null},"(4,10,1)":{"fields":{"worldedit_placeholder":"air"},"inventory":null},"(4,10,2)":{"fields":{"worldedit_placeholder":"air"},"inventory":null},"(4,10,3)":{"fields":{"worldedit_placeholder":"air"},"inventory":null},"(4,10,4)":{"fields":{"worldedit_placeholder":"air"},"inventory":null},"(4,10,5)":{"fields":{"worldedit_placeholder":"air"},"inventory":null},"(4,11,0)":{"fields":{"worldedit_placeholder":"air"},"inventory":null},"(4,11,1)":{"fields":{"worldedit_placeholder":"air"},"inventory":null},"(4,11,2)":{"fields":{"worldedit_placeholder":"air"},"inventory":null},"(4,11,3)":{"fields":{"worldedit_placeholder":"air"},"inventory":null},"(4,11,4)":{"fields":{"worldedit_placeholder":"air"},"inventory":null},"(4,11,5)":{"fields":{"worldedit_placeholder":"air"},"inventory":null},"(4,11,6)":{"fields":{"worldedit_placeholder":"air"},"inventory":null},"(4,11,7)":{"fields":{"worldedit_placeholder":"air"},"inventory":null},"(4,12,0)":{"fields":{"worldedit_placeholder":"air"},"inventory":null},"(4,12,1)":{"fields":{"worldedit_placeholder":"air"},"inventory":null},"(4,12,2)":{"fields":{"worldedit_placeholder":"air"},"inventory":null},"(4,12,3)":{"fields":{"worldedit_placeholder":"air"},"inventory":null},"(4,12,4)":{"fields":{"worldedit_placeholder":"air"},"inventory":null},"(4,12,5)":{"fields":{"worldedit_placeholder":"air"},"inventory":null},"(4,12,6)":{"fields":{"worldedit_placeholder":"air"},"inventory":null},"(4,12,7)":{"fields":{"worldedit_placeholder":"air"},"inventory":null},"(4,13,0)":{"fields":{"worldedit_placeholder":"air"},"inventory":null},"(4,13,1)":{"fields":{"worldedit_placeholder":"air"},"inventory":null},"(4,13,2)":{"fields":{"worldedit_placeholder":"air"},"inventory":null},"(4,13,3)":{"fields":{"worldedit_placeholder":"air"},"inventory":null},"(4,13,4)":{"fields":{"worldedit_placeholder":"air"},"inventory":null},"(4,13,5)":{"fields":{"worldedit_placeholder":"air"},"inventory":null},"(4,13,6)":{"fields":{"worldedit_placeholder":"air"},"inventory":null},"(4,13,7)":{"fields":{"worldedit_placeholder":"air"},"inventory":null},"(4,14,0)":{"fields":{"worldedit_placeholder":"air"},"inventory":null},"(4,14,1)":{"fields":{"worldedit_placeholder":"air"},"inventory":null},"(4,14,2)":{"fields":{"worldedit_placeholder":"air"},"inventory":null},"(4,14,3)":{"fields":{"worldedit_placeholder":"air"},"inventory":null},"(4,14,4)":{"fields":{"worldedit_placeholder":"air"},"inventory":null},"(4,14,5)":{"fields":{"worldedit_placeholder":"air"},"inventory":null},"(4,14,6)":{"fields":{"worldedit_placeholder":"air"},"inventory":null},"(4,14,7)":{"fields":{"worldedit_placeholder":"air"},"inventory":null},"(4,15,0)":{"fields":{"worldedit_placeholder":"air"},"inventory":null},"(4,15,1)":{"fields":{"worldedit_placeholder":"air"},"inventory":null},"(4,15,2)":{"fields":{"worldedit_placeholder":"air"},"inventory":null},"(4,15,3)":{"fields":{"worldedit_placeholder":"air"},"inventory":null},"(4,15,4)":{"fields":{"worldedit_placeholder":"air"},"inventory":null},"(4,15,5)":{"fields":{"worldedit_placeholder":"air"},"inventory":null},"(4,15,6)":{"fields":{"worldedit_placeholder":"air"},"inventory":null},"(4,15,7)":{"fields":{"worldedit_placeholder":"air"},"inventory":null},"(4,2,0)":{"fields":{"worldedit_placeholder":"air"},"inventory":null},"(4,2,1)":{"fields":{"worldedit_placeholder":"air"},"inventory":null},"(4,2,2)":{"fields":{"worldedit_placeholder":"air"},"inventory":null},"(4,2,3)":{"fields":{"worldedit_placeholder":"air"},"inventory":null},"(4,2,4)":{"fields":{"worldedit_placeholder":"air"},"inventory":null},"(4,2,5)":{"fields":{"worldedit_placeholder":"air"},"inventory":null},"(4,2,6)":{"fields":{"worldedit_placeholder":"air"},"inventory":null},"(4,2,7)":{"fields":{"worldedit_placeholder":"air"},"inventory":null},"(4,3,0)":{"fields":{"worldedit_placeholder":"air"},"inventory":null},"(4,3,1)":{"fields":{"worldedit_placeholder":"air"},"inventory":null},"(4,3,2)":{"fields":{"worldedit_placeholder":"air"},"inventory":null},"(4,3,3)":{"fields":{"worldedit_placeholder":"air"},"inventory":null},"(4,3,4)":{"fields":{"worldedit_placeholder":"air"},"inventory":null},"(4,3,5)":{"fields":{"worldedit_placeholder":"air"},"inventory":null},"(4,3,6)":{"fields":{"worldedit_placeholder":"air"},"inventory":null},"(4,3,7)":{"fields":{"worldedit_placeholder":"air"},"inventory":null},"(4,4,0)":{"fields":{"worldedit_placeholder":"air"},"inventory":null},"(4,4,1)":{"fields":{"worldedit_placeholder":"air"},"inventory":null},"(4,4,2)":{"fields":{"worldedit_placeholder":"air"},"inventory":null},"(4,4,3)":{"fields":{"worldedit_placeholder":"air"},"inventory":null},"(4,4,4)":{"fields":{"worldedit_placeholder":"air"},"inventory":null},"(4,4,5)":{"fields":{"worldedit_placeholder":"air"},"inventory":null},"(4,4,6)":{"fields":{"worldedit_placeholder":"air"},"inventory":null},"(4,4,7)":{"fields":{"worldedit_placeholder":"air"},"inventory":null},"(4,5,0)":{"fields":{"worldedit_placeholder":"air"},"inventory":null},"(4,5,1)":{"fields":{"worldedit_placeholder":"air"},"inventory":null},"(4,5,2)":{"fields":{"worldedit_placeholder":"air"},"inventory":null},"(4,5,3)":{"fields":{"worldedit_placeholder":"air"},"inventory":null},"(4,5,4)":{"fields":{"worldedit_placeholder":"air"},"inventory":null},"(4,5,5)":{"fields":{"worldedit_placeholder":"air"},"inventory":null},"(4,5,6)":{"fields":{"worldedit_placeholder":"air"},"inventory":null},"(4,5,7)":{"fields":{"worldedit_placeholder":"air"},"inventory":null},"(4,6,0)":{"fields":{"worldedit_placeholder":"air"},"inventory":null},"(4,6,1)":{"fields":{"worldedit_placeholder":"air"},"inventory":null},"(4,6,2)":{"fields":{"worldedit_placeholder":"air"},"inventory":null},"(4,6,3)":{"fields":{"worldedit_placeholder":"air"},"inventory":null},"(4,6,4)":{"fields":{"worldedit_placeholder":"air"},"inventory":null},"(4,6,5)":{"fields":{"worldedit_placeholder":"air"},"inventory":null},"(4,6,6)":{"fields":{"worldedit_placeholder":"air"},"inventory":null},"(4,6,7)":{"fields":{"worldedit_placeholder":"air"},"inventory":null},"(4,7,0)":{"fields":{"worldedit_placeholder":"air"},"inventory":null},"(4,7,1)":{"fields":{"worldedit_placeholder":"air"},"inventory":null},"(4,7,2)":{"fields":{"worldedit_placeholder":"air"},"inventory":null},"(4,7,3)":{"fields":{"worldedit_placeholder":"air"},"inventory":null},"(4,7,4)":{"fields":{"worldedit_placeholder":"air"},"inventory":null},"(4,7,5)":{"fields":{"worldedit_placeholder":"air"},"inventory":null},"(4,7,6)":{"fields":{"worldedit_placeholder":"air"},"inventory":null},"(4,7,7)":{"fields":{"worldedit_placeholder":"air"},"inventory":null},"(8,0,0)":{"fields":{"worldedit_placeholder":"air"},"inventory":null},"(8,0,1)":{"fields":{"worldedit_placeholder":"air"},"inventory":null},"(8,0,10)":{"fields":{"worldedit_placeholder":"air"},"inventory":null},"(8,0,2)":{"fields":{"worldedit_placeholder":"air"},"inventory":null},"(8,0,3)":{"fields":{"worldedit_placeholder":"air"},"inventory":null},"(8,0,4)":{"fields":{"worldedit_placeholder":"air"},"inventory":null},"(8,0,5)":{"fields":{"worldedit_placeholder":"air"},"inventory":null},"(8,0,6)":{"fields":{"worldedit_placeholder":"air"},"inventory":null},"(8,0,7)":{"fields":{"worldedit_placeholder":"air"},"inventory":null},"(8,0,8)":{"fields":{"worldedit_placeholder":"air"},"inventory":null},"(8,0,9)":{"fields":{"worldedit_placeholder":"air"},"inventory":null},"(8,1,0)":{"fields":{"worldedit_placeholder":"air"},"inventory":null},"(8,1,1)":{"fields":{"worldedit_placeholder":"air"},"inventory":null},"(8,1,10)":{"fields":{"worldedit_placeholder":"air"},"inventory":null},"(8,1,2)":{"fields":{"worldedit_placeholder":"air"},"inventory":null},"(8,1,3)":{"fields":{"worldedit_placeholder":"air"},"inventory":null},"(8,1,4)":{"fields":{"worldedit_placeholder":"air"},"inventory":null},"(8,1,5)":{"fields":{"worldedit_placeholder":"air"},"inventory":null},"(8,1,6)":{"fields":{"worldedit_placeholder":"air"},"inventory":null},"(8,1,7)":{"fields":{"worldedit_placeholder":"air"},"inventory":null},"(8,1,8)":{"fields":{"worldedit_placeholder":"air"},"inventory":null},"(8,1,9)":{"fields":{"worldedit_placeholder":"air"},"inventory":null},"(8,10,0)":{"fields":{"worldedit_placeholder":"air"},"inventory":null},"(8,10,1)":{"fields":{"worldedit_placeholder":"air"},"inventory":null},"(8,10,2)":{"fields":{"worldedit_placeholder":"air"},"inventory":null},"(8,10,3)":{"fields":{"worldedit_placeholder":"air"},"inventory":null},"(8,10,4)":{"fields":{"worldedit_placeholder":"air"},"inventory":null},"(8,10,5)":{"fields":{"worldedit_placeholder":"air"},"inventory":null},"(8,10,6)":{"fields":{"worldedit_placeholder":"air"},"inventory":null},"(8,10,7)":{"fields":{"worldedit_placeholder":"air"},"inventory":null},"(8,10,9)":{"fields":{"worldedit_placeholder":"air"},"inventory":null},"(8,11,0)":{"fields":{"worldedit_placeholder":"air"},"inventory":null},"(8,11,1)":{"fields":{"worldedit_placeholder":"air"},"inventory":null},"(8,11,10)":{"fields":{"worldedit_placeholder":"air"},"inventory":null},"(8,11,2)":{"fields":{"worldedit_placeholder":"air"},"inventory":null},"(8,11,3)":{"fields":{"worldedit_placeholder":"air"},"inventory":null},"(8,11,4)":{"fields":{"worldedit_placeholder":"air"},"inventory":null},"(8,11,5)":{"fields":{"worldedit_placeholder":"air"},"inventory":null},"(8,11,6)":{"fields":{"worldedit_placeholder":"air"},"inventory":null},"(8,11,7)":{"fields":{"worldedit_placeholder":"air"},"inventory":null},"(8,11,8)":{"fields":{"worldedit_placeholder":"air"},"inventory":null},"(8,11,9)":{"fields":{"worldedit_placeholder":"air"},"inventory":null},"(8,12,0)":{"fields":{"worldedit_placeholder":"air"},"inventory":null},"(8,12,1)":{"fields":{"worldedit_placeholder":"air"},"inventory":null},"(8,12,10)":{"fields":{"worldedit_placeholder":"air"},"inventory":null},"(8,12,2)":{"fields":{"worldedit_placeholder":"air"},"inventory":null},"(8,12,3)":{"fields":{"worldedit_placeholder":"air"},"inventory":null},"(8,12,4)":{"fields":{"worldedit_placeholder":"air"},"inventory":null},"(8,12,5)":{"fields":{"worldedit_placeholder":"air"},"inventory":null},"(8,12,6)":{"fields":{"worldedit_placeholder":"air"},"inventory":null},"(8,12,7)":{"fields":{"worldedit_placeholder":"air"},"inventory":null},"(8,12,8)":{"fields":{"worldedit_placeholder":"air"},"inventory":null},"(8,13,0)":{"fields":{"worldedit_placeholder":"air"},"inventory":null},"(8,13,1)":{"fields":{"worldedit_placeholder":"air"},"inventory":null},"(8,13,10)":{"fields":{"worldedit_placeholder":"air"},"inventory":null},"(8,13,2)":{"fields":{"worldedit_placeholder":"air"},"inventory":null},"(8,13,3)":{"fields":{"worldedit_placeholder":"air"},"inventory":null},"(8,13,4)":{"fields":{"worldedit_placeholder":"air"},"inventory":null},"(8,13,5)":{"fields":{"worldedit_placeholder":"air"},"inventory":null},"(8,13,6)":{"fields":{"worldedit_placeholder":"air"},"inventory":null},"(8,13,7)":{"fields":{"worldedit_placeholder":"air"},"inventory":null},"(8,13,8)":{"fields":{"worldedit_placeholder":"air"},"inventory":null},"(8,13,9)":{"fields":{"worldedit_placeholder":"air"},"inventory":null},"(8,14,0)":{"fields":{"worldedit_placeholder":"air"},"inventory":null},"(8,14,1)":{"fields":{"worldedit_placeholder":"air"},"inventory":null},"(8,14,10)":{"fields":{"worldedit_placeholder":"air"},"inventory":null},"(8,14,2)":{"fields":{"worldedit_placeholder":"air"},"inventory":null},"(8,14,3)":{"fields":{"worldedit_placeholder":"air"},"inventory":null},"(8,14,4)":{"fields":{"worldedit_placeholder":"air"},"inventory":null},"(8,14,5)":{"fields":{"worldedit_placeholder":"air"},"inventory":null},"(8,14,6)":{"fields":{"worldedit_placeholder":"air"},"inventory":null},"(8,14,7)":{"fields":{"worldedit_placeholder":"air"},"inventory":null},"(8,14,8)":{"fields":{"worldedit_placeholder":"air"},"inventory":null},"(8,14,9)":{"fields":{"worldedit_placeholder":"air"},"inventory":null},"(8,15,0)":{"fields":{"worldedit_placeholder":"air"},"inventory":null},"(8,15,1)":{"fields":{"worldedit_placeholder":"air"},"inventory":null},"(8,15,10)":{"fields":{"worldedit_placeholder":"air"},"inventory":null},"(8,15,2)":{"fields":{"worldedit_placeholder":"air"},"inventory":null},"(8,15,3)":{"fields":{"worldedit_placeholder":"air"},"inventory":null},"(8,15,4)":{"fields":{"worldedit_placeholder":"air"},"inventory":null},"(8,15,5)":{"fields":{"worldedit_placeholder":"air"},"inventory":null},"(8,15,6)":{"fields":{"worldedit_placeholder":"air"},"inventory":null},"(8,15,7)":{"fields":{"worldedit_placeholder":"air"},"inventory":null},"(8,15,8)":{"fields":{"worldedit_placeholder":"air"},"inventory":null},"(8,15,9)":{"fields":{"worldedit_placeholder":"air"},"inventory":null},"(8,2,0)":{"fields":{"worldedit_placeholder":"air"},"inventory":null},"(8,2,1)":{"fields":{"worldedit_placeholder":"air"},"inventory":null},"(8,2,10)":{"fields":{"worldedit_placeholder":"air"},"inventory":null},"(8,2,2)":{"fields":{"worldedit_placeholder":"air"},"inventory":null},"(8,2,3)":{"fields":{"worldedit_placeholder":"air"},"inventory":null},"(8,2,4)":{"fields":{"worldedit_placeholder":"air"},"inventory":null},"(8,2,5)":{"fields":{"worldedit_placeholder":"air"},"inventory":null},"(8,2,6)":{"fields":{"worldedit_placeholder":"air"},"inventory":null},"(8,2,7)":{"fields":{"worldedit_placeholder":"air"},"inventory":null},"(8,2,8)":{"fields":{"worldedit_placeholder":"air"},"inventory":null},"(8,2,9)":{"fields":{"worldedit_placeholder":"air"},"inventory":null},"(8,3,0)":{"fields":{"worldedit_placeholder":"air"},"inventory":null},"(8,3,1)":{"fields":{"worldedit_placeholder":"air"},"inventory":null},"(8,3,10)":{"fields":{"worldedit_placeholder":"air"},"inventory":null},"(8,3,2)":{"fields":{"worldedit_placeholder":"air"},"inventory":null},"(8,3,3)":{"fields":{"worldedit_placeholder":"air"},"inventory":null},"(8,3,4)":{"fields":{"worldedit_placeholder":"air"},"inventory":null},"(8,3,5)":{"fields":{"worldedit_placeholder":"air"},"inventory":null},"(8,3,6)":{"fields":{"worldedit_placeholder":"air"},"inventory":null},"(8,3,7)":{"fields":{"worldedit_placeholder":"air"},"inventory":null},"(8,3,8)":{"fields":{"worldedit_placeholder":"air"},"inventory":null},"(8,3,9)":{"fields":{"worldedit_placeholder":"air"},"inventory":null},"(8,4,0)":{"fields":{"worldedit_placeholder":"air"},"inventory":null},"(8,4,1)":{"fields":{"worldedit_placeholder":"air"},"inventory":null},"(8,4,10)":{"fields":{"worldedit_placeholder":"air"},"inventory":null},"(8,4,2)":{"fields":{"worldedit_placeholder":"air"},"inventory":null},"(8,4,3)":{"fields":{"worldedit_placeholder":"air"},"inventory":null},"(8,4,4)":{"fields":{"worldedit_placeholder":"air"},"inventory":null},"(8,4,5)":{"fields":{"worldedit_placeholder":"air"},"inventory":null},"(8,4,6)":{"fields":{"worldedit_placeholder":"air"},"inventory":null},"(8,4,7)":{"fields":{"worldedit_placeholder":"air"},"inventory":null},"(8,4,8)":{"fields":{"worldedit_placeholder":"air"},"inventory":null},"(8,4,9)":{"fields":{"worldedit_placeholder":"air"},"inventory":null},"(8,5,0)":{"fields":{"worldedit_placeholder":"air"},"inventory":null},"(8,5,1)":{"fields":{"worldedit_placeholder":"air"},"inventory":null},"(8,5,10)":{"fields":{"worldedit_placeholder":"air"},"inventory":null},"(8,5,2)":{"fields":{"worldedit_placeholder":"air"},"inventory":null},"(8,5,3)":{"fields":{"worldedit_placeholder":"air"},"inventory":null},"(8,5,4)":{"fields":{"worldedit_placeholder":"air"},"inventory":null},"(8,5,5)":{"fields":{"worldedit_placeholder":"air"},"inventory":null},"(8,5,6)":{"fields":{"worldedit_placeholder":"air"},"inventory":null},"(8,5,7)":{"fields":{"worldedit_placeholder":"air"},"inventory":null},"(8,5,8)":{"fields":{"worldedit_placeholder":"air"},"inventory":null},"(8,5,9)":{"fields":{"worldedit_placeholder":"air"},"inventory":null},"(8,6,0)":{"fields":{"worldedit_placeholder":"air"},"inventory":null},"(8,6,1)":{"fields":{"worldedit_placeholder":"air"},"inventory":null},"(8,6,10)":{"fields":{"worldedit_placeholder":"air"},"inventory":null},"(8,6,2)":{"fields":{"worldedit_placeholder":"air"},"inventory":null},"(8,6,3)":{"fields":{"worldedit_placeholder":"air"},"inventory":null},"(8,6,4)":{"fields":{"worldedit_placeholder":"air"},"inventory":null},"(8,6,5)":{"fields":{"worldedit_placeholder":"air"},"inventory":null},"(8,6,6)":{"fields":{"worldedit_placeholder":"air"},"inventory":null},"(8,6,7)":{"fields":{"worldedit_placeholder":"air"},"inventory":null},"(8,6,8)":{"fields":{"worldedit_placeholder":"air"},"inventory":null},"(8,6,9)":{"fields":{"worldedit_placeholder":"air"},"inventory":null},"(8,7,0)":{"fields":{"worldedit_placeholder":"air"},"inventory":null},"(8,7,1)":{"fields":{"worldedit_placeholder":"air"},"inventory":null},"(8,7,10)":{"fields":{"worldedit_placeholder":"air"},"inventory":null},"(8,7,2)":{"fields":{"worldedit_placeholder":"air"},"inventory":null},"(8,7,3)":{"fields":{"worldedit_placeholder":"air"},"inventory":null},"(8,7,4)":{"fields":{"worldedit_placeholder":"air"},"inventory":null},"(8,7,5)":{"fields":{"worldedit_placeholder":"air"},"inventory":null},"(8,7,6)":{"fields":{"worldedit_placeholder":"air"},"inventory":null},"(8,7,7)":{"fields":{"worldedit_placeholder":"air"},"inventory":null},"(8,7,8)":{"fields":{"worldedit_placeholder":"air"},"inventory":null},"(8,7,9)":{"fields":{"worldedit_placeholder":"air"},"inventory":null}}},"node_mapping":{"air":126.0,"hightech:dark":394.0,"hightech:dark_stripe_bottom_autoconnect_0000":409.0,"stairs:stair_inner_glass":312.0}}