{"metadata":{"meta":{"(12,0,0)":{"fields":{"worldedit_placeholder":"air"},"inventory":null},"(12,0,1)":{"fields":{"worldedit_placeholder":"air"},"inventory":null},"(12,0,2)":{"fields":{"worldedit_placeholder":"air"},"inventory":null},"(12,0,3)":{"fields":{"worldedit_placeholder":"air"},"inventory":null},"(12,0,4)":{"fields":{"worldedit_placeholder":"air"},"inventory":null},"(12,0,5)":{"fields":{"worldedit_placeholder":"air"},"inventory":null},"(12,0,6)":{"fields":{"worldedit_placeholder":"air"},"inventory":null},"(12,0,7)":{"fields":{"worldedit_placeholder":"air"},"inventory":null},"(12,1,0)":{"fields":{"worldedit_placeholder":"air"},"inventory":null},"(12,1,1)":{"fields":{"worldedit_placeholder":"air"},"inventory":null},"(12,1,2)":{"fields":{"worldedit_placeholder":"air"},"inventory":null},"(12,1,3)":{"fields":{"worldedit_placeholder":"air"},"inventory":null},"(12,1,4)":{"fields":{"worldedit_placeholder":"air"},"inventory":null},"(12,1,5)":{"fields":{"worldedit_placeholder":"air"},"inventory":null},"(12,1,6)":{"fields":{"worldedit_placeholder":"air"},"inventory":null},"(12,1,7)":{"fields":{"worldedit_placeholder":"air"},"inventory":null},"(12,10,0)":{"fields":{"worldedit_placeholder":"air"},"inventory":null},"(12,10,1)":{"fields":{"worldedit_placeholder":"air"},"inventory":null},"(12,10,2)":{"fields":{"worldedit_placeholder":"air"},"inventory":null},"(12,10,3)":{"fields":{"worldedit_placeholder":"air"},"inventory":null},"(12,10,4)":{"fields":{"worldedit_placeholder":"air"},"inventory":null},"(12,10,5)":{"fields":{"worldedit_placeholder":"air"},"inventory":null},"(12,10,6)":{"fields":{"worldedit_placeholder":"air"},"inventory":null},"(12,10,7)":{"fields":{"worldedit_placeholder":"air"},"inventory":null},"(12,11,0)":{"fields":{"worldedit_placeholder":"air"},"inventory":null},"(12,11,1)":{"fields":{"worldedit_placeholder":"air"},"inventory":null},"(12,11,2)":{"fields":{"worldedit_placeholder":"air"},"inventory":null},"(12,11,3)":{"fields":{"worldedit_placeholder":"air"},"inventory":null},"(12,11,4)":{"fields":{"worldedit_placeholder":"air"},"inventory":null},"(12,11,5)":{"fields":{"worldedit_placeholder":"air"},"inventory":null},"(12,11,6)":{"fields":{"worldedit_placeholder":"air"},"inventory":null},"(12,11,7)":{"fields":{"worldedit_placeholder":"air"},"inventory":null},"(12,12,0)":{"fields":{"worldedit_placeholder":"air"},"inventory":null},"(12,12,1)":{"fields":{"worldedit_placeholder":"air"},"inventory":null},"(12,12,2)":{"fields":{"worldedit_placeholder":"air"},"inventory":null},"(12,12,3)":{"fields":{"worldedit_placeholder":"air"},"inventory":null},"(12,12,4)":{"fields":{"worldedit_placeholder":"air"},"inventory":null},"(12,12,5)":{"fields":{"worldedit_placeholder":"air"},"inventory":null},"(12,12,6)":{"fields":{"worldedit_placeholder":"air"},"inventory":null},"(12,12,7)":{"fields":{"worldedit_placeholder":"air"},"inventory":null},"(12,13,0)":{"fields":{"worldedit_placeholder":"air"},"inventory":null},"(12,13,1)":{"fields":{"worldedit_placeholder":"air"},"inventory":null},"(12,13,2)":{"fields":{"worldedit_placeholder":"air"},"inventory":null},"(12,13,3)":{"fields":{"worldedit_placeholder":"air"},"inventory":null},"(12,13,4)":{"fields":{"worldedit_placeholder":"air"},"inventory":null},"(12,13,5)":{"fields":{"worldedit_placeholder":"air"},"inventory":null},"(12,13,6)":{"fields":{"worldedit_placeholder":"air"},"inventory":null},"(12,13,7)":{"fields":{"worldedit_placeholder":"air"},"inventory":null},"(12,14,0)":{"fields":{"worldedit_placeholder":"air"},"inventory":null},"(12,14,1)":{"fields":{"worldedit_placeholder":"air"},"inventory":null},"(12,14,2)":{"fields":{"worldedit_placeholder":"air"},"inventory":null},"(12,14,3)":{"fields":{"worldedit_placeholder":"air"},"inventory":null},"(12,14,4)":{"fields":{"worldedit_placeholder":"air"},"inventory":null},"(12,14,5)":{"fields":{"worldedit_placeholder":"air"},"inventory":null},"(12,14,6)":{"fields":{"worldedit_placeholder":"air"},"inventory":null},"(12,14,7)":{"fields":{"worldedit_placeholder":"air"},"inventory":null},"(12,15,0)":{"fields":{"worldedit_placeholder":"air"},"inventory":null},"(12,15,1)":{"fields":{"worldedit_placeholder":"air"},"inventory":null},"(12,15,2)":{"fields":{"worldedit_placeholder":"air"},"inventory":null},"(12,15,3)":{"fields":{"worldedit_placeholder":"air"},"inventory":null},"(12,15,4)":{"fields":{"worldedit_placeholder":"air"},"inventory":null},"(12,15,5)":{"fields":{"worldedit_placeholder":"air"},"inventory":null},"(12,15,6)":{"fields":{"worldedit_placeholder":"air"},"inventory":null},"(12,15,7)":{"fields":{"worldedit_placeholder":"air"},"inventory":null},"(12,2,0)":{"fields":{"worldedit_placeholder":"air"},"inventory":null},"(12,2,1)":{"fields":{"worldedit_placeholder":"air"},"inventory":null},"(12,2,2)":{"fields":{"worldedit_placeholder":"air"},"inventory":null},"(12,2,3)":{"fields":{"worldedit_placeholder":"air"},"inventory":null},"(12,2,4)":{"fields":{"worldedit_placeholder":"air"},"inventory":null},"(12,2,5)":{"fields":{"worldedit_placeholder":"air"},"inventory":null},"(12,2,6)":{"fields":{"worldedit_placeholder":"air"},"inventory":null},"(12,2,7)":{"fields":{"worldedit_placeholder":"air"},"inventory":null},"(12,3,0)":{"fields":{"worldedit_placeholder":"air"},"inventory":null},"(12,3,1)":{"fields":{"worldedit_placeholder":"air"},"inventory":null},"(12,3,2)":{"fields":{"worldedit_placeholder":"air"},"inventory":null},"(12,3,3)":{"fields":{"worldedit_placeholder":"air"},"inventory":null},"(12,3,4)":{"fields":{"worldedit_placeholder":"air"},"inventory":null},"(12,3,5)":{"fields":{"worldedit_placeholder":"air"},"inventory":null},"(12,3,6)":{"fields":{"worldedit_placeholder":"air"},"inventory":null},"(12,3,7)":{"fields":{"worldedit_placeholder":"air"},"inventory":null},"(12,4,0)":{"fields":{"worldedit_placeholder":"air"},"inventory":null},"(12,4,1)":{"fields":{"worldedit_placeholder":"air"},"inventory":null},"(12,4,2)":{"fields":{"worldedit_placeholder":"air"},"inventory":null},"(12,4,3)":{"fields":{"worldedit_placeholder":"air"},"inventory":null},"(12,4,4)":{"fields":{"worldedit_placeholder":"air"},"inventory":null},"(12,4,5)":{"fields":{"worldedit_placeholder":"air"},"inventory":null},"(12,4,6)":{"fields":{"worldedit_placeholder":"air"},"inventory":null},"(12,4,7)":{"fields":{"worldedit_placeholder":"air"},"inventory":null},"(12,5,0)":{"fields":{"worldedit_placeholder":"air"},"inventory":null},"(12,5,1)":{"fields":{"worldedit_placeholder":"air"},"inventory":null},"(12,5,2)":{"fields":{"worldedit_placeholder":"air"},"inventory":null},"(12,5,3)":{"fields":{"worldedit_placeholder":"air"},"inventory":null},"(12,5,4)":{"fields":{"worldedit_placeholder":"air"},"inventory":null},"(12,5,5)":{"fields":{"worldedit_placeholder":"air"},"inventory":null},"(12,5,6)":{"fields":{"worldedit_placeholder":"air"},"inventory":null},"(12,5,7)":{"fields":{"worldedit_placeholder":"air"},"inventory":null},"(12,6,0)":{"fields":{"worldedit_placeholder":"air"},"inventory":null},"(12,6,1)":{"fields":{"worldedit_placeholder":"air"},"inventory":null},"(12,6,2)":{"fields":{"worldedit_placeholder":"air"},"inventory":null},"(12,6,3)":{"fields":{"worldedit_placeholder":"air"},"inventory":null},"(12,6,4)":{"fields":{"worldedit_placeholder":"air"},"inventory":null},"(12,6,5)":{"fields":{"worldedit_placeholder":"air"},"inventory":null},"(12,6,6)":{"fields":{"worldedit_placeholder":"air"},"inventory":null},"(12,6,7)":{"fields":{"worldedit_placeholder":"air"},"inventory":null},"(12,7,0)":{"fields":{"worldedit_placeholder":"air"},"inventory":null},"(12,7,1)":{"fields":{"worldedit_placeholder":"air"},"inventory":null},"(12,7,2)":{"fields":{"worldedit_placeholder":"air"},"inventory":null},"(12,7,3)":{"fields":{"worldedit_placeholder":"air"},"inventory":null},"(12,7,4)":{"fields":{"worldedit_placeholder":"air"},"inventory":null},"(12,7,5)":{"fields":{"worldedit_placeholder":"air"},"inventory":null},"(12,7,6)":{"fields":{"worldedit_placeholder":"air"},"inventory":null},"(12,7,7)":{"fields":{"worldedit_placeholder":"air"},"inventory":null},"(12,8,10)":{"fields":{"state":"0"},"inventory":null},"(13,0,7)":{"fields":{"worldedit_placeholder":"air"},"inventory":null},"(13,1,7)":{"fields":{"worldedit_placeholder":"air"},"inventory":null},"(13,10,7)":{"fields":{"worldedit_placeholder":"air"},"inventory":null},"(13,10,8)":{"fields":{"worldedit_placeholder":"air"},"inventory":null},"(13,11,7)":{"fields":{"worldedit_placeholder":"air"},"inventory":null},"(13,12,7)":{"fields":{"worldedit_placeholder":"air"},"inventory":null},"(13,13,7)":{"fields":{"worldedit_placeholder":"air"},"inventory":null},"(13,14,7)":{"fields":{"worldedit_placeholder":"air"},"inventory":null},"(13,15,7)":{"fields":{"worldedit_placeholder":"air"},"inventory":null},"(13,2,7)":{"fields":{"worldedit_placeholder":"air"},"inventory":null},"(13,3,7)":{"fields":{"worldedit_placeholder":"air"},"inventory":null},"(13,4,7)":{"fields":{"worldedit_placeholder":"air"},"inventory":null},"(13,5,7)":{"fields":{"worldedit_placeholder":"air"},"inventory":null},"(13,6,7)":{"fields":{"worldedit_placeholder":"air"},"inventory":null},"(13,7,7)":{"fields":{"worldedit_placeholder":"air"},"inventory":null},"(14,0,7)":{"fields":{"worldedit_placeholder":"air"},"inventory":null},"(14,1,7)":{"fields":{"worldedit_placeholder":"air"},"inventory":null},"(14,10,7)":{"fields":{"worldedit_placeholder":"air"},"inventory":null},"(14,11,7)":{"fields":{"worldedit_placeholder":"air"},"inventory":null},"(14,12,7)":{"fields":{"worldedit_placeholder":"air"},"inventory":null},"(14,13,7)":{"fields":{"worldedit_placeholder":"air"},"inventory":null},"(14,14,7)":{"fields":{"worldedit_placeholder":"air"},"inventory":null},"(14,15,7)":{"fields":{"worldedit_placeholder":"air"},"inventory":null},"(14,2,7)":{"fields":{"worldedit_placeholder":"air"},"inventory":null},"(14,3,7)":{"fields":{"worldedit_placeholder":"air"},"inventory":null},"(14,4,7)":{"fields":{"worldedit_placeholder":"air"},"inventory":null},"(14,5,7)":{"fields":{"worldedit_placeholder":"air"},"inventory":null},"(14,6,7)":{"fields":{"worldedit_placeholder":"air"},"inventory":null},"(14,7,7)":{"fields":{"worldedit_placeholder":"air"},"inventory":null},"(15,0,7)":{"fields":{"worldedit_placeholder":"air"},"inventory":null},"(15,1,7)":{"fields":{"worldedit_placeholder":"air"},"inventory":null},"(15,10,7)":{"fields":{"worldedit_placeholder":"air"},"inventory":null},"(15,11,7)":{"fields":{"worldedit_placeholder":"air"},"inventory":null},"(15,12,7)":{"fields":{"worldedit_placeholder":"air"},"inventory":null},"(15,13,7)":{"fields":{"worldedit_placeholder":"air"},"inventory":null},"(15,14,7)":{"fields":{"worldedit_placeholder":"air"},"inventory":null},"(15,15,7)":{"fields":{"worldedit_placeholder":"air"},"inventory":null},"(15,2,7)":{"fields":{"worldedit_placeholder":"air"},"inventory":null},"(15,3,7)":{"fields":{"worldedit_placeholder":"air"},"inventory":null},"(15,4,7)":{"fields":{"worldedit_placeholder":"air"},"inventory":null},"(15,5,7)":{"fields":{"worldedit_placeholder":"air"},"inventory":null},"(15,6,7)":{"fields":{"worldedit_placeholder":"air"},"inventory":null},"(15,7,7)":{"fields":{"worldedit_placeholder":"air"},"inventory":null},"(8,0,0)":{"fields":{"worldedit_placeholder":"air"},"inventory":null},"(8,0,1)":{"fields":{"worldedit_placeholder":"air"},"inventory":null},"(8,0,10)":{"fields":{"worldedit_placeholder":"air"},"inventory":null},"(8,0,2)":{"fields":{"worldedit_placeholder":"air"},"inventory":null},"(8,0,3)":{"fields":{"worldedit_placeholder":"air"},"inventory":null},"(8,0,4)":{"fields":{"worldedit_placeholder":"air"},"inventory":null},"(8,0,5)":{"fields":{"worldedit_placeholder":"air"},"inventory":null},"(8,0,6)":{"fields":{"worldedit_placeholder":"air"},"inventory":null},"(8,0,7)":{"fields":{"worldedit_placeholder":"air"},"inventory":null},"(8,0,8)":{"fields":{"worldedit_placeholder":"air"},"inventory":null},"(8,1,0)":{"fields":{"worldedit_placeholder":"air"},"inventory":null},"(8,1,1)":{"fields":{"worldedit_placeholder":"air"},"inventory":null},"(8,1,10)":{"fields":{"worldedit_placeholder":"air"},"inventory":null},"(8,1,2)":{"fields":{"worldedit_placeholder":"air"},"inventory":null},"(8,1,3)":{"fields":{"worldedit_placeholder":"air"},"inventory":null},"(8,1,4)":{"fields":{"worldedit_placeholder":"air"},"inventory":null},"(8,1,5)":{"fields":{"worldedit_placeholder":"air"},"inventory":null},"(8,1,6)":{"fields":{"worldedit_placeholder":"air"},"inventory":null},"(8,1,7)":{"fields":{"worldedit_placeholder":"air"},"inventory":null},"(8,1,8)":{"fields":{"worldedit_placeholder":"air"},"inventory":null},"(8,1,9)":{"fields":{"worldedit_placeholder":"air"},"inventory":null},"(8,10,0)":{"fields":{"worldedit_placeholder":"air"},"inventory":null},"(8,10,1)":{"fields":{"worldedit_placeholder":"air"},"inventory":null},"(8,10,10)":{"fields":{"worldedit_placeholder":"air"},"inventory":null},"(8,10,2)":{"fields":{"worldedit_placeholder":"air"},"inventory":null},"(8,10,3)":{"fields":{"worldedit_placeholder":"air"},"inventory":null},"(8,10,4)":{"fields":{"state":"0"},"inventory":null},"(8,10,5)":{"fields":{"worldedit_placeholder":"air"},"inventory":null},"(8,10,6)":{"fields":{"worldedit_placeholder":"air"},"inventory":null},"(8,10,7)":{"fields":{"worldedit_placeholder":"air"},"inventory":null},"(8,10,8)":{"fields":{"worldedit_placeholder":"air"},"inventory":null},"(8,10,9)":{"fields":{"state":"0"},"inventory":null},"(8,11,0)":{"fields":{"worldedit_placeholder":"air"},"inventory":null},"(8,11,1)":{"fields":{"worldedit_placeholder":"air"},"inventory":null},"(8,11,10)":{"fields":{"worldedit_placeholder":"air"},"inventory":null},"(8,11,2)":{"fields":{"worldedit_placeholder":"air"},"inventory":null},"(8,11,3)":{"fields":{"worldedit_placeholder":"air"},"inventory":null},"(8,11,4)":{"fields":{"worldedit_placeholder":"air"},"inventory":null},"(8,11,5)":{"fields":{"worldedit_placeholder":"air"},"inventory":null},"(8,11,6)":{"fields":{"worldedit_placeholder":"air"},"inventory":null},"(8,11,7)":{"fields":{"worldedit_placeholder":"air"},"inventory":null},"(8,11,8)":{"fields":{"worldedit_placeholder":"air"},"inventory":null},"(8,12,0)":{"fields":{"worldedit_placeholder":"air"},"inventory":null},"(8,12,1)":{"fields":{"worldedit_placeholder":"air"},"inventory":null},"(8,12,10)":{"fields":{"worldedit_placeholder":"air"},"inventory":null},"(8,12,2)":{"fields":{"worldedit_placeholder":"air"},"inventory":null},"(8,12,3)":{"fields":{"worldedit_placeholder":"air"},"inventory":null},"(8,12,4)":{"fields":{"worldedit_placeholder":"air"},"inventory":null},"(8,12,5)":{"fields":{"worldedit_placeholder":"air"},"inventory":null},"(8,12,6)":{"fields":{"worldedit_placeholder":"air"},"inventory":null},"(8,12,7)":{"fields":{"worldedit_placeholder":"air"},"inventory":null},"(8,12,8)":{"fields":{"worldedit_placeholder":"air"},"inventory":null},"(8,12,9)":{"fields":{"worldedit_placeholder":"air"},"inventory":null},"(8,13,0)":{"fields":{"worldedit_placeholder":"air"},"inventory":null},"(8,13,1)":{"fields":{"worldedit_placeholder":"air"},"inventory":null},"(8,13,10)":{"fields":{"worldedit_placeholder":"air"},"inventory":null},"(8,13,2)":{"fields":{"worldedit_placeholder":"air"},"inventory":null},"(8,13,3)":{"fields":{"worldedit_placeholder":"air"},"inventory":null},"(8,13,4)":{"fields":{"worldedit_placeholder":"air"},"inventory":null},"(8,13,5)":{"fields":{"worldedit_placeholder":"air"},"inventory":null},"(8,13,6)":{"fields":{"worldedit_placeholder":"air"},"inventory":null},"(8,13,7)":{"fields":{"worldedit_placeholder":"air"},"inventory":null},"(8,13,8)":{"fields":{"worldedit_placeholder":"air"},"inventory":null},"(8,13,9)":{"fields":{"worldedit_placeholder":"air"},"inventory":null},"(8,14,0)":{"fields":{"worldedit_placeholder":"air"},"inventory":null},"(8,14,1)":{"fields":{"worldedit_placeholder":"air"},"inventory":null},"(8,14,10)":{"fields":{"worldedit_placeholder":"air"},"inventory":null},"(8,14,2)":{"fields":{"worldedit_placeholder":"air"},"inventory":null},"(8,14,3)":{"fields":{"worldedit_placeholder":"air"},"inventory":null},"(8,14,4)":{"fields":{"worldedit_placeholder":"air"},"inventory":null},"(8,14,5)":{"fields":{"worldedit_placeholder":"air"},"inventory":null},"(8,14,6)":{"fields":{"worldedit_placeholder":"air"},"inventory":null},"(8,14,7)":{"fields":{"worldedit_placeholder":"air"},"inventory":null},"(8,14,8)":{"fields":{"worldedit_placeholder":"air"},"inventory":null},"(8,14,9)":{"fields":{"worldedit_placeholder":"air"},"inventory":null},"(8,15,0)":{"fields":{"worldedit_placeholder":"air"},"inventory":null},"(8,15,1)":{"fields":{"worldedit_placeholder":"air"},"inventory":null},"(8,15,10)":{"fields":{"worldedit_placeholder":"air"},"inventory":null},"(8,15,2)":{"fields":{"worldedit_placeholder":"air"},"inventory":null},"(8,15,3)":{"fields":{"worldedit_placeholder":"air"},"inventory":null},"(8,15,4)":{"fields":{"worldedit_placeholder":"air"},"inventory":null},"(8,15,5)":{"fields":{"worldedit_placeholder":"air"},"inventory":null},"(8,15,6)":{"fields":{"worldedit_placeholder":"air"},"inventory":null},"(8,15,7)":{"fields":{"worldedit_placeholder":"air"},"inventory":null},"(8,15,8)":{"fields":{"worldedit_placeholder":"air"},"inventory":null},"(8,15,9)":{"fields":{"worldedit_placeholder":"air"},"inventory":null},"(8,2,0)":{"fields":{"worldedit_placeholder":"air"},"inventory":null},"(8,2,1)":{"fields":{"worldedit_placeholder":"air"},"inventory":null},"(8,2,10)":{"fields":{"worldedit_placeholder":"air"},"inventory":null},"(8,2,2)":{"fields":{"worldedit_placeholder":"air"},"inventory":null},"(8,2,3)":{"fields":{"worldedit_placeholder":"air"},"inventory":null},"(8,2,4)":{"fields":{"worldedit_placeholder":"air"},"inventory":null},"(8,2,5)":{"fields":{"worldedit_placeholder":"air"},"inventory":null},"(8,2,6)":{"fields":{"worldedit_placeholder":"air"},"inventory":null},"(8,2,7)":{"fields":{"worldedit_placeholder":"air"},"inventory":null},"(8,2,8)":{"fields":{"worldedit_placeholder":"air"},"inventory":null},"(8,2,9)":{"fields":{"worldedit_placeholder":"air"},"inventory":null},"(8,3,0)":{"fields":{"worldedit_placeholder":"air"},"inventory":null},"(8,3,1)":{"fields":{"worldedit_placeholder":"air"},"inventory":null},"(8,3,10)":{"fields":{"worldedit_placeholder":"air"},"inventory":null},"(8,3,2)":{"fields":{"worldedit_placeholder":"air"},"inventory":null},"(8,3,3)":{"fields":{"worldedit_placeholder":"air"},"inventory":null},"(8,3,4)":{"fields":{"worldedit_placeholder":"air"},"inventory":null},"(8,3,5)":{"fields":{"worldedit_placeholder":"air"},"inventory":null},"(8,3,6)":{"fields":{"worldedit_placeholder":"air"},"inventory":null},"(8,3,7)":{"fields":{"worldedit_placeholder":"air"},"inventory":null},"(8,3,8)":{"fields":{"worldedit_placeholder":"air"},"inventory":null},"(8,3,9)":{"fields":{"worldedit_placeholder":"air"},"inventory":null},"(8,4,0)":{"fields":{"worldedit_placeholder":"air"},"inventory":null},"(8,4,1)":{"fields":{"worldedit_placeholder":"air"},"inventory":null},"(8,4,10)":{"fields":{"worldedit_placeholder":"air"},"inventory":null},"(8,4,2)":{"fields":{"worldedit_placeholder":"air"},"inventory":null},"(8,4,3)":{"fields":{"worldedit_placeholder":"air"},"inventory":null},"(8,4,4)":{"fields":{"worldedit_placeholder":"air"},"inventory":null},"(8,4,5)":{"fields":{"worldedit_placeholder":"air"},"inventory":null},"(8,4,6)":{"fields":{"worldedit_placeholder":"air"},"inventory":null},"(8,4,7)":{"fields":{"worldedit_placeholder":"air"},"inventory":null},"(8,4,8)":{"fields":{"worldedit_placeholder":"air"},"inventory":null},"(8,4,9)":{"fields":{"worldedit_placeholder":"air"},"inventory":null},"(8,5,0)":{"fields":{"worldedit_placeholder":"air"},"inventory":null},"(8,5,1)":{"fields":{"worldedit_placeholder":"air"},"inventory":null},"(8,5,10)":{"fields":{"worldedit_placeholder":"air"},"inventory":null},"(8,5,2)":{"fields":{"worldedit_placeholder":"air"},"inventory":null},"(8,5,3)":{"fields":{"worldedit_placeholder":"air"},"inventory":null},"(8,5,4)":{"fields":{"worldedit_placeholder":"air"},"inventory":null},"(8,5,5)":{"fields":{"worldedit_placeholder":"air"},"inventory":null},"(8,5,6)":{"fields":{"worldedit_placeholder":"air"},"inventory":null},"(8,5,7)":{"fields":{"worldedit_placeholder":"air"},"inventory":null},"(8,5,8)":{"fields":{"worldedit_placeholder":"air"},"inventory":null},"(8,5,9)":{"fields":{"worldedit_placeholder":"air"},"inventory":null},"(8,6,0)":{"fields":{"worldedit_placeholder":"air"},"inventory":null},"(8,6,1)":{"fields":{"worldedit_placeholder":"air"},"inventory":null},"(8,6,10)":{"fields":{"worldedit_placeholder":"air"},"inventory":null},"(8,6,2)":{"fields":{"worldedit_placeholder":"air"},"inventory":null},"(8,6,3)":{"fields":{"worldedit_placeholder":"air"},"inventory":null},"(8,6,4)":{"fields":{"worldedit_placeholder":"air"},"inventory":null},"(8,6,5)":{"fields":{"worldedit_placeholder":"air"},"inventory":null},"(8,6,6)":{"fields":{"worldedit_placeholder":"air"},"inventory":null},"(8,6,7)":{"fields":{"worldedit_placeholder":"air"},"inventory":null},"(8,6,8)":{"fields":{"worldedit_placeholder":"air"},"inventory":null},"(8,6,9)":{"fields":{"worldedit_placeholder":"air"},"inventory":null},"(8,7,0)":{"fields":{"worldedit_placeholder":"air"},"inventory":null},"(8,7,1)":{"fields":{"worldedit_placeholder":"air"},"inventory":null},"(8,7,10)":{"fields":{"worldedit_placeholder":"air"},"inventory":null},"(8,7,2)":{"fields":{"worldedit_placeholder":"air"},"inventory":null},"(8,7,3)":{"fields":{"worldedit_placeholder":"air"},"inventory":null},"(8,7,4)":{"fields":{"worldedit_placeholder":"air"},"inventory":null},"(8,7,5)":{"fields":{"worldedit_placeholder":"air"},"inventory":null},"(8,7,6)":{"fields":{"worldedit_placeholder":"air"},"inventory":null},"(8,7,7)":{"fields":{"worldedit_placeholder":"air"},"inventory":null},"(8,7,8)":{"fields":{"worldedit_placeholder":"air"},"inventory":null},"(8,7,9)":{"fields":{"worldedit_placeholder":"air"},"inventory":null}}},"node_mapping":{"air":126.0,"hightech:dark":394.0,"hightech:dark_stripe_bottom_autoconnect_0000":409.0,"stairs:stair_inner_glass":312.0}}