{"metadata":{"meta":{"(0,0,10)":{"fields":{"worldedit_placeholder":"air"},"inventory":null},"(0,0,11)":{"fields":{"worldedit_placeholder":"air"},"inventory":null},"(0,0,12)":{"fields":{"worldedit_placeholder":"air"},"inventory":null},"(0,0,13)":{"fields":{"worldedit_placeholder":"air"},"inventory":null},"(0,0,14)":{"fields":{"worldedit_placeholder":"air"},"inventory":null},"(0,0,15)":{"fields":{"worldedit_placeholder":"air"},"inventory":null},"(0,0,8)":{"fields":{"worldedit_placeholder":"air"},"inventory":null},"(0,0,9)":{"fields":{"worldedit_placeholder":"air"},"inventory":null},"(0,1,10)":{"fields":{"worldedit_placeholder":"air"},"inventory":null},"(0,1,11)":{"fields":{"worldedit_placeholder":"air"},"inventory":null},"(0,1,12)":{"fields":{"worldedit_placeholder":"air"},"inventory":null},"(0,1,13)":{"fields":{"worldedit_placeholder":"air"},"inventory":null},"(0,1,14)":{"fields":{"worldedit_placeholder":"air"},"inventory":null},"(0,1,15)":{"fields":{"worldedit_placeholder":"air"},"inventory":null},"(0,1,8)":{"fields":{"worldedit_placeholder":"air"},"inventory":null},"(0,1,9)":{"fields":{"worldedit_placeholder":"air"},"inventory":null},"(0,2,10)":{"fields":{"worldedit_placeholder":"air"},"inventory":null},"(0,2,11)":{"fields":{"worldedit_placeholder":"air"},"inventory":null},"(0,2,12)":{"fields":{"worldedit_placeholder":"air"},"inventory":null},"(0,2,13)":{"fields":{"worldedit_placeholder":"air"},"inventory":null},"(0,2,14)":{"fields":{"worldedit_placeholder":"air"},"inventory":null},"(0,2,15)":{"fields":{"worldedit_placeholder":"air"},"inventory":null},"(0,2,8)":{"fields":{"worldedit_placeholder":"air"},"inventory":null},"(0,2,9)":{"fields":{"worldedit_placeholder":"air"},"inventory":null},"(4,0,10)":{"fields":{"worldedit_placeholder":"air"},"inventory":null},"(4,0,11)":{"fields":{"worldedit_placeholder":"air"},"inventory":null},"(4,0,12)":{"fields":{"worldedit_placeholder":"air"},"inventory":null},"(4,0,13)":{"fields":{"worldedit_placeholder":"air"},"inventory":null},"(4,0,14)":{"fields":{"worldedit_placeholder":"air"},"inventory":null},"(4,0,15)":{"fields":{"worldedit_placeholder":"air"},"inventory":null},"(4,0,8)":{"fields":{"worldedit_placeholder":"air"},"inventory":null},"(4,0,9)":{"fields":{"worldedit_placeholder":"air"},"inventory":null},"(4,1,10)":{"fields":{"worldedit_placeholder":"air"},"inventory":null},"(4,1,11)":{"fields":{"worldedit_placeholder":"air"},"inventory":null},"(4,1,12)":{"fields":{"worldedit_placeholder":"air"},"inventory":null},"(4,1,13)":{"fields":{"worldedit_placeholder":"air"},"inventory":null},"(4,1,14)":{"fields":{"worldedit_placeholder":"air"},"inventory":null},"(4,1,15)":{"fields":{"worldedit_placeholder":"air"},"inventory":null},"(4,1,8)":{"fields":{"worldedit_placeholder":"air"},"inventory":null},"(4,1,9)":{"fields":{"worldedit_placeholder":"air"},"inventory":null},"(4,2,10)":{"fields":{"worldedit_placeholder":"air"},"inventory":null},"(4,2,11)":{"fields":{"worldedit_placeholder":"air"},"inventory":null},"(4,2,12)":{"fields":{"worldedit_placeholder":"air"},"inventory":null},"(4,2,13)":{"fields":{"worldedit_placeholder":"air"},"inventory":null},"(4,2,14)":{"fields":{"worldedit_placeholder":"air"},"inventory":null},"(4,2,15)":{"fields":{"worldedit_placeholder":"air"},"inventory":null},"(4,2,8)":{"fields":{"worldedit_placeholder":"air"},"inventory":null},"(4,2,9)":{"fields":{"worldedit_placeholder":"air"},"inventory":null}}},"node_mapping":{"air":126.0,"hightech:dark":394.0,"hightech:dark_stripe_bottom_autoconnect_0000":409.0,"stairs:stair_inner_glass":312.0}}