{"metadata":{"meta":{"(0,15,0)":{"fields":{"worldedit_placeholder":"air"},"inventory":null},"(0,15,1)":{"fields":{"worldedit_placeholder":"air"},"inventory":null},"(0,15,11)":{"fields":{"worldedit_placeholder":"air"},"inventory":null},"(0,15,12)":{"fields":{"worldedit_placeholder":"air"},"inventory":null},"(0,15,13)":{"fields":{"worldedit_placeholder":"air"},"inventory":null},"(0,15,14)":{"fields":{"worldedit_placeholder":"air"},"inventory":null},"(0,15,15)":{"fields":{"worldedit_placeholder":"air"},"inventory":null},"(0,15,2)":{"fields":{"worldedit_placeholder":"air"},"inventory":null},"(0,15,3)":{"fields":{"worldedit_placeholder":"air"},"inventory":null},"(0,15,4)":{"fields":{"worldedit_placeholder":"air"},"inventory":null},"(0,15,5)":{"fields":{"worldedit_placeholder":"air"},"inventory":null},"(0,15,6)":{"fields":{"worldedit_placeholder":"air"},"inventory":null},"(0,15,7)":{"fields":{"worldedit_placeholder":"air"},"inventory":null},"(10,15,0)":{"fields":{"worldedit_placeholder":"air"},"inventory":null},"(10,15,11)":{"fields":{"worldedit_placeholder":"air"},"inventory":null},"(11,15,5)":{"fields":{"state":"0"},"inventory":null},"(4,15,0)":{"fields":{"worldedit_placeholder":"air"},"inventory":null},"(4,15,1)":{"fields":{"worldedit_placeholder":"air"},"inventory":null},"(4,15,10)":{"fields":{"worldedit_placeholder":"air"},"inventory":null},"(4,15,12)":{"fields":{"worldedit_placeholder":"air"},"inventory":null},"(4,15,13)":{"fields":{"worldedit_placeholder":"air"},"inventory":null},"(4,15,14)":{"fields":{"worldedit_placeholder":"air"},"inventory":null},"(4,15,15)":{"fields":{"worldedit_placeholder":"air"},"inventory":null},"(4,15,2)":{"fields":{"worldedit_placeholder":"air"},"inventory":null},"(4,15,3)":{"fields":{"worldedit_placeholder":"air"},"inventory":null},"(4,15,4)":{"fields":{"worldedit_placeholder":"air"},"inventory":null},"(4,15,5)":{"fields":{"worldedit_placeholder":"air"},"inventory":null},"(4,15,6)":{"fields":{"worldedit_placeholder":"air"},"inventory":null},"(4,15,7)":{"fields":{"worldedit_placeholder":"air"},"inventory":null},"(4,15,8)":{"fields":{"worldedit_placeholder":"air"},"inventory":null},"(4,15,9)":{"fields":{"worldedit_placeholder":"air"},"inventory":null},"(5,15,11)":{"fields":{"worldedit_placeholder":"air"},"inventory":null},"(6,15,11)":{"fields":{"worldedit_placeholder":"air"},"inventory":null},"(7,15,11)":{"fields":{"worldedit_placeholder":"air"},"inventory":null},"(7,15,12)":{"fields":{"worldedit_placeholder":"air"},"inventory":null},"(8,15,0)":{"fields":{"worldedit_placeholder":"air"},"inventory":null},"(8,15,11)":{"fields":{"worldedit_placeholder":"air"},"inventory":null},"(8,15,13)":{"fields":{"worldedit_placeholder":"air"},"inventory":null},"(8,15,14)":{"fields":{"worldedit_placeholder":"air"},"inventory":null},"(8,15,15)":{"fields":{"worldedit_placeholder":"air"},"inventory":null},"(8,15,3)":{"fields":{"worldedit_placeholder":"air"},"inventory":null},"(9,15,0)":{"fields":{"state":"0"},"inventory":null},"(9,15,11)":{"fields":{"worldedit_placeholder":"air"},"inventory":null},"(9,15,3)":{"fields":{"worldedit_placeholder":"air"},"inventory":null}}},"node_mapping":{"air":126.0,"default:sand":34.0,"hightech:dark":394.0,"hightech:dark_stripe_top_autoconnect_0011":414.0,"hightech:door_a":440.0,"stairs:stair_hightech_dark":395.0,"stairs:stair_inner_glass":312.0}}