{"metadata":{"meta":{"(6,0,4)":{"fields":{"formspec":" size[8,8]\n\t\tlist[context;main;0,0;8,3;]\n\t\tlist[current_player;main;0,4;8,4;]\n\t\tlistring[current_player;main]\n\t\tlistring[context;main]\" image[0,4;1,1;gui_hb_bg.png]image[1,4;1,1;gui_hb_bg.png]image[2,4;1,1;gui_hb_bg.png]image[3,4;1,1;gui_hb_bg.png]image[4,4;1,1;gui_hb_bg.png]image[5,4;1,1;gui_hb_bg.png]image[6,4;1,1;gui_hb_bg.png]image[7,4;1,1;gui_hb_bg.png]","infotext":"\u001b(T@xdecor)Plain Shelf\u001bE"},"inventory":{"main":["","","","","","","","","","","","","","","","","","","","","","","",""]}}}},"node_mapping":{"air":126.0,"hightech:dark":394.0,"hightech:glass":400.0}}