{"metadata":{"meta":{"(0,14,14)":{"fields":{"formspec":" size[8,8]\n\t\tlist[context;main;0,0;8,3;]\n\t\tlist[current_player;main;0,4;8,4;]\n\t\tlistring[current_player;main]\n\t\tlistring[context;main]\" image[0,4;1,1;gui_hb_bg.png]image[1,4;1,1;gui_hb_bg.png]image[2,4;1,1;gui_hb_bg.png]image[3,4;1,1;gui_hb_bg.png]image[4,4;1,1;gui_hb_bg.png]image[5,4;1,1;gui_hb_bg.png]image[6,4;1,1;gui_hb_bg.png]image[7,4;1,1;gui_hb_bg.png]","infotext":"\u001b(T@xdecor)Plain Shelf\u001bE"},"inventory":{"main":["","","","","","","","","","","","","","","","","","","","","","","",""]}},"(0,14,6)":{"fields":{"formspec":" size[8,8]\n\t\tlist[context;main;0,0;8,3;]\n\t\tlist[current_player;main;0,4;8,4;]\n\t\tlistring[current_player;main]\n\t\tlistring[context;main]\" image[0,4;1,1;gui_hb_bg.png]image[1,4;1,1;gui_hb_bg.png]image[2,4;1,1;gui_hb_bg.png]image[3,4;1,1;gui_hb_bg.png]image[4,4;1,1;gui_hb_bg.png]image[5,4;1,1;gui_hb_bg.png]image[6,4;1,1;gui_hb_bg.png]image[7,4;1,1;gui_hb_bg.png]","infotext":"\u001b(T@xdecor)Plain Shelf\u001bE"},"inventory":{"main":["","","","","","","","","","","","","","","","","","","","","","","",""]}},"(0,14,9)":{"fields":{"formspec":" size[8,8]\n\t\tlist[context;main;0,0;8,3;]\n\t\tlist[current_player;main;0,4;8,4;]\n\t\tlistring[current_player;main]\n\t\tlistring[context;main]\" image[0,4;1,1;gui_hb_bg.png]image[1,4;1,1;gui_hb_bg.png]image[2,4;1,1;gui_hb_bg.png]image[3,4;1,1;gui_hb_bg.png]image[4,4;1,1;gui_hb_bg.png]image[5,4;1,1;gui_hb_bg.png]image[6,4;1,1;gui_hb_bg.png]image[7,4;1,1;gui_hb_bg.png]","infotext":"\u001b(T@xdecor)Plain Shelf\u001bE"},"inventory":{"main":["","","","","","","","","","","","","","","","","","","","","","","",""]}},"(0,15,14)":{"fields":{"formspec":" size[8,8]\n\t\tlist[context;main;0,0;8,3;]\n\t\tlist[current_player;main;0,4;8,4;]\n\t\tlistring[current_player;main]\n\t\tlistring[context;main]\" image[0,4;1,1;gui_hb_bg.png]image[1,4;1,1;gui_hb_bg.png]image[2,4;1,1;gui_hb_bg.png]image[3,4;1,1;gui_hb_bg.png]image[4,4;1,1;gui_hb_bg.png]image[5,4;1,1;gui_hb_bg.png]image[6,4;1,1;gui_hb_bg.png]image[7,4;1,1;gui_hb_bg.png]","infotext":"\u001b(T@xdecor)Plain Shelf\u001bE"},"inventory":{"main":["","","","","","","","","","","","","","","","","","","","","","","",""]}},"(0,15,6)":{"fields":{"formspec":" size[8,8]\n\t\tlist[context;main;0,0;8,3;]\n\t\tlist[current_player;main;0,4;8,4;]\n\t\tlistring[current_player;main]\n\t\tlistring[context;main]\" image[0,4;1,1;gui_hb_bg.png]image[1,4;1,1;gui_hb_bg.png]image[2,4;1,1;gui_hb_bg.png]image[3,4;1,1;gui_hb_bg.png]image[4,4;1,1;gui_hb_bg.png]image[5,4;1,1;gui_hb_bg.png]image[6,4;1,1;gui_hb_bg.png]image[7,4;1,1;gui_hb_bg.png]","infotext":"\u001b(T@xdecor)Plain Shelf\u001bE"},"inventory":{"main":["","","","","","","","","","","","","","","","","","","","","","","",""]}},"(0,15,9)":{"fields":{"formspec":" size[8,8]\n\t\tlist[context;main;0,0;8,3;]\n\t\tlist[current_player;main;0,4;8,4;]\n\t\tlistring[current_player;main]\n\t\tlistring[context;main]\" image[0,4;1,1;gui_hb_bg.png]image[1,4;1,1;gui_hb_bg.png]image[2,4;1,1;gui_hb_bg.png]image[3,4;1,1;gui_hb_bg.png]image[4,4;1,1;gui_hb_bg.png]image[5,4;1,1;gui_hb_bg.png]image[6,4;1,1;gui_hb_bg.png]image[7,4;1,1;gui_hb_bg.png]","infotext":"\u001b(T@xdecor)Plain Shelf\u001bE"},"inventory":{"main":["","","","","","","","","","","","","","","","","","","","","","","",""]}},"(1,14,14)":{"fields":{"formspec":" size[8,8]\n\t\tlist[context;main;0,0;8,3;]\n\t\tlist[current_player;main;0,4;8,4;]\n\t\tlistring[current_player;main]\n\t\tlistring[context;main]\" image[0,4;1,1;gui_hb_bg.png]image[1,4;1,1;gui_hb_bg.png]image[2,4;1,1;gui_hb_bg.png]image[3,4;1,1;gui_hb_bg.png]image[4,4;1,1;gui_hb_bg.png]image[5,4;1,1;gui_hb_bg.png]image[6,4;1,1;gui_hb_bg.png]image[7,4;1,1;gui_hb_bg.png]","infotext":"\u001b(T@xdecor)Plain Shelf\u001bE"},"inventory":{"main":["","","","","","","","","","","","","","","","","","","","","","","",""]}},"(1,14,6)":{"fields":{"formspec":" size[8,8]\n\t\tlist[context;main;0,0;8,3;]\n\t\tlist[current_player;main;0,4;8,4;]\n\t\tlistring[current_player;main]\n\t\tlistring[context;main]\" image[0,4;1,1;gui_hb_bg.png]image[1,4;1,1;gui_hb_bg.png]image[2,4;1,1;gui_hb_bg.png]image[3,4;1,1;gui_hb_bg.png]image[4,4;1,1;gui_hb_bg.png]image[5,4;1,1;gui_hb_bg.png]image[6,4;1,1;gui_hb_bg.png]image[7,4;1,1;gui_hb_bg.png]","infotext":"\u001b(T@xdecor)Plain Shelf\u001bE"},"inventory":{"main":["","","","","","","","","","","","","","","","","","","","","","","",""]}},"(1,14,9)":{"fields":{"formspec":" size[8,8]\n\t\tlist[context;main;0,0;8,3;]\n\t\tlist[current_player;main;0,4;8,4;]\n\t\tlistring[current_player;main]\n\t\tlistring[context;main]\" image[0,4;1,1;gui_hb_bg.png]image[1,4;1,1;gui_hb_bg.png]image[2,4;1,1;gui_hb_bg.png]image[3,4;1,1;gui_hb_bg.png]image[4,4;1,1;gui_hb_bg.png]image[5,4;1,1;gui_hb_bg.png]image[6,4;1,1;gui_hb_bg.png]image[7,4;1,1;gui_hb_bg.png]","infotext":"\u001b(T@xdecor)Plain Shelf\u001bE"},"inventory":{"main":["","","","","","","","","","","","","","","","","","","","","","","",""]}},"(1,15,14)":{"fields":{"formspec":" size[8,8]\n\t\tlist[context;main;0,0;8,3;]\n\t\tlist[current_player;main;0,4;8,4;]\n\t\tlistring[current_player;main]\n\t\tlistring[context;main]\" image[0,4;1,1;gui_hb_bg.png]image[1,4;1,1;gui_hb_bg.png]image[2,4;1,1;gui_hb_bg.png]image[3,4;1,1;gui_hb_bg.png]image[4,4;1,1;gui_hb_bg.png]image[5,4;1,1;gui_hb_bg.png]image[6,4;1,1;gui_hb_bg.png]image[7,4;1,1;gui_hb_bg.png]","infotext":"\u001b(T@xdecor)Plain Shelf\u001bE"},"inventory":{"main":["","","","","","","","","","","","","","","","","","","","","","","",""]}},"(1,15,6)":{"fields":{"formspec":" size[8,8]\n\t\tlist[context;main;0,0;8,3;]\n\t\tlist[current_player;main;0,4;8,4;]\n\t\tlistring[current_player;main]\n\t\tlistring[context;main]\" image[0,4;1,1;gui_hb_bg.png]image[1,4;1,1;gui_hb_bg.png]image[2,4;1,1;gui_hb_bg.png]image[3,4;1,1;gui_hb_bg.png]image[4,4;1,1;gui_hb_bg.png]image[5,4;1,1;gui_hb_bg.png]image[6,4;1,1;gui_hb_bg.png]image[7,4;1,1;gui_hb_bg.png]","infotext":"\u001b(T@xdecor)Plain Shelf\u001bE"},"inventory":{"main":["","","","","","","","","","","","","","","","","","","","","","","",""]}},"(1,15,9)":{"fields":{"formspec":" size[8,8]\n\t\tlist[context;main;0,0;8,3;]\n\t\tlist[current_player;main;0,4;8,4;]\n\t\tlistring[current_player;main]\n\t\tlistring[context;main]\" image[0,4;1,1;gui_hb_bg.png]image[1,4;1,1;gui_hb_bg.png]image[2,4;1,1;gui_hb_bg.png]image[3,4;1,1;gui_hb_bg.png]image[4,4;1,1;gui_hb_bg.png]image[5,4;1,1;gui_hb_bg.png]image[6,4;1,1;gui_hb_bg.png]image[7,4;1,1;gui_hb_bg.png]","infotext":"\u001b(T@xdecor)Plain Shelf\u001bE"},"inventory":{"main":["","","","","","","","","","","","","","","","","","","","","","","",""]}},"(10,14,10)":{"fields":{"formspec":" size[8,8]\n\t\tlist[context;main;0,0;8,3;]\n\t\tlist[current_player;main;0,4;8,4;]\n\t\tlistring[current_player;main]\n\t\tlistring[context;main]\" image[0,4;1,1;gui_hb_bg.png]image[1,4;1,1;gui_hb_bg.png]image[2,4;1,1;gui_hb_bg.png]image[3,4;1,1;gui_hb_bg.png]image[4,4;1,1;gui_hb_bg.png]image[5,4;1,1;gui_hb_bg.png]image[6,4;1,1;gui_hb_bg.png]image[7,4;1,1;gui_hb_bg.png]","infotext":"\u001b(T@xdecor)Plain Shelf\u001bE"},"inventory":{"main":["","","","","","","","","","","","","","","","","","","","","","","",""]}},"(10,14,11)":{"fields":{"formspec":" size[8,8]\n\t\tlist[context;main;0,0;8,3;]\n\t\tlist[current_player;main;0,4;8,4;]\n\t\tlistring[current_player;main]\n\t\tlistring[context;main]\" image[0,4;1,1;gui_hb_bg.png]image[1,4;1,1;gui_hb_bg.png]image[2,4;1,1;gui_hb_bg.png]image[3,4;1,1;gui_hb_bg.png]image[4,4;1,1;gui_hb_bg.png]image[5,4;1,1;gui_hb_bg.png]image[6,4;1,1;gui_hb_bg.png]image[7,4;1,1;gui_hb_bg.png]","infotext":"\u001b(T@xdecor)Plain Shelf\u001bE"},"inventory":{"main":["","","","","","","","","","","","","","","","","","","","","","","",""]}},"(10,14,12)":{"fields":{"formspec":" size[8,8]\n\t\tlist[context;main;0,0;8,3;]\n\t\tlist[current_player;main;0,4;8,4;]\n\t\tlistring[current_player;main]\n\t\tlistring[context;main]\" image[0,4;1,1;gui_hb_bg.png]image[1,4;1,1;gui_hb_bg.png]image[2,4;1,1;gui_hb_bg.png]image[3,4;1,1;gui_hb_bg.png]image[4,4;1,1;gui_hb_bg.png]image[5,4;1,1;gui_hb_bg.png]image[6,4;1,1;gui_hb_bg.png]image[7,4;1,1;gui_hb_bg.png]","infotext":"\u001b(T@xdecor)Plain Shelf\u001bE"},"inventory":{"main":["","","","","","","","","","","","","","","","","","","","","","","",""]}},"(10,14,8)":{"fields":{"state":"3"},"inventory":null},"(10,15,10)":{"fields":{"formspec":" size[8,8]\n\t\tlist[context;main;0,0;8,3;]\n\t\tlist[current_player;main;0,4;8,4;]\n\t\tlistring[current_player;main]\n\t\tlistring[context;main]\" image[0,4;1,1;gui_hb_bg.png]image[1,4;1,1;gui_hb_bg.png]image[2,4;1,1;gui_hb_bg.png]image[3,4;1,1;gui_hb_bg.png]image[4,4;1,1;gui_hb_bg.png]image[5,4;1,1;gui_hb_bg.png]image[6,4;1,1;gui_hb_bg.png]image[7,4;1,1;gui_hb_bg.png]","infotext":"\u001b(T@xdecor)Plain Shelf\u001bE"},"inventory":{"main":["","","","","","","","","","","","","","","","","","","","","","","",""]}},"(10,15,11)":{"fields":{"formspec":" size[8,8]\n\t\tlist[context;main;0,0;8,3;]\n\t\tlist[current_player;main;0,4;8,4;]\n\t\tlistring[current_player;main]\n\t\tlistring[context;main]\" image[0,4;1,1;gui_hb_bg.png]image[1,4;1,1;gui_hb_bg.png]image[2,4;1,1;gui_hb_bg.png]image[3,4;1,1;gui_hb_bg.png]image[4,4;1,1;gui_hb_bg.png]image[5,4;1,1;gui_hb_bg.png]image[6,4;1,1;gui_hb_bg.png]image[7,4;1,1;gui_hb_bg.png]","infotext":"\u001b(T@xdecor)Plain Shelf\u001bE"},"inventory":{"main":["","","","","","","","","","","","","","","","","","","","","","","",""]}},"(10,15,12)":{"fields":{"formspec":" size[8,8]\n\t\tlist[context;main;0,0;8,3;]\n\t\tlist[current_player;main;0,4;8,4;]\n\t\tlistring[current_player;main]\n\t\tlistring[context;main]\" image[0,4;1,1;gui_hb_bg.png]image[1,4;1,1;gui_hb_bg.png]image[2,4;1,1;gui_hb_bg.png]image[3,4;1,1;gui_hb_bg.png]image[4,4;1,1;gui_hb_bg.png]image[5,4;1,1;gui_hb_bg.png]image[6,4;1,1;gui_hb_bg.png]image[7,4;1,1;gui_hb_bg.png]","infotext":"\u001b(T@xdecor)Plain Shelf\u001bE"},"inventory":{"main":["","","","","","","","","","","","","","","","","","","","","","","",""]}},"(2,14,11)":{"fields":{"formspec":" size[8,8]\n\t\tlist[context;main;0,0;8,3;]\n\t\tlist[current_player;main;0,4;8,4;]\n\t\tlistring[current_player;main]\n\t\tlistring[context;main]\" image[0,4;1,1;gui_hb_bg.png]image[1,4;1,1;gui_hb_bg.png]image[2,4;1,1;gui_hb_bg.png]image[3,4;1,1;gui_hb_bg.png]image[4,4;1,1;gui_hb_bg.png]image[5,4;1,1;gui_hb_bg.png]image[6,4;1,1;gui_hb_bg.png]image[7,4;1,1;gui_hb_bg.png]","infotext":"\u001b(T@xdecor)Plain Shelf\u001bE"},"inventory":{"main":["","","","","","","","","","","","","","","","","","","","","","","",""]}},"(2,14,12)":{"fields":{"formspec":" size[8,8]\n\t\tlist[context;main;0,0;8,3;]\n\t\tlist[current_player;main;0,4;8,4;]\n\t\tlistring[current_player;main]\n\t\tlistring[context;main]\" image[0,4;1,1;gui_hb_bg.png]image[1,4;1,1;gui_hb_bg.png]image[2,4;1,1;gui_hb_bg.png]image[3,4;1,1;gui_hb_bg.png]image[4,4;1,1;gui_hb_bg.png]image[5,4;1,1;gui_hb_bg.png]image[6,4;1,1;gui_hb_bg.png]image[7,4;1,1;gui_hb_bg.png]","infotext":"\u001b(T@xdecor)Plain Shelf\u001bE"},"inventory":{"main":["","","","","","","","","","","","","","","","","","","","","","","",""]}},"(2,14,14)":{"fields":{"formspec":" size[8,8]\n\t\tlist[context;main;0,0;8,3;]\n\t\tlist[current_player;main;0,4;8,4;]\n\t\tlistring[current_player;main]\n\t\tlistring[context;main]\" image[0,4;1,1;gui_hb_bg.png]image[1,4;1,1;gui_hb_bg.png]image[2,4;1,1;gui_hb_bg.png]image[3,4;1,1;gui_hb_bg.png]image[4,4;1,1;gui_hb_bg.png]image[5,4;1,1;gui_hb_bg.png]image[6,4;1,1;gui_hb_bg.png]image[7,4;1,1;gui_hb_bg.png]","infotext":"\u001b(T@xdecor)Plain Shelf\u001bE"},"inventory":{"main":["","","","","","","","","","","","","","","","","","","","","","","",""]}},"(2,14,9)":{"fields":{"formspec":" size[8,8]\n\t\tlist[context;main;0,0;8,3;]\n\t\tlist[current_player;main;0,4;8,4;]\n\t\tlistring[current_player;main]\n\t\tlistring[context;main]\" image[0,4;1,1;gui_hb_bg.png]image[1,4;1,1;gui_hb_bg.png]image[2,4;1,1;gui_hb_bg.png]image[3,4;1,1;gui_hb_bg.png]image[4,4;1,1;gui_hb_bg.png]image[5,4;1,1;gui_hb_bg.png]image[6,4;1,1;gui_hb_bg.png]image[7,4;1,1;gui_hb_bg.png]","infotext":"\u001b(T@xdecor)Plain Shelf\u001bE"},"inventory":{"main":["","","","","","","","","","","","","","","","","","","","","","","",""]}},"(2,15,11)":{"fields":{"formspec":" size[8,8]\n\t\tlist[context;main;0,0;8,3;]\n\t\tlist[current_player;main;0,4;8,4;]\n\t\tlistring[current_player;main]\n\t\tlistring[context;main]\" image[0,4;1,1;gui_hb_bg.png]image[1,4;1,1;gui_hb_bg.png]image[2,4;1,1;gui_hb_bg.png]image[3,4;1,1;gui_hb_bg.png]image[4,4;1,1;gui_hb_bg.png]image[5,4;1,1;gui_hb_bg.png]image[6,4;1,1;gui_hb_bg.png]image[7,4;1,1;gui_hb_bg.png]","infotext":"\u001b(T@xdecor)Plain Shelf\u001bE"},"inventory":{"main":["","","","","","","","","","","","","","","","","","","","","","","",""]}},"(2,15,12)":{"fields":{"formspec":" size[8,8]\n\t\tlist[context;main;0,0;8,3;]\n\t\tlist[current_player;main;0,4;8,4;]\n\t\tlistring[current_player;main]\n\t\tlistring[context;main]\" image[0,4;1,1;gui_hb_bg.png]image[1,4;1,1;gui_hb_bg.png]image[2,4;1,1;gui_hb_bg.png]image[3,4;1,1;gui_hb_bg.png]image[4,4;1,1;gui_hb_bg.png]image[5,4;1,1;gui_hb_bg.png]image[6,4;1,1;gui_hb_bg.png]image[7,4;1,1;gui_hb_bg.png]","infotext":"\u001b(T@xdecor)Plain Shelf\u001bE"},"inventory":{"main":["","","","","","","","","","","","","","","","","","","","","","","",""]}},"(2,15,14)":{"fields":{"formspec":" size[8,8]\n\t\tlist[context;main;0,0;8,3;]\n\t\tlist[current_player;main;0,4;8,4;]\n\t\tlistring[current_player;main]\n\t\tlistring[context;main]\" image[0,4;1,1;gui_hb_bg.png]image[1,4;1,1;gui_hb_bg.png]image[2,4;1,1;gui_hb_bg.png]image[3,4;1,1;gui_hb_bg.png]image[4,4;1,1;gui_hb_bg.png]image[5,4;1,1;gui_hb_bg.png]image[6,4;1,1;gui_hb_bg.png]image[7,4;1,1;gui_hb_bg.png]","infotext":"\u001b(T@xdecor)Plain Shelf\u001bE"},"inventory":{"main":["","","","","","","","","","","","","","","","","","","","","","","",""]}},"(2,15,9)":{"fields":{"formspec":" size[8,8]\n\t\tlist[context;main;0,0;8,3;]\n\t\tlist[current_player;main;0,4;8,4;]\n\t\tlistring[current_player;main]\n\t\tlistring[context;main]\" image[0,4;1,1;gui_hb_bg.png]image[1,4;1,1;gui_hb_bg.png]image[2,4;1,1;gui_hb_bg.png]image[3,4;1,1;gui_hb_bg.png]image[4,4;1,1;gui_hb_bg.png]image[5,4;1,1;gui_hb_bg.png]image[6,4;1,1;gui_hb_bg.png]image[7,4;1,1;gui_hb_bg.png]","infotext":"\u001b(T@xdecor)Plain Shelf\u001bE"},"inventory":{"main":["","","","","","","","","","","","","","","","","","","","","","","",""]}},"(3,14,14)":{"fields":{"formspec":" size[8,8]\n\t\tlist[context;main;0,0;8,3;]\n\t\tlist[current_player;main;0,4;8,4;]\n\t\tlistring[current_player;main]\n\t\tlistring[context;main]\" image[0,4;1,1;gui_hb_bg.png]image[1,4;1,1;gui_hb_bg.png]image[2,4;1,1;gui_hb_bg.png]image[3,4;1,1;gui_hb_bg.png]image[4,4;1,1;gui_hb_bg.png]image[5,4;1,1;gui_hb_bg.png]image[6,4;1,1;gui_hb_bg.png]image[7,4;1,1;gui_hb_bg.png]","infotext":"\u001b(T@xdecor)Plain Shelf\u001bE"},"inventory":{"main":["","","","","","","","","","","","","","","","","","","","","","","",""]}},"(3,14,9)":{"fields":{"formspec":" size[8,8]\n\t\tlist[context;main;0,0;8,3;]\n\t\tlist[current_player;main;0,4;8,4;]\n\t\tlistring[current_player;main]\n\t\tlistring[context;main]\" image[0,4;1,1;gui_hb_bg.png]image[1,4;1,1;gui_hb_bg.png]image[2,4;1,1;gui_hb_bg.png]image[3,4;1,1;gui_hb_bg.png]image[4,4;1,1;gui_hb_bg.png]image[5,4;1,1;gui_hb_bg.png]image[6,4;1,1;gui_hb_bg.png]image[7,4;1,1;gui_hb_bg.png]","infotext":"\u001b(T@xdecor)Plain Shelf\u001bE"},"inventory":{"main":["","","","","","","","","","","","","","","","","","","","","","","",""]}},"(3,15,14)":{"fields":{"formspec":" size[8,8]\n\t\tlist[context;main;0,0;8,3;]\n\t\tlist[current_player;main;0,4;8,4;]\n\t\tlistring[current_player;main]\n\t\tlistring[context;main]\" image[0,4;1,1;gui_hb_bg.png]image[1,4;1,1;gui_hb_bg.png]image[2,4;1,1;gui_hb_bg.png]image[3,4;1,1;gui_hb_bg.png]image[4,4;1,1;gui_hb_bg.png]image[5,4;1,1;gui_hb_bg.png]image[6,4;1,1;gui_hb_bg.png]image[7,4;1,1;gui_hb_bg.png]","infotext":"\u001b(T@xdecor)Plain Shelf\u001bE"},"inventory":{"main":["","","","","","","","","","","","","","","","","","","","","","","",""]}},"(3,15,9)":{"fields":{"formspec":" size[8,8]\n\t\tlist[context;main;0,0;8,3;]\n\t\tlist[current_player;main;0,4;8,4;]\n\t\tlistring[current_player;main]\n\t\tlistring[context;main]\" image[0,4;1,1;gui_hb_bg.png]image[1,4;1,1;gui_hb_bg.png]image[2,4;1,1;gui_hb_bg.png]image[3,4;1,1;gui_hb_bg.png]image[4,4;1,1;gui_hb_bg.png]image[5,4;1,1;gui_hb_bg.png]image[6,4;1,1;gui_hb_bg.png]image[7,4;1,1;gui_hb_bg.png]","infotext":"\u001b(T@xdecor)Plain Shelf\u001bE"},"inventory":{"main":["","","","","","","","","","","","","","","","","","","","","","","",""]}},"(4,14,9)":{"fields":{"formspec":" size[8,8]\n\t\tlist[context;main;0,0;8,3;]\n\t\tlist[current_player;main;0,4;8,4;]\n\t\tlistring[current_player;main]\n\t\tlistring[context;main]\" image[0,4;1,1;gui_hb_bg.png]image[1,4;1,1;gui_hb_bg.png]image[2,4;1,1;gui_hb_bg.png]image[3,4;1,1;gui_hb_bg.png]image[4,4;1,1;gui_hb_bg.png]image[5,4;1,1;gui_hb_bg.png]image[6,4;1,1;gui_hb_bg.png]image[7,4;1,1;gui_hb_bg.png]","infotext":"\u001b(T@xdecor)Plain Shelf\u001bE"},"inventory":{"main":["","","","","","","","","","","","","","","","","","","","","","","",""]}},"(4,15,9)":{"fields":{"formspec":" size[8,8]\n\t\tlist[context;main;0,0;8,3;]\n\t\tlist[current_player;main;0,4;8,4;]\n\t\tlistring[current_player;main]\n\t\tlistring[context;main]\" image[0,4;1,1;gui_hb_bg.png]image[1,4;1,1;gui_hb_bg.png]image[2,4;1,1;gui_hb_bg.png]image[3,4;1,1;gui_hb_bg.png]image[4,4;1,1;gui_hb_bg.png]image[5,4;1,1;gui_hb_bg.png]image[6,4;1,1;gui_hb_bg.png]image[7,4;1,1;gui_hb_bg.png]","infotext":"\u001b(T@xdecor)Plain Shelf\u001bE"},"inventory":{"main":["","","","","","","","","","","","","","","","","","","","","","","",""]}},"(5,14,11)":{"fields":{"formspec":" size[8,8]\n\t\tlist[context;main;0,0;8,3;]\n\t\tlist[current_player;main;0,4;8,4;]\n\t\tlistring[current_player;main]\n\t\tlistring[context;main]\" image[0,4;1,1;gui_hb_bg.png]image[1,4;1,1;gui_hb_bg.png]image[2,4;1,1;gui_hb_bg.png]image[3,4;1,1;gui_hb_bg.png]image[4,4;1,1;gui_hb_bg.png]image[5,4;1,1;gui_hb_bg.png]image[6,4;1,1;gui_hb_bg.png]image[7,4;1,1;gui_hb_bg.png]","infotext":"\u001b(T@xdecor)Plain Shelf\u001bE"},"inventory":{"main":["","","","","","","","","","","","","","","","","","","","","","","",""]}},"(5,14,12)":{"fields":{"formspec":" size[8,8]\n\t\tlist[context;main;0,0;8,3;]\n\t\tlist[current_player;main;0,4;8,4;]\n\t\tlistring[current_player;main]\n\t\tlistring[context;main]\" image[0,4;1,1;gui_hb_bg.png]image[1,4;1,1;gui_hb_bg.png]image[2,4;1,1;gui_hb_bg.png]image[3,4;1,1;gui_hb_bg.png]image[4,4;1,1;gui_hb_bg.png]image[5,4;1,1;gui_hb_bg.png]image[6,4;1,1;gui_hb_bg.png]image[7,4;1,1;gui_hb_bg.png]","infotext":"\u001b(T@xdecor)Plain Shelf\u001bE"},"inventory":{"main":["","","","","","","","","","","","","","","","","","","","","","","",""]}},"(5,14,14)":{"fields":{"formspec":" size[8,8]\n\t\tlist[context;main;0,0;8,3;]\n\t\tlist[current_player;main;0,4;8,4;]\n\t\tlistring[current_player;main]\n\t\tlistring[context;main]\" image[0,4;1,1;gui_hb_bg.png]image[1,4;1,1;gui_hb_bg.png]image[2,4;1,1;gui_hb_bg.png]image[3,4;1,1;gui_hb_bg.png]image[4,4;1,1;gui_hb_bg.png]image[5,4;1,1;gui_hb_bg.png]image[6,4;1,1;gui_hb_bg.png]image[7,4;1,1;gui_hb_bg.png]","infotext":"\u001b(T@xdecor)Plain Shelf\u001bE"},"inventory":{"main":["","","","","","","","","","","","","","","","","","","","","","","",""]}},"(5,14,9)":{"fields":{"formspec":" size[8,8]\n\t\tlist[context;main;0,0;8,3;]\n\t\tlist[current_player;main;0,4;8,4;]\n\t\tlistring[current_player;main]\n\t\tlistring[context;main]\" image[0,4;1,1;gui_hb_bg.png]image[1,4;1,1;gui_hb_bg.png]image[2,4;1,1;gui_hb_bg.png]image[3,4;1,1;gui_hb_bg.png]image[4,4;1,1;gui_hb_bg.png]image[5,4;1,1;gui_hb_bg.png]image[6,4;1,1;gui_hb_bg.png]image[7,4;1,1;gui_hb_bg.png]","infotext":"\u001b(T@xdecor)Plain Shelf\u001bE"},"inventory":{"main":["","","","","","","","","","","","","","","","","","","","","","","",""]}},"(5,15,11)":{"fields":{"formspec":" size[8,8]\n\t\tlist[context;main;0,0;8,3;]\n\t\tlist[current_player;main;0,4;8,4;]\n\t\tlistring[current_player;main]\n\t\tlistring[context;main]\" image[0,4;1,1;gui_hb_bg.png]image[1,4;1,1;gui_hb_bg.png]image[2,4;1,1;gui_hb_bg.png]image[3,4;1,1;gui_hb_bg.png]image[4,4;1,1;gui_hb_bg.png]image[5,4;1,1;gui_hb_bg.png]image[6,4;1,1;gui_hb_bg.png]image[7,4;1,1;gui_hb_bg.png]","infotext":"\u001b(T@xdecor)Plain Shelf\u001bE"},"inventory":{"main":["","","","","","","","","","","","","","","","","","","","","","","",""]}},"(5,15,12)":{"fields":{"formspec":" size[8,8]\n\t\tlist[context;main;0,0;8,3;]\n\t\tlist[current_player;main;0,4;8,4;]\n\t\tlistring[current_player;main]\n\t\tlistring[context;main]\" image[0,4;1,1;gui_hb_bg.png]image[1,4;1,1;gui_hb_bg.png]image[2,4;1,1;gui_hb_bg.png]image[3,4;1,1;gui_hb_bg.png]image[4,4;1,1;gui_hb_bg.png]image[5,4;1,1;gui_hb_bg.png]image[6,4;1,1;gui_hb_bg.png]image[7,4;1,1;gui_hb_bg.png]","infotext":"\u001b(T@xdecor)Plain Shelf\u001bE"},"inventory":{"main":["","","","","","","","","","","","","","","","","","","","","","","",""]}},"(5,15,14)":{"fields":{"formspec":" size[8,8]\n\t\tlist[context;main;0,0;8,3;]\n\t\tlist[current_player;main;0,4;8,4;]\n\t\tlistring[current_player;main]\n\t\tlistring[context;main]\" image[0,4;1,1;gui_hb_bg.png]image[1,4;1,1;gui_hb_bg.png]image[2,4;1,1;gui_hb_bg.png]image[3,4;1,1;gui_hb_bg.png]image[4,4;1,1;gui_hb_bg.png]image[5,4;1,1;gui_hb_bg.png]image[6,4;1,1;gui_hb_bg.png]image[7,4;1,1;gui_hb_bg.png]","infotext":"\u001b(T@xdecor)Plain Shelf\u001bE"},"inventory":{"main":["","","","","","","","","","","","","","","","","","","","","","","",""]}},"(5,15,9)":{"fields":{"formspec":" size[8,8]\n\t\tlist[context;main;0,0;8,3;]\n\t\tlist[current_player;main;0,4;8,4;]\n\t\tlistring[current_player;main]\n\t\tlistring[context;main]\" image[0,4;1,1;gui_hb_bg.png]image[1,4;1,1;gui_hb_bg.png]image[2,4;1,1;gui_hb_bg.png]image[3,4;1,1;gui_hb_bg.png]image[4,4;1,1;gui_hb_bg.png]image[5,4;1,1;gui_hb_bg.png]image[6,4;1,1;gui_hb_bg.png]image[7,4;1,1;gui_hb_bg.png]","infotext":"\u001b(T@xdecor)Plain Shelf\u001bE"},"inventory":{"main":["","","","","","","","","","","","","","","","","","","","","","","",""]}},"(6,14,14)":{"fields":{"formspec":" size[8,8]\n\t\tlist[context;main;0,0;8,3;]\n\t\tlist[current_player;main;0,4;8,4;]\n\t\tlistring[current_player;main]\n\t\tlistring[context;main]\" image[0,4;1,1;gui_hb_bg.png]image[1,4;1,1;gui_hb_bg.png]image[2,4;1,1;gui_hb_bg.png]image[3,4;1,1;gui_hb_bg.png]image[4,4;1,1;gui_hb_bg.png]image[5,4;1,1;gui_hb_bg.png]image[6,4;1,1;gui_hb_bg.png]image[7,4;1,1;gui_hb_bg.png]","infotext":"\u001b(T@xdecor)Plain Shelf\u001bE"},"inventory":{"main":["","","","","","","","","","","","","","","","","","","","","","","",""]}},"(6,14,9)":{"fields":{"formspec":" size[8,8]\n\t\tlist[context;main;0,0;8,3;]\n\t\tlist[current_player;main;0,4;8,4;]\n\t\tlistring[current_player;main]\n\t\tlistring[context;main]\" image[0,4;1,1;gui_hb_bg.png]image[1,4;1,1;gui_hb_bg.png]image[2,4;1,1;gui_hb_bg.png]image[3,4;1,1;gui_hb_bg.png]image[4,4;1,1;gui_hb_bg.png]image[5,4;1,1;gui_hb_bg.png]image[6,4;1,1;gui_hb_bg.png]image[7,4;1,1;gui_hb_bg.png]","infotext":"\u001b(T@xdecor)Plain Shelf\u001bE"},"inventory":{"main":["","","","","","","","","","","","","","","","","","","","","","","",""]}},"(6,15,14)":{"fields":{"formspec":" size[8,8]\n\t\tlist[context;main;0,0;8,3;]\n\t\tlist[current_player;main;0,4;8,4;]\n\t\tlistring[current_player;main]\n\t\tlistring[context;main]\" image[0,4;1,1;gui_hb_bg.png]image[1,4;1,1;gui_hb_bg.png]image[2,4;1,1;gui_hb_bg.png]image[3,4;1,1;gui_hb_bg.png]image[4,4;1,1;gui_hb_bg.png]image[5,4;1,1;gui_hb_bg.png]image[6,4;1,1;gui_hb_bg.png]image[7,4;1,1;gui_hb_bg.png]","infotext":"\u001b(T@xdecor)Plain Shelf\u001bE"},"inventory":{"main":["","","","","","","","","","","","","","","","","","","","","","","",""]}},"(6,15,9)":{"fields":{"formspec":" size[8,8]\n\t\tlist[context;main;0,0;8,3;]\n\t\tlist[current_player;main;0,4;8,4;]\n\t\tlistring[current_player;main]\n\t\tlistring[context;main]\" image[0,4;1,1;gui_hb_bg.png]image[1,4;1,1;gui_hb_bg.png]image[2,4;1,1;gui_hb_bg.png]image[3,4;1,1;gui_hb_bg.png]image[4,4;1,1;gui_hb_bg.png]image[5,4;1,1;gui_hb_bg.png]image[6,4;1,1;gui_hb_bg.png]image[7,4;1,1;gui_hb_bg.png]","infotext":"\u001b(T@xdecor)Plain Shelf\u001bE"},"inventory":{"main":["","","","","","","","","","","","","","","","","","","","","","","",""]}},"(7,14,14)":{"fields":{"formspec":" size[8,8]\n\t\tlist[context;main;0,0;8,3;]\n\t\tlist[current_player;main;0,4;8,4;]\n\t\tlistring[current_player;main]\n\t\tlistring[context;main]\" image[0,4;1,1;gui_hb_bg.png]image[1,4;1,1;gui_hb_bg.png]image[2,4;1,1;gui_hb_bg.png]image[3,4;1,1;gui_hb_bg.png]image[4,4;1,1;gui_hb_bg.png]image[5,4;1,1;gui_hb_bg.png]image[6,4;1,1;gui_hb_bg.png]image[7,4;1,1;gui_hb_bg.png]","infotext":"\u001b(T@xdecor)Plain Shelf\u001bE"},"inventory":{"main":["","","","","","","","","","","","","","","","","","","","","","","",""]}},"(7,14,9)":{"fields":{"formspec":" size[8,8]\n\t\tlist[context;main;0,0;8,3;]\n\t\tlist[current_player;main;0,4;8,4;]\n\t\tlistring[current_player;main]\n\t\tlistring[context;main]\" image[0,4;1,1;gui_hb_bg.png]image[1,4;1,1;gui_hb_bg.png]image[2,4;1,1;gui_hb_bg.png]image[3,4;1,1;gui_hb_bg.png]image[4,4;1,1;gui_hb_bg.png]image[5,4;1,1;gui_hb_bg.png]image[6,4;1,1;gui_hb_bg.png]image[7,4;1,1;gui_hb_bg.png]","infotext":"\u001b(T@xdecor)Plain Shelf\u001bE"},"inventory":{"main":["","","","","","","","","","","","","","","","","","","","","","","",""]}},"(7,15,14)":{"fields":{"formspec":" size[8,8]\n\t\tlist[context;main;0,0;8,3;]\n\t\tlist[current_player;main;0,4;8,4;]\n\t\tlistring[current_player;main]\n\t\tlistring[context;main]\" image[0,4;1,1;gui_hb_bg.png]image[1,4;1,1;gui_hb_bg.png]image[2,4;1,1;gui_hb_bg.png]image[3,4;1,1;gui_hb_bg.png]image[4,4;1,1;gui_hb_bg.png]image[5,4;1,1;gui_hb_bg.png]image[6,4;1,1;gui_hb_bg.png]image[7,4;1,1;gui_hb_bg.png]","infotext":"\u001b(T@xdecor)Plain Shelf\u001bE"},"inventory":{"main":["","","","","","","","","","","","","","","","","","","","","","","",""]}},"(7,15,9)":{"fields":{"formspec":" size[8,8]\n\t\tlist[context;main;0,0;8,3;]\n\t\tlist[current_player;main;0,4;8,4;]\n\t\tlistring[current_player;main]\n\t\tlistring[context;main]\" image[0,4;1,1;gui_hb_bg.png]image[1,4;1,1;gui_hb_bg.png]image[2,4;1,1;gui_hb_bg.png]image[3,4;1,1;gui_hb_bg.png]image[4,4;1,1;gui_hb_bg.png]image[5,4;1,1;gui_hb_bg.png]image[6,4;1,1;gui_hb_bg.png]image[7,4;1,1;gui_hb_bg.png]","infotext":"\u001b(T@xdecor)Plain Shelf\u001bE"},"inventory":{"main":["","","","","","","","","","","","","","","","","","","","","","","",""]}},"(8,14,11)":{"fields":{"formspec":" size[8,8]\n\t\tlist[context;main;0,0;8,3;]\n\t\tlist[current_player;main;0,4;8,4;]\n\t\tlistring[current_player;main]\n\t\tlistring[context;main]\" image[0,4;1,1;gui_hb_bg.png]image[1,4;1,1;gui_hb_bg.png]image[2,4;1,1;gui_hb_bg.png]image[3,4;1,1;gui_hb_bg.png]image[4,4;1,1;gui_hb_bg.png]image[5,4;1,1;gui_hb_bg.png]image[6,4;1,1;gui_hb_bg.png]image[7,4;1,1;gui_hb_bg.png]","infotext":"\u001b(T@xdecor)Plain Shelf\u001bE"},"inventory":{"main":["","","","","","","","","","","","","","","","","","","","","","","",""]}},"(8,14,12)":{"fields":{"formspec":" size[8,8]\n\t\tlist[context;main;0,0;8,3;]\n\t\tlist[current_player;main;0,4;8,4;]\n\t\tlistring[current_player;main]\n\t\tlistring[context;main]\" image[0,4;1,1;gui_hb_bg.png]image[1,4;1,1;gui_hb_bg.png]image[2,4;1,1;gui_hb_bg.png]image[3,4;1,1;gui_hb_bg.png]image[4,4;1,1;gui_hb_bg.png]image[5,4;1,1;gui_hb_bg.png]image[6,4;1,1;gui_hb_bg.png]image[7,4;1,1;gui_hb_bg.png]","infotext":"\u001b(T@xdecor)Plain Shelf\u001bE"},"inventory":{"main":["","","","","","","","","","","","","","","","","","","","","","","",""]}},"(8,14,14)":{"fields":{"formspec":" size[8,8]\n\t\tlist[context;main;0,0;8,3;]\n\t\tlist[current_player;main;0,4;8,4;]\n\t\tlistring[current_player;main]\n\t\tlistring[context;main]\" image[0,4;1,1;gui_hb_bg.png]image[1,4;1,1;gui_hb_bg.png]image[2,4;1,1;gui_hb_bg.png]image[3,4;1,1;gui_hb_bg.png]image[4,4;1,1;gui_hb_bg.png]image[5,4;1,1;gui_hb_bg.png]image[6,4;1,1;gui_hb_bg.png]image[7,4;1,1;gui_hb_bg.png]","infotext":"\u001b(T@xdecor)Plain Shelf\u001bE"},"inventory":{"main":["","","","","","","","","","","","","","","","","","","","","","","",""]}},"(8,15,11)":{"fields":{"formspec":" size[8,8]\n\t\tlist[context;main;0,0;8,3;]\n\t\tlist[current_player;main;0,4;8,4;]\n\t\tlistring[current_player;main]\n\t\tlistring[context;main]\" image[0,4;1,1;gui_hb_bg.png]image[1,4;1,1;gui_hb_bg.png]image[2,4;1,1;gui_hb_bg.png]image[3,4;1,1;gui_hb_bg.png]image[4,4;1,1;gui_hb_bg.png]image[5,4;1,1;gui_hb_bg.png]image[6,4;1,1;gui_hb_bg.png]image[7,4;1,1;gui_hb_bg.png]","infotext":"\u001b(T@xdecor)Plain Shelf\u001bE"},"inventory":{"main":["","","","","","","","","","","","","","","","","","","","","","","",""]}},"(8,15,12)":{"fields":{"formspec":" size[8,8]\n\t\tlist[context;main;0,0;8,3;]\n\t\tlist[current_player;main;0,4;8,4;]\n\t\tlistring[current_player;main]\n\t\tlistring[context;main]\" image[0,4;1,1;gui_hb_bg.png]image[1,4;1,1;gui_hb_bg.png]image[2,4;1,1;gui_hb_bg.png]image[3,4;1,1;gui_hb_bg.png]image[4,4;1,1;gui_hb_bg.png]image[5,4;1,1;gui_hb_bg.png]image[6,4;1,1;gui_hb_bg.png]image[7,4;1,1;gui_hb_bg.png]","infotext":"\u001b(T@xdecor)Plain Shelf\u001bE"},"inventory":{"main":["","","","","","","","","","","","","","","","","","","","","","","",""]}},"(8,15,14)":{"fields":{"formspec":" size[8,8]\n\t\tlist[context;main;0,0;8,3;]\n\t\tlist[current_player;main;0,4;8,4;]\n\t\tlistring[current_player;main]\n\t\tlistring[context;main]\" image[0,4;1,1;gui_hb_bg.png]image[1,4;1,1;gui_hb_bg.png]image[2,4;1,1;gui_hb_bg.png]image[3,4;1,1;gui_hb_bg.png]image[4,4;1,1;gui_hb_bg.png]image[5,4;1,1;gui_hb_bg.png]image[6,4;1,1;gui_hb_bg.png]image[7,4;1,1;gui_hb_bg.png]","infotext":"\u001b(T@xdecor)Plain Shelf\u001bE"},"inventory":{"main":["","","","","","","","","","","","","","","","","","","","","","","",""]}},"(9,14,14)":{"fields":{"formspec":" size[8,8]\n\t\tlist[context;main;0,0;8,3;]\n\t\tlist[current_player;main;0,4;8,4;]\n\t\tlistring[current_player;main]\n\t\tlistring[context;main]\" image[0,4;1,1;gui_hb_bg.png]image[1,4;1,1;gui_hb_bg.png]image[2,4;1,1;gui_hb_bg.png]image[3,4;1,1;gui_hb_bg.png]image[4,4;1,1;gui_hb_bg.png]image[5,4;1,1;gui_hb_bg.png]image[6,4;1,1;gui_hb_bg.png]image[7,4;1,1;gui_hb_bg.png]","infotext":"\u001b(T@xdecor)Plain Shelf\u001bE"},"inventory":{"main":["","","","","","","","","","","","","","","","","","","","","","","",""]}},"(9,14,8)":{"fields":{"state":"1"},"inventory":null},"(9,15,14)":{"fields":{"formspec":" size[8,8]\n\t\tlist[context;main;0,0;8,3;]\n\t\tlist[current_player;main;0,4;8,4;]\n\t\tlistring[current_player;main]\n\t\tlistring[context;main]\" image[0,4;1,1;gui_hb_bg.png]image[1,4;1,1;gui_hb_bg.png]image[2,4;1,1;gui_hb_bg.png]image[3,4;1,1;gui_hb_bg.png]image[4,4;1,1;gui_hb_bg.png]image[5,4;1,1;gui_hb_bg.png]image[6,4;1,1;gui_hb_bg.png]image[7,4;1,1;gui_hb_bg.png]","infotext":"\u001b(T@xdecor)Plain Shelf\u001bE"},"inventory":{"main":["","","","","","","","","","","","","","","","","","","","","","","",""]}}}},"node_mapping":{"air":126.0,"default:fence_rail_aspen_wood":144.0,"default:sand":34.0,"doors:door_obsidian_glass_c":358.0,"doors:door_obsidian_glass_d":359.0,"hightech:dark":394.0,"hightech:dark_stripe_top_autoconnect_0011":414.0,"hightech:dark_stripe_top_autoconnect_0110":420.0,"hightech:dark_stripe_top_autoconnect_1100":432.0,"hightech:glass":400.0,"stairs:stair_inner_glass":312.0,"stairs:stair_steelblock":282.0,"xdecor:empty_shelf":508.0}}