{"metadata":{"meta":{"(7,4,9)":{"fields":{"infotext":"\u001b(T@default)Chest\u001bE"},"inventory":{"main":["","","","","","","","","","","","","","","","","","","","","","","","","","","","","","","",""]}}}},"node_mapping":{"air":126.0,"default:chest":155.0,"hightech:dark":394.0,"hightech:dark_stripe_bottom_autoconnect_0000":409.0,"hightech:dark_stripe_top_autoconnect_0100":416.0,"hightech:dark_stripe_top_autoconnect_1000":424.0,"hightech:dark_stripe_top_autoconnect_1100":432.0,"hightech:dark_stripe_vertical":407.0,"hightech:glass":400.0,"stairs:slab_hightech_dark":398.0,"stairs:stair_hightech_dark":395.0,"stairs:stair_inner_glass":312.0,"xdecor:cobweb":512.0}}