{"node_mapping":{"air":126.0,"default:sand":34.0,"hightech:dark":394.0,"hightech:dark_stripe_top_autoconnect_0001":410.0,"hightech:dark_stripe_top_autoconnect_0010":412.0,"hightech:dark_stripe_top_autoconnect_0011":414.0,"hightech:dark_stripe_top_autoconnect_0101":418.0,"hightech:dark_stripe_top_autoconnect_0110":420.0,"hightech:dark_stripe_top_autoconnect_1100":432.0,"hightech:dark_stripe_top_autoconnect_1101":434.0,"hightech:dark_stripe_vertical":407.0,"stairs:stair_hightech_dark":395.0,"stairs:stair_inner_glass":312.0}}