{"metadata":{"meta":{"(10,14,12)":{"fields":{"infotext":"\u001b(T@default)Chest\u001bE"},"inventory":{"main":["","","","","","","","","","","","","","","","","","","","","","","","","","","","","","","",""]}},"(14,15,3)":{"fields":{"infotext":" Tims Tech Store ","text":"#b Tims Tech Store","widefont":"1"},"inventory":null},"(6,14,9)":{"fields":{"infotext":"\u001b(T@default)Chest\u001bE"},"inventory":{"main":["","","","","","","","","","","","","","","","","","","","","","","","","","","","","","","",""]}}}},"node_mapping":{"air":126.0,"default:chest":155.0,"default:sand":34.0,"hightech:dark":394.0,"hightech:dark_stripe_top_autoconnect_1100":432.0,"hightech:dark_stripe_vertical":407.0,"hightech:glass":400.0,"hightech:sign":448.0,"stairs:stair_inner_glass":312.0,"xdecor:trampoline":571.0}}