{"node_mapping":{"air":126.0,"default:ladder_steel":134.0,"default:sand":34.0,"hightech:dark":394.0,"hightech:dark_passable":450.0,"hightech:dark_stripe_top_autoconnect_0001":410.0,"hightech:dark_stripe_top_autoconnect_0011":414.0,"hightech:dark_stripe_top_autoconnect_0100":416.0,"hightech:dark_stripe_top_autoconnect_1001":426.0,"hightech:dark_stripe_top_autoconnect_1100":432.0,"hightech:glass_ore":405.0,"stairs:slab_hightech_dark":398.0,"stairs:stair_hightech_dark":395.0,"stairs:stair_inner_glass":312.0,"xdecor:trampoline":571.0}}