{"metadata":{"meta":{"(10,0,5)":{"fields":{"formspec":" size[8,8]\n\t\tlist[context;main;0,0;8,3;]\n\t\tlist[current_player;main;0,4;8,4;]\n\t\tlistring[current_player;main]\n\t\tlistring[context;main]\" image[0,4;1,1;gui_hb_bg.png]image[1,4;1,1;gui_hb_bg.png]image[2,4;1,1;gui_hb_bg.png]image[3,4;1,1;gui_hb_bg.png]image[4,4;1,1;gui_hb_bg.png]image[5,4;1,1;gui_hb_bg.png]image[6,4;1,1;gui_hb_bg.png]image[7,4;1,1;gui_hb_bg.png]","infotext":"\u001b(T@xdecor)Plain Shelf\u001bE"},"inventory":{"main":["","","","","","","","","","","","","","","","","","","","","","","",""]}},"(11,0,10)":{"fields":{"formspec":" size[8,8]\n\t\tlist[context;main;0,0;8,3;]\n\t\tlist[current_player;main;0,4;8,4;]\n\t\tlistring[current_player;main]\n\t\tlistring[context;main]\" image[0,4;1,1;gui_hb_bg.png]image[1,4;1,1;gui_hb_bg.png]image[2,4;1,1;gui_hb_bg.png]image[3,4;1,1;gui_hb_bg.png]image[4,4;1,1;gui_hb_bg.png]image[5,4;1,1;gui_hb_bg.png]image[6,4;1,1;gui_hb_bg.png]image[7,4;1,1;gui_hb_bg.png]","infotext":"\u001b(T@xdecor)Plain Shelf\u001bE"},"inventory":{"main":["","","","","","","","","","","","","","","","","","","","","","","",""]}},"(11,0,13)":{"fields":{"formspec":" size[8,8]\n\t\tlist[context;main;0,0;8,3;]\n\t\tlist[current_player;main;0,4;8,4;]\n\t\tlistring[current_player;main]\n\t\tlistring[context;main]\" image[0,4;1,1;gui_hb_bg.png]image[1,4;1,1;gui_hb_bg.png]image[2,4;1,1;gui_hb_bg.png]image[3,4;1,1;gui_hb_bg.png]image[4,4;1,1;gui_hb_bg.png]image[5,4;1,1;gui_hb_bg.png]image[6,4;1,1;gui_hb_bg.png]image[7,4;1,1;gui_hb_bg.png]","infotext":"\u001b(T@xdecor)Plain Shelf\u001bE"},"inventory":{"main":["","","","","","","","","","","","","","","","","","","","","","","",""]}},"(11,0,5)":{"fields":{"formspec":" size[8,8]\n\t\tlist[context;main;0,0;8,3;]\n\t\tlist[current_player;main;0,4;8,4;]\n\t\tlistring[current_player;main]\n\t\tlistring[context;main]\" image[0,4;1,1;gui_hb_bg.png]image[1,4;1,1;gui_hb_bg.png]image[2,4;1,1;gui_hb_bg.png]image[3,4;1,1;gui_hb_bg.png]image[4,4;1,1;gui_hb_bg.png]image[5,4;1,1;gui_hb_bg.png]image[6,4;1,1;gui_hb_bg.png]image[7,4;1,1;gui_hb_bg.png]","infotext":"\u001b(T@xdecor)Plain Shelf\u001bE"},"inventory":{"main":["","","","","","","","","","","","","","","","","","","","","","","",""]}},"(11,0,7)":{"fields":{"formspec":" size[8,8]\n\t\tlist[context;main;0,0;8,3;]\n\t\tlist[current_player;main;0,4;8,4;]\n\t\tlistring[current_player;main]\n\t\tlistring[context;main]\" image[0,4;1,1;gui_hb_bg.png]image[1,4;1,1;gui_hb_bg.png]image[2,4;1,1;gui_hb_bg.png]image[3,4;1,1;gui_hb_bg.png]image[4,4;1,1;gui_hb_bg.png]image[5,4;1,1;gui_hb_bg.png]image[6,4;1,1;gui_hb_bg.png]image[7,4;1,1;gui_hb_bg.png]","infotext":"\u001b(T@xdecor)Plain Shelf\u001bE"},"inventory":{"main":["","","","","","","","","","","","","","","","","","","","","","","",""]}},"(12,0,10)":{"fields":{"formspec":" size[8,8]\n\t\tlist[context;main;0,0;8,3;]\n\t\tlist[current_player;main;0,4;8,4;]\n\t\tlistring[current_player;main]\n\t\tlistring[context;main]\" image[0,4;1,1;gui_hb_bg.png]image[1,4;1,1;gui_hb_bg.png]image[2,4;1,1;gui_hb_bg.png]image[3,4;1,1;gui_hb_bg.png]image[4,4;1,1;gui_hb_bg.png]image[5,4;1,1;gui_hb_bg.png]image[6,4;1,1;gui_hb_bg.png]image[7,4;1,1;gui_hb_bg.png]","infotext":"\u001b(T@xdecor)Plain Shelf\u001bE"},"inventory":{"main":["","","","","","","","","","","","","","","","","","","","","","","",""]}},"(12,0,13)":{"fields":{"formspec":" size[8,8]\n\t\tlist[context;main;0,0;8,3;]\n\t\tlist[current_player;main;0,4;8,4;]\n\t\tlistring[current_player;main]\n\t\tlistring[context;main]\" image[0,4;1,1;gui_hb_bg.png]image[1,4;1,1;gui_hb_bg.png]image[2,4;1,1;gui_hb_bg.png]image[3,4;1,1;gui_hb_bg.png]image[4,4;1,1;gui_hb_bg.png]image[5,4;1,1;gui_hb_bg.png]image[6,4;1,1;gui_hb_bg.png]image[7,4;1,1;gui_hb_bg.png]","infotext":"\u001b(T@xdecor)Plain Shelf\u001bE"},"inventory":{"main":["","","","","","","","","","","","","","","","","","","","","","","",""]}},"(12,0,5)":{"fields":{"formspec":" size[8,8]\n\t\tlist[context;main;0,0;8,3;]\n\t\tlist[current_player;main;0,4;8,4;]\n\t\tlistring[current_player;main]\n\t\tlistring[context;main]\" image[0,4;1,1;gui_hb_bg.png]image[1,4;1,1;gui_hb_bg.png]image[2,4;1,1;gui_hb_bg.png]image[3,4;1,1;gui_hb_bg.png]image[4,4;1,1;gui_hb_bg.png]image[5,4;1,1;gui_hb_bg.png]image[6,4;1,1;gui_hb_bg.png]image[7,4;1,1;gui_hb_bg.png]","infotext":"\u001b(T@xdecor)Plain Shelf\u001bE"},"inventory":{"main":["","","","","","","","","","","","","","","","","","","","","","","",""]}},"(12,0,7)":{"fields":{"formspec":" size[8,8]\n\t\tlist[context;main;0,0;8,3;]\n\t\tlist[current_player;main;0,4;8,4;]\n\t\tlistring[current_player;main]\n\t\tlistring[context;main]\" image[0,4;1,1;gui_hb_bg.png]image[1,4;1,1;gui_hb_bg.png]image[2,4;1,1;gui_hb_bg.png]image[3,4;1,1;gui_hb_bg.png]image[4,4;1,1;gui_hb_bg.png]image[5,4;1,1;gui_hb_bg.png]image[6,4;1,1;gui_hb_bg.png]image[7,4;1,1;gui_hb_bg.png]","infotext":"\u001b(T@xdecor)Plain Shelf\u001bE"},"inventory":{"main":["","","","","","","","","","","","","","","","","","","","","","","",""]}},"(14,0,10)":{"fields":{"formspec":" size[8,8]\n\t\tlist[context;main;0,0;8,3;]\n\t\tlist[current_player;main;0,4;8,4;]\n\t\tlistring[current_player;main]\n\t\tlistring[context;main]\" image[0,4;1,1;gui_hb_bg.png]image[1,4;1,1;gui_hb_bg.png]image[2,4;1,1;gui_hb_bg.png]image[3,4;1,1;gui_hb_bg.png]image[4,4;1,1;gui_hb_bg.png]image[5,4;1,1;gui_hb_bg.png]image[6,4;1,1;gui_hb_bg.png]image[7,4;1,1;gui_hb_bg.png]","infotext":"\u001b(T@xdecor)Plain Shelf\u001bE"},"inventory":{"main":["","","","","","","","","","","","","","","","","","","","","","","",""]}},"(14,0,12)":{"fields":{"formspec":" size[8,8]\n\t\tlist[context;main;0,0;8,3;]\n\t\tlist[current_player;main;0,4;8,4;]\n\t\tlistring[current_player;main]\n\t\tlistring[context;main]\" image[0,4;1,1;gui_hb_bg.png]image[1,4;1,1;gui_hb_bg.png]image[2,4;1,1;gui_hb_bg.png]image[3,4;1,1;gui_hb_bg.png]image[4,4;1,1;gui_hb_bg.png]image[5,4;1,1;gui_hb_bg.png]image[6,4;1,1;gui_hb_bg.png]image[7,4;1,1;gui_hb_bg.png]","infotext":"\u001b(T@xdecor)Plain Shelf\u001bE"},"inventory":{"main":["","","","","","","","","","","","","","","","","","","","","","","",""]}},"(14,0,13)":{"fields":{"formspec":" size[8,8]\n\t\tlist[context;main;0,0;8,3;]\n\t\tlist[current_player;main;0,4;8,4;]\n\t\tlistring[current_player;main]\n\t\tlistring[context;main]\" image[0,4;1,1;gui_hb_bg.png]image[1,4;1,1;gui_hb_bg.png]image[2,4;1,1;gui_hb_bg.png]image[3,4;1,1;gui_hb_bg.png]image[4,4;1,1;gui_hb_bg.png]image[5,4;1,1;gui_hb_bg.png]image[6,4;1,1;gui_hb_bg.png]image[7,4;1,1;gui_hb_bg.png]","infotext":"\u001b(T@xdecor)Plain Shelf\u001bE"},"inventory":{"main":["","","","","","","","","","","","","","","","","","","","","","","",""]}},"(14,0,14)":{"fields":{"formspec":" size[8,8]\n\t\tlist[context;main;0,0;8,3;]\n\t\tlist[current_player;main;0,4;8,4;]\n\t\tlistring[current_player;main]\n\t\tlistring[context;main]\" image[0,4;1,1;gui_hb_bg.png]image[1,4;1,1;gui_hb_bg.png]image[2,4;1,1;gui_hb_bg.png]image[3,4;1,1;gui_hb_bg.png]image[4,4;1,1;gui_hb_bg.png]image[5,4;1,1;gui_hb_bg.png]image[6,4;1,1;gui_hb_bg.png]image[7,4;1,1;gui_hb_bg.png]","infotext":"\u001b(T@xdecor)Plain Shelf\u001bE"},"inventory":{"main":["","","","","","","","","","","","","","","","","","","","","","","",""]}},"(14,0,15)":{"fields":{"formspec":" size[8,8]\n\t\tlist[context;main;0,0;8,3;]\n\t\tlist[current_player;main;0,4;8,4;]\n\t\tlistring[current_player;main]\n\t\tlistring[context;main]\" image[0,4;1,1;gui_hb_bg.png]image[1,4;1,1;gui_hb_bg.png]image[2,4;1,1;gui_hb_bg.png]image[3,4;1,1;gui_hb_bg.png]image[4,4;1,1;gui_hb_bg.png]image[5,4;1,1;gui_hb_bg.png]image[6,4;1,1;gui_hb_bg.png]image[7,4;1,1;gui_hb_bg.png]","infotext":"\u001b(T@xdecor)Plain Shelf\u001bE"},"inventory":{"main":["","","","","","","","","","","","","","","","","","","","","","","",""]}},"(14,0,6)":{"fields":{"formspec":" size[8,8]\n\t\tlist[context;main;0,0;8,3;]\n\t\tlist[current_player;main;0,4;8,4;]\n\t\tlistring[current_player;main]\n\t\tlistring[context;main]\" image[0,4;1,1;gui_hb_bg.png]image[1,4;1,1;gui_hb_bg.png]image[2,4;1,1;gui_hb_bg.png]image[3,4;1,1;gui_hb_bg.png]image[4,4;1,1;gui_hb_bg.png]image[5,4;1,1;gui_hb_bg.png]image[6,4;1,1;gui_hb_bg.png]image[7,4;1,1;gui_hb_bg.png]","infotext":"\u001b(T@xdecor)Plain Shelf\u001bE"},"inventory":{"main":["","","","","","","","","","","","","","","","","","","","","","","",""]}},"(14,0,7)":{"fields":{"formspec":" size[8,8]\n\t\tlist[context;main;0,0;8,3;]\n\t\tlist[current_player;main;0,4;8,4;]\n\t\tlistring[current_player;main]\n\t\tlistring[context;main]\" image[0,4;1,1;gui_hb_bg.png]image[1,4;1,1;gui_hb_bg.png]image[2,4;1,1;gui_hb_bg.png]image[3,4;1,1;gui_hb_bg.png]image[4,4;1,1;gui_hb_bg.png]image[5,4;1,1;gui_hb_bg.png]image[6,4;1,1;gui_hb_bg.png]image[7,4;1,1;gui_hb_bg.png]","infotext":"\u001b(T@xdecor)Plain Shelf\u001bE"},"inventory":{"main":["","","","","","","","","","","","","","","","","","","","","","","",""]}},"(14,0,8)":{"fields":{"formspec":" size[8,8]\n\t\tlist[context;main;0,0;8,3;]\n\t\tlist[current_player;main;0,4;8,4;]\n\t\tlistring[current_player;main]\n\t\tlistring[context;main]\" image[0,4;1,1;gui_hb_bg.png]image[1,4;1,1;gui_hb_bg.png]image[2,4;1,1;gui_hb_bg.png]image[3,4;1,1;gui_hb_bg.png]image[4,4;1,1;gui_hb_bg.png]image[5,4;1,1;gui_hb_bg.png]image[6,4;1,1;gui_hb_bg.png]image[7,4;1,1;gui_hb_bg.png]","infotext":"\u001b(T@xdecor)Plain Shelf\u001bE"},"inventory":{"main":["","","","","","","","","","","","","","","","","","","","","","","",""]}},"(14,0,9)":{"fields":{"formspec":" size[8,8]\n\t\tlist[context;main;0,0;8,3;]\n\t\tlist[current_player;main;0,4;8,4;]\n\t\tlistring[current_player;main]\n\t\tlistring[context;main]\" image[0,4;1,1;gui_hb_bg.png]image[1,4;1,1;gui_hb_bg.png]image[2,4;1,1;gui_hb_bg.png]image[3,4;1,1;gui_hb_bg.png]image[4,4;1,1;gui_hb_bg.png]image[5,4;1,1;gui_hb_bg.png]image[6,4;1,1;gui_hb_bg.png]image[7,4;1,1;gui_hb_bg.png]","infotext":"\u001b(T@xdecor)Plain Shelf\u001bE"},"inventory":{"main":["","","","","","","","","","","","","","","","","","","","","","","",""]}},"(9,0,10)":{"fields":{"formspec":" size[8,8]\n\t\tlist[context;main;0,0;8,3;]\n\t\tlist[current_player;main;0,4;8,4;]\n\t\tlistring[current_player;main]\n\t\tlistring[context;main]\" image[0,4;1,1;gui_hb_bg.png]image[1,4;1,1;gui_hb_bg.png]image[2,4;1,1;gui_hb_bg.png]image[3,4;1,1;gui_hb_bg.png]image[4,4;1,1;gui_hb_bg.png]image[5,4;1,1;gui_hb_bg.png]image[6,4;1,1;gui_hb_bg.png]image[7,4;1,1;gui_hb_bg.png]","infotext":"\u001b(T@xdecor)Plain Shelf\u001bE"},"inventory":{"main":["","","","","","","","","","","","","","","","","","","","","","","",""]}},"(9,0,11)":{"fields":{"formspec":" size[8,8]\n\t\tlist[context;main;0,0;8,3;]\n\t\tlist[current_player;main;0,4;8,4;]\n\t\tlistring[current_player;main]\n\t\tlistring[context;main]\" image[0,4;1,1;gui_hb_bg.png]image[1,4;1,1;gui_hb_bg.png]image[2,4;1,1;gui_hb_bg.png]image[3,4;1,1;gui_hb_bg.png]image[4,4;1,1;gui_hb_bg.png]image[5,4;1,1;gui_hb_bg.png]image[6,4;1,1;gui_hb_bg.png]image[7,4;1,1;gui_hb_bg.png]","infotext":"\u001b(T@xdecor)Plain Shelf\u001bE"},"inventory":{"main":["","","","","","","","","","","","","","","","","","","","","","","",""]}},"(9,0,12)":{"fields":{"formspec":" size[8,8]\n\t\tlist[context;main;0,0;8,3;]\n\t\tlist[current_player;main;0,4;8,4;]\n\t\tlistring[current_player;main]\n\t\tlistring[context;main]\" image[0,4;1,1;gui_hb_bg.png]image[1,4;1,1;gui_hb_bg.png]image[2,4;1,1;gui_hb_bg.png]image[3,4;1,1;gui_hb_bg.png]image[4,4;1,1;gui_hb_bg.png]image[5,4;1,1;gui_hb_bg.png]image[6,4;1,1;gui_hb_bg.png]image[7,4;1,1;gui_hb_bg.png]","infotext":"\u001b(T@xdecor)Plain Shelf\u001bE"},"inventory":{"main":["","","","","","","","","","","","","","","","","","","","","","","",""]}},"(9,0,13)":{"fields":{"formspec":" size[8,8]\n\t\tlist[context;main;0,0;8,3;]\n\t\tlist[current_player;main;0,4;8,4;]\n\t\tlistring[current_player;main]\n\t\tlistring[context;main]\" image[0,4;1,1;gui_hb_bg.png]image[1,4;1,1;gui_hb_bg.png]image[2,4;1,1;gui_hb_bg.png]image[3,4;1,1;gui_hb_bg.png]image[4,4;1,1;gui_hb_bg.png]image[5,4;1,1;gui_hb_bg.png]image[6,4;1,1;gui_hb_bg.png]image[7,4;1,1;gui_hb_bg.png]","infotext":"\u001b(T@xdecor)Plain Shelf\u001bE"},"inventory":{"main":["","","","","","","","","","","","","","","","","","","","","","","",""]}},"(9,0,14)":{"fields":{"formspec":" size[8,8]\n\t\tlist[context;main;0,0;8,3;]\n\t\tlist[current_player;main;0,4;8,4;]\n\t\tlistring[current_player;main]\n\t\tlistring[context;main]\" image[0,4;1,1;gui_hb_bg.png]image[1,4;1,1;gui_hb_bg.png]image[2,4;1,1;gui_hb_bg.png]image[3,4;1,1;gui_hb_bg.png]image[4,4;1,1;gui_hb_bg.png]image[5,4;1,1;gui_hb_bg.png]image[6,4;1,1;gui_hb_bg.png]image[7,4;1,1;gui_hb_bg.png]","infotext":"\u001b(T@xdecor)Plain Shelf\u001bE"},"inventory":{"main":["","","","","","","","","","","","","","","","","","","","","","","",""]}},"(9,0,15)":{"fields":{"formspec":" size[8,8]\n\t\tlist[context;main;0,0;8,3;]\n\t\tlist[current_player;main;0,4;8,4;]\n\t\tlistring[current_player;main]\n\t\tlistring[context;main]\" image[0,4;1,1;gui_hb_bg.png]image[1,4;1,1;gui_hb_bg.png]image[2,4;1,1;gui_hb_bg.png]image[3,4;1,1;gui_hb_bg.png]image[4,4;1,1;gui_hb_bg.png]image[5,4;1,1;gui_hb_bg.png]image[6,4;1,1;gui_hb_bg.png]image[7,4;1,1;gui_hb_bg.png]","infotext":"\u001b(T@xdecor)Plain Shelf\u001bE"},"inventory":{"main":["","","","","","","","","","","","","","","","","","","","","","","",""]}},"(9,0,8)":{"fields":{"formspec":" size[8,8]\n\t\tlist[context;main;0,0;8,3;]\n\t\tlist[current_player;main;0,4;8,4;]\n\t\tlistring[current_player;main]\n\t\tlistring[context;main]\" image[0,4;1,1;gui_hb_bg.png]image[1,4;1,1;gui_hb_bg.png]image[2,4;1,1;gui_hb_bg.png]image[3,4;1,1;gui_hb_bg.png]image[4,4;1,1;gui_hb_bg.png]image[5,4;1,1;gui_hb_bg.png]image[6,4;1,1;gui_hb_bg.png]image[7,4;1,1;gui_hb_bg.png]","infotext":"\u001b(T@xdecor)Plain Shelf\u001bE"},"inventory":{"main":["","","","","","","","","","","","","","","","","","","","","","","",""]}},"(9,0,9)":{"fields":{"formspec":" size[8,8]\n\t\tlist[context;main;0,0;8,3;]\n\t\tlist[current_player;main;0,4;8,4;]\n\t\tlistring[current_player;main]\n\t\tlistring[context;main]\" image[0,4;1,1;gui_hb_bg.png]image[1,4;1,1;gui_hb_bg.png]image[2,4;1,1;gui_hb_bg.png]image[3,4;1,1;gui_hb_bg.png]image[4,4;1,1;gui_hb_bg.png]image[5,4;1,1;gui_hb_bg.png]image[6,4;1,1;gui_hb_bg.png]image[7,4;1,1;gui_hb_bg.png]","infotext":"\u001b(T@xdecor)Plain Shelf\u001bE"},"inventory":{"main":["","","","","","","","","","","","","","","","","","","","","","","",""]}}}},"node_mapping":{"air":126.0,"hightech:dark":397.0,"hightech:glass":403.0,"stairs:slab_hightech_dark":401.0,"stairs:stair_hightech_dark":398.0,"stairs:stair_inner_glass":315.0,"xdecor:empty_shelf":511.0}}