{"node_mapping":{"air":126.0,"default:ladder_steel":137.0,"default:sand":37.0,"hightech:dark":397.0,"hightech:dark_passable":453.0,"hightech:dark_stripe_top_autoconnect_0001":413.0,"hightech:dark_stripe_top_autoconnect_0011":417.0,"hightech:dark_stripe_top_autoconnect_0100":419.0,"hightech:dark_stripe_top_autoconnect_1001":429.0,"hightech:dark_stripe_top_autoconnect_1100":435.0,"hightech:glass_ore":408.0,"stairs:slab_hightech_dark":401.0,"stairs:stair_hightech_dark":398.0,"stairs:stair_inner_glass":315.0,"xdecor:trampoline":574.0}}