{"node_mapping":{"air":126.0,"default:sand":37.0,"hightech:dark":397.0,"hightech:dark_stripe_top_autoconnect_0001":413.0,"hightech:dark_stripe_top_autoconnect_0010":415.0,"hightech:dark_stripe_top_autoconnect_0011":417.0,"hightech:dark_stripe_top_autoconnect_0110":423.0,"hightech:dark_stripe_top_autoconnect_0111":425.0,"hightech:dark_stripe_top_autoconnect_1010":431.0,"hightech:dark_stripe_top_autoconnect_1011":433.0,"hightech:dark_stripe_top_autoconnect_1100":435.0,"hightech:glass":403.0,"stairs:stair_hightech_dark":398.0,"stairs:stair_inner_glass":315.0}}