{"metadata":{"meta":{"(7,14,8)":{"fields":{"infotext":"\u001b(T@default)Chest\u001bE"},"inventory":{"main":["","","","","","","","","","","","","","","","","","","","","","","","","","","","","","","",""]}}}},"node_mapping":{"air":126.0,"default:chest":155.0,"default:ladder_steel":134.0,"default:sand":34.0,"hightech:dark":394.0,"hightech:dark_stripe_top_autoconnect_0011":414.0,"hightech:dark_stripe_top_autoconnect_0101":418.0,"hightech:dark_stripe_top_autoconnect_1000":424.0,"hightech:dark_stripe_top_autoconnect_1100":432.0,"hightech:dark_stripe_vertical":407.0,"stairs:slab_hightech_dark":398.0,"stairs:stair_hightech_dark":395.0,"stairs:stair_inner_glass":312.0,"xdecor:cobweb":512.0}}