{"metadata":{"meta":{"(0,0,12)":{"fields":{"worldedit_placeholder":"air"},"inventory":null},"(0,0,8)":{"fields":{"worldedit_placeholder":"air"},"inventory":null},"(0,1,12)":{"fields":{"worldedit_placeholder":"air"},"inventory":null},"(0,1,8)":{"fields":{"worldedit_placeholder":"air"},"inventory":null},"(0,2,12)":{"fields":{"worldedit_placeholder":"air"},"inventory":null},"(0,2,8)":{"fields":{"worldedit_placeholder":"air"},"inventory":null},"(1,0,12)":{"fields":{"worldedit_placeholder":"air"},"inventory":null},"(1,0,8)":{"fields":{"worldedit_placeholder":"air"},"inventory":null},"(1,1,12)":{"fields":{"worldedit_placeholder":"air"},"inventory":null},"(1,1,8)":{"fields":{"worldedit_placeholder":"air"},"inventory":null},"(1,2,12)":{"fields":{"worldedit_placeholder":"air"},"inventory":null},"(1,2,8)":{"fields":{"worldedit_placeholder":"air"},"inventory":null},"(10,0,8)":{"fields":{"worldedit_placeholder":"air"},"inventory":null},"(10,1,8)":{"fields":{"worldedit_placeholder":"air"},"inventory":null},"(10,2,8)":{"fields":{"worldedit_placeholder":"air"},"inventory":null},"(2,0,12)":{"fields":{"worldedit_placeholder":"air"},"inventory":null},"(2,0,8)":{"fields":{"worldedit_placeholder":"air"},"inventory":null},"(2,1,12)":{"fields":{"worldedit_placeholder":"air"},"inventory":null},"(2,1,8)":{"fields":{"worldedit_placeholder":"air"},"inventory":null},"(2,2,12)":{"fields":{"worldedit_placeholder":"air"},"inventory":null},"(2,2,8)":{"fields":{"worldedit_placeholder":"air"},"inventory":null},"(3,0,12)":{"fields":{"worldedit_placeholder":"air"},"inventory":null},"(3,0,8)":{"fields":{"worldedit_placeholder":"air"},"inventory":null},"(3,1,12)":{"fields":{"worldedit_placeholder":"air"},"inventory":null},"(3,1,8)":{"fields":{"worldedit_placeholder":"air"},"inventory":null},"(3,2,12)":{"fields":{"worldedit_placeholder":"air"},"inventory":null},"(3,2,8)":{"fields":{"worldedit_placeholder":"air"},"inventory":null},"(4,0,12)":{"fields":{"worldedit_placeholder":"air"},"inventory":null},"(4,0,8)":{"fields":{"worldedit_placeholder":"air"},"inventory":null},"(4,1,12)":{"fields":{"worldedit_placeholder":"air"},"inventory":null},"(4,1,8)":{"fields":{"worldedit_placeholder":"air"},"inventory":null},"(4,2,12)":{"fields":{"worldedit_placeholder":"air"},"inventory":null},"(4,2,8)":{"fields":{"worldedit_placeholder":"air"},"inventory":null},"(5,0,12)":{"fields":{"worldedit_placeholder":"air"},"inventory":null},"(5,0,8)":{"fields":{"worldedit_placeholder":"air"},"inventory":null},"(5,1,12)":{"fields":{"worldedit_placeholder":"air"},"inventory":null},"(5,1,8)":{"fields":{"worldedit_placeholder":"air"},"inventory":null},"(5,2,12)":{"fields":{"worldedit_placeholder":"air"},"inventory":null},"(5,2,8)":{"fields":{"worldedit_placeholder":"air"},"inventory":null},"(6,0,12)":{"fields":{"worldedit_placeholder":"air"},"inventory":null},"(6,0,8)":{"fields":{"worldedit_placeholder":"air"},"inventory":null},"(6,1,12)":{"fields":{"worldedit_placeholder":"air"},"inventory":null},"(6,1,8)":{"fields":{"worldedit_placeholder":"air"},"inventory":null},"(6,2,12)":{"fields":{"worldedit_placeholder":"air"},"inventory":null},"(6,2,8)":{"fields":{"worldedit_placeholder":"air"},"inventory":null},"(7,0,12)":{"fields":{"worldedit_placeholder":"air"},"inventory":null},"(7,0,13)":{"fields":{"worldedit_placeholder":"air"},"inventory":null},"(7,0,14)":{"fields":{"worldedit_placeholder":"air"},"inventory":null},"(7,0,15)":{"fields":{"worldedit_placeholder":"air"},"inventory":null},"(7,0,8)":{"fields":{"worldedit_placeholder":"air"},"inventory":null},"(7,1,12)":{"fields":{"worldedit_placeholder":"air"},"inventory":null},"(7,1,13)":{"fields":{"worldedit_placeholder":"air"},"inventory":null},"(7,1,14)":{"fields":{"worldedit_placeholder":"air"},"inventory":null},"(7,1,15)":{"fields":{"worldedit_placeholder":"air"},"inventory":null},"(7,1,8)":{"fields":{"worldedit_placeholder":"air"},"inventory":null},"(7,2,12)":{"fields":{"worldedit_placeholder":"air"},"inventory":null},"(7,2,13)":{"fields":{"worldedit_placeholder":"air"},"inventory":null},"(7,2,14)":{"fields":{"worldedit_placeholder":"air"},"inventory":null},"(7,2,15)":{"fields":{"worldedit_placeholder":"air"},"inventory":null},"(7,2,8)":{"fields":{"worldedit_placeholder":"air"},"inventory":null},"(8,0,8)":{"fields":{"worldedit_placeholder":"air"},"inventory":null},"(8,1,8)":{"fields":{"worldedit_placeholder":"air"},"inventory":null},"(8,2,8)":{"fields":{"worldedit_placeholder":"air"},"inventory":null},"(9,0,8)":{"fields":{"worldedit_placeholder":"air"},"inventory":null},"(9,1,8)":{"fields":{"worldedit_placeholder":"air"},"inventory":null},"(9,2,8)":{"fields":{"worldedit_placeholder":"air"},"inventory":null}}},"node_mapping":{"air":126.0,"hightech:dark":394.0,"hightech:dark_stripe_bottom_autoconnect_0000":409.0,"stairs:stair_inner_glass":312.0}}