{"metadata":{"meta":{"(7,0,0)":{"fields":{"worldedit_placeholder":"air"},"inventory":null},"(7,0,1)":{"fields":{"worldedit_placeholder":"air"},"inventory":null},"(7,0,10)":{"fields":{"worldedit_placeholder":"air"},"inventory":null},"(7,0,11)":{"fields":{"worldedit_placeholder":"air"},"inventory":null},"(7,0,12)":{"fields":{"worldedit_placeholder":"air"},"inventory":null},"(7,0,13)":{"fields":{"worldedit_placeholder":"air"},"inventory":null},"(7,0,14)":{"fields":{"worldedit_placeholder":"air"},"inventory":null},"(7,0,15)":{"fields":{"worldedit_placeholder":"air"},"inventory":null},"(7,0,2)":{"fields":{"worldedit_placeholder":"air"},"inventory":null},"(7,0,3)":{"fields":{"worldedit_placeholder":"air"},"inventory":null},"(7,0,4)":{"fields":{"worldedit_placeholder":"air"},"inventory":null},"(7,0,5)":{"fields":{"worldedit_placeholder":"air"},"inventory":null},"(7,0,6)":{"fields":{"worldedit_placeholder":"air"},"inventory":null},"(7,0,7)":{"fields":{"worldedit_placeholder":"air"},"inventory":null},"(7,0,8)":{"fields":{"worldedit_placeholder":"air"},"inventory":null},"(7,0,9)":{"fields":{"worldedit_placeholder":"air"},"inventory":null},"(7,1,0)":{"fields":{"worldedit_placeholder":"air"},"inventory":null},"(7,1,1)":{"fields":{"worldedit_placeholder":"air"},"inventory":null},"(7,1,10)":{"fields":{"worldedit_placeholder":"air"},"inventory":null},"(7,1,11)":{"fields":{"worldedit_placeholder":"air"},"inventory":null},"(7,1,12)":{"fields":{"worldedit_placeholder":"air"},"inventory":null},"(7,1,13)":{"fields":{"worldedit_placeholder":"air"},"inventory":null},"(7,1,14)":{"fields":{"worldedit_placeholder":"air"},"inventory":null},"(7,1,15)":{"fields":{"worldedit_placeholder":"air"},"inventory":null},"(7,1,2)":{"fields":{"worldedit_placeholder":"air"},"inventory":null},"(7,1,3)":{"fields":{"worldedit_placeholder":"air"},"inventory":null},"(7,1,4)":{"fields":{"worldedit_placeholder":"air"},"inventory":null},"(7,1,5)":{"fields":{"worldedit_placeholder":"air"},"inventory":null},"(7,1,6)":{"fields":{"worldedit_placeholder":"air"},"inventory":null},"(7,1,7)":{"fields":{"worldedit_placeholder":"air"},"inventory":null},"(7,1,8)":{"fields":{"worldedit_placeholder":"air"},"inventory":null},"(7,1,9)":{"fields":{"worldedit_placeholder":"air"},"inventory":null},"(7,2,0)":{"fields":{"worldedit_placeholder":"air"},"inventory":null},"(7,2,1)":{"fields":{"worldedit_placeholder":"air"},"inventory":null},"(7,2,10)":{"fields":{"worldedit_placeholder":"air"},"inventory":null},"(7,2,11)":{"fields":{"worldedit_placeholder":"air"},"inventory":null},"(7,2,12)":{"fields":{"worldedit_placeholder":"air"},"inventory":null},"(7,2,13)":{"fields":{"worldedit_placeholder":"air"},"inventory":null},"(7,2,14)":{"fields":{"worldedit_placeholder":"air"},"inventory":null},"(7,2,15)":{"fields":{"worldedit_placeholder":"air"},"inventory":null},"(7,2,2)":{"fields":{"worldedit_placeholder":"air"},"inventory":null},"(7,2,3)":{"fields":{"worldedit_placeholder":"air"},"inventory":null},"(7,2,4)":{"fields":{"worldedit_placeholder":"air"},"inventory":null},"(7,2,5)":{"fields":{"worldedit_placeholder":"air"},"inventory":null},"(7,2,6)":{"fields":{"worldedit_placeholder":"air"},"inventory":null},"(7,2,7)":{"fields":{"worldedit_placeholder":"air"},"inventory":null},"(7,2,8)":{"fields":{"worldedit_placeholder":"air"},"inventory":null},"(7,2,9)":{"fields":{"worldedit_placeholder":"air"},"inventory":null}}},"node_mapping":{"air":126.0,"hightech:dark":394.0,"hightech:dark_stripe_bottom_autoconnect_0000":409.0}}