{"metadata":{"meta":{"(11,15,5)":{"fields":{"state":"0"},"inventory":null},"(7,15,10)":{"fields":{"worldedit_placeholder":"air"},"inventory":null},"(7,15,11)":{"fields":{"worldedit_placeholder":"air"},"inventory":null},"(7,15,12)":{"fields":{"worldedit_placeholder":"air"},"inventory":null},"(7,15,13)":{"fields":{"worldedit_placeholder":"air"},"inventory":null},"(7,15,14)":{"fields":{"worldedit_placeholder":"air"},"inventory":null},"(7,15,15)":{"fields":{"worldedit_placeholder":"air"},"inventory":null},"(7,15,3)":{"fields":{"worldedit_placeholder":"air"},"inventory":null},"(7,15,4)":{"fields":{"worldedit_placeholder":"air"},"inventory":null},"(7,15,5)":{"fields":{"worldedit_placeholder":"air"},"inventory":null},"(7,15,6)":{"fields":{"worldedit_placeholder":"air"},"inventory":null},"(7,15,7)":{"fields":{"worldedit_placeholder":"air"},"inventory":null},"(7,15,8)":{"fields":{"worldedit_placeholder":"air"},"inventory":null},"(7,15,9)":{"fields":{"worldedit_placeholder":"air"},"inventory":null},"(8,15,3)":{"fields":{"worldedit_placeholder":"air"},"inventory":null},"(9,15,3)":{"fields":{"worldedit_placeholder":"air"},"inventory":null}}},"node_mapping":{"air":126.0,"default:sand":34.0,"hightech:dark":394.0,"hightech:dark_stripe_horizontal":406.0,"hightech:dark_stripe_top_autoconnect_0011":414.0,"hightech:dark_stripe_vertical":407.0,"hightech:door_a":440.0,"stairs:stair_inner_glass":312.0}}