{"metadata":{"meta":{"(0,0,0)":{"fields":{"worldedit_placeholder":"air"},"inventory":null},"(0,0,4)":{"fields":{"worldedit_placeholder":"air"},"inventory":null},"(0,0,8)":{"fields":{"worldedit_placeholder":"air"},"inventory":null},"(0,1,0)":{"fields":{"worldedit_placeholder":"air"},"inventory":null},"(0,1,4)":{"fields":{"worldedit_placeholder":"air"},"inventory":null},"(0,1,8)":{"fields":{"worldedit_placeholder":"air"},"inventory":null},"(0,2,0)":{"fields":{"worldedit_placeholder":"air"},"inventory":null},"(0,2,4)":{"fields":{"worldedit_placeholder":"air"},"inventory":null},"(0,2,8)":{"fields":{"worldedit_placeholder":"air"},"inventory":null},"(1,0,0)":{"fields":{"worldedit_placeholder":"air"},"inventory":null},"(1,0,4)":{"fields":{"worldedit_placeholder":"air"},"inventory":null},"(1,0,8)":{"fields":{"worldedit_placeholder":"air"},"inventory":null},"(1,1,0)":{"fields":{"worldedit_placeholder":"air"},"inventory":null},"(1,1,4)":{"fields":{"worldedit_placeholder":"air"},"inventory":null},"(1,1,8)":{"fields":{"worldedit_placeholder":"air"},"inventory":null},"(1,2,0)":{"fields":{"worldedit_placeholder":"air"},"inventory":null},"(1,2,4)":{"fields":{"worldedit_placeholder":"air"},"inventory":null},"(10,0,0)":{"fields":{"worldedit_placeholder":"air"},"inventory":null},"(10,1,0)":{"fields":{"worldedit_placeholder":"air"},"inventory":null},"(10,2,0)":{"fields":{"worldedit_placeholder":"air"},"inventory":null},"(11,0,0)":{"fields":{"worldedit_placeholder":"air"},"inventory":null},"(11,1,0)":{"fields":{"worldedit_placeholder":"air"},"inventory":null},"(11,2,0)":{"fields":{"worldedit_placeholder":"air"},"inventory":null},"(12,0,0)":{"fields":{"worldedit_placeholder":"air"},"inventory":null},"(12,0,4)":{"fields":{"worldedit_placeholder":"air"},"inventory":null},"(12,1,0)":{"fields":{"worldedit_placeholder":"air"},"inventory":null},"(12,1,4)":{"fields":{"worldedit_placeholder":"air"},"inventory":null},"(12,2,0)":{"fields":{"worldedit_placeholder":"air"},"inventory":null},"(12,2,4)":{"fields":{"worldedit_placeholder":"air"},"inventory":null},"(13,0,0)":{"fields":{"worldedit_placeholder":"air"},"inventory":null},"(13,0,4)":{"fields":{"worldedit_placeholder":"air"},"inventory":null},"(13,1,0)":{"fields":{"worldedit_placeholder":"air"},"inventory":null},"(13,1,4)":{"fields":{"worldedit_placeholder":"air"},"inventory":null},"(13,2,0)":{"fields":{"worldedit_placeholder":"air"},"inventory":null},"(13,2,4)":{"fields":{"worldedit_placeholder":"air"},"inventory":null},"(14,0,0)":{"fields":{"worldedit_placeholder":"air"},"inventory":null},"(14,0,4)":{"fields":{"worldedit_placeholder":"air"},"inventory":null},"(14,1,0)":{"fields":{"worldedit_placeholder":"air"},"inventory":null},"(14,1,4)":{"fields":{"worldedit_placeholder":"air"},"inventory":null},"(14,2,0)":{"fields":{"worldedit_placeholder":"air"},"inventory":null},"(14,2,4)":{"fields":{"worldedit_placeholder":"air"},"inventory":null},"(15,0,0)":{"fields":{"worldedit_placeholder":"air"},"inventory":null},"(15,0,10)":{"fields":{"worldedit_placeholder":"air"},"inventory":null},"(15,0,4)":{"fields":{"worldedit_placeholder":"air"},"inventory":null},"(15,0,5)":{"fields":{"worldedit_placeholder":"air"},"inventory":null},"(15,0,6)":{"fields":{"worldedit_placeholder":"air"},"inventory":null},"(15,0,7)":{"fields":{"worldedit_placeholder":"air"},"inventory":null},"(15,0,8)":{"fields":{"worldedit_placeholder":"air"},"inventory":null},"(15,0,9)":{"fields":{"worldedit_placeholder":"air"},"inventory":null},"(15,1,0)":{"fields":{"worldedit_placeholder":"air"},"inventory":null},"(15,1,10)":{"fields":{"worldedit_placeholder":"air"},"inventory":null},"(15,1,4)":{"fields":{"worldedit_placeholder":"air"},"inventory":null},"(15,1,5)":{"fields":{"worldedit_placeholder":"air"},"inventory":null},"(15,1,6)":{"fields":{"worldedit_placeholder":"air"},"inventory":null},"(15,1,7)":{"fields":{"worldedit_placeholder":"air"},"inventory":null},"(15,1,8)":{"fields":{"worldedit_placeholder":"air"},"inventory":null},"(15,1,9)":{"fields":{"worldedit_placeholder":"air"},"inventory":null},"(15,2,0)":{"fields":{"worldedit_placeholder":"air"},"inventory":null},"(15,2,10)":{"fields":{"worldedit_placeholder":"air"},"inventory":null},"(15,2,4)":{"fields":{"worldedit_placeholder":"air"},"inventory":null},"(15,2,5)":{"fields":{"worldedit_placeholder":"air"},"inventory":null},"(15,2,6)":{"fields":{"worldedit_placeholder":"air"},"inventory":null},"(15,2,7)":{"fields":{"worldedit_placeholder":"air"},"inventory":null},"(15,2,8)":{"fields":{"worldedit_placeholder":"air"},"inventory":null},"(15,2,9)":{"fields":{"worldedit_placeholder":"air"},"inventory":null},"(2,0,0)":{"fields":{"worldedit_placeholder":"air"},"inventory":null},"(2,0,4)":{"fields":{"worldedit_placeholder":"air"},"inventory":null},"(2,1,0)":{"fields":{"worldedit_placeholder":"air"},"inventory":null},"(2,1,4)":{"fields":{"worldedit_placeholder":"air"},"inventory":null},"(2,2,0)":{"fields":{"worldedit_placeholder":"air"},"inventory":null},"(3,0,0)":{"fields":{"worldedit_placeholder":"air"},"inventory":null},"(3,1,0)":{"fields":{"worldedit_placeholder":"air"},"inventory":null},"(3,1,4)":{"fields":{"worldedit_placeholder":"air"},"inventory":null},"(3,2,0)":{"fields":{"worldedit_placeholder":"air"},"inventory":null},"(4,0,0)":{"fields":{"worldedit_placeholder":"air"},"inventory":null},"(4,1,0)":{"fields":{"worldedit_placeholder":"air"},"inventory":null},"(4,2,0)":{"fields":{"worldedit_placeholder":"air"},"inventory":null},"(8,0,0)":{"fields":{"worldedit_placeholder":"air"},"inventory":null},"(8,1,0)":{"fields":{"worldedit_placeholder":"air"},"inventory":null},"(8,2,0)":{"fields":{"worldedit_placeholder":"air"},"inventory":null},"(9,0,0)":{"fields":{"worldedit_placeholder":"air"},"inventory":null},"(9,1,0)":{"fields":{"worldedit_placeholder":"air"},"inventory":null},"(9,2,0)":{"fields":{"worldedit_placeholder":"air"},"inventory":null}}},"node_mapping":{"air":126.0,"hightech:dark":394.0,"hightech:dark_stripe_bottom_autoconnect_0000":409.0,"hightech:glass":400.0}}