{"metadata":{"meta":{"(0,15,12)":{"fields":{"worldedit_placeholder":"air"},"inventory":null},"(0,15,8)":{"fields":{"worldedit_placeholder":"air"},"inventory":null},"(1,15,12)":{"fields":{"worldedit_placeholder":"air"},"inventory":null},"(1,15,8)":{"fields":{"worldedit_placeholder":"air"},"inventory":null},"(11,15,10)":{"fields":{"state":"0"},"inventory":null},"(2,15,12)":{"fields":{"worldedit_placeholder":"air"},"inventory":null},"(2,15,8)":{"fields":{"worldedit_placeholder":"air"},"inventory":null},"(3,15,12)":{"fields":{"worldedit_placeholder":"air"},"inventory":null},"(3,15,8)":{"fields":{"worldedit_placeholder":"air"},"inventory":null},"(4,15,8)":{"fields":{"worldedit_placeholder":"air"},"inventory":null},"(5,15,12)":{"fields":{"worldedit_placeholder":"air"},"inventory":null},"(5,15,8)":{"fields":{"state":"0"},"inventory":null},"(6,15,12)":{"fields":{"worldedit_placeholder":"air"},"inventory":null},"(6,15,8)":{"fields":{"worldedit_placeholder":"air"},"inventory":null},"(7,15,12)":{"fields":{"worldedit_placeholder":"air"},"inventory":null},"(7,15,8)":{"fields":{"worldedit_placeholder":"air"},"inventory":null},"(8,15,12)":{"fields":{"worldedit_placeholder":"air"},"inventory":null},"(8,15,8)":{"fields":{"worldedit_placeholder":"air"},"inventory":null},"(9,15,12)":{"fields":{"worldedit_placeholder":"air"},"inventory":null},"(9,15,8)":{"fields":{"worldedit_placeholder":"air"},"inventory":null}}},"node_mapping":{"air":126.0,"default:sand":34.0,"hightech:dark":394.0,"hightech:dark_stripe_horizontal":406.0,"hightech:dark_stripe_top_autoconnect_0011":414.0,"hightech:dark_stripe_top_autoconnect_0110":420.0,"hightech:dark_stripe_top_autoconnect_1100":432.0,"hightech:dark_stripe_vertical":407.0,"hightech:door_a":440.0}}