{"metadata":{"meta":{"(0,0,12)":{"fields":{"worldedit_placeholder":"air"},"inventory":null},"(0,0,13)":{"fields":{"worldedit_placeholder":"air"},"inventory":null},"(0,0,14)":{"fields":{"worldedit_placeholder":"air"},"inventory":null},"(0,0,15)":{"fields":{"worldedit_placeholder":"air"},"inventory":null},"(0,0,8)":{"fields":{"worldedit_placeholder":"air"},"inventory":null},"(0,1,12)":{"fields":{"worldedit_placeholder":"air"},"inventory":null},"(0,1,13)":{"fields":{"worldedit_placeholder":"air"},"inventory":null},"(0,1,14)":{"fields":{"worldedit_placeholder":"air"},"inventory":null},"(0,1,15)":{"fields":{"worldedit_placeholder":"air"},"inventory":null},"(0,1,8)":{"fields":{"worldedit_placeholder":"air"},"inventory":null},"(0,10,12)":{"fields":{"worldedit_placeholder":"air"},"inventory":null},"(0,10,14)":{"fields":{"worldedit_placeholder":"air"},"inventory":null},"(0,10,15)":{"fields":{"worldedit_placeholder":"air"},"inventory":null},"(0,10,8)":{"fields":{"worldedit_placeholder":"air"},"inventory":null},"(0,11,12)":{"fields":{"worldedit_placeholder":"air"},"inventory":null},"(0,11,13)":{"fields":{"worldedit_placeholder":"air"},"inventory":null},"(0,11,14)":{"fields":{"worldedit_placeholder":"air"},"inventory":null},"(0,11,15)":{"fields":{"worldedit_placeholder":"air"},"inventory":null},"(0,11,8)":{"fields":{"worldedit_placeholder":"air"},"inventory":null},"(0,12,12)":{"fields":{"worldedit_placeholder":"air"},"inventory":null},"(0,12,13)":{"fields":{"worldedit_placeholder":"air"},"inventory":null},"(0,12,14)":{"fields":{"worldedit_placeholder":"air"},"inventory":null},"(0,12,15)":{"fields":{"worldedit_placeholder":"air"},"inventory":null},"(0,12,8)":{"fields":{"worldedit_placeholder":"air"},"inventory":null},"(0,13,12)":{"fields":{"worldedit_placeholder":"air"},"inventory":null},"(0,13,13)":{"fields":{"worldedit_placeholder":"air"},"inventory":null},"(0,13,14)":{"fields":{"worldedit_placeholder":"air"},"inventory":null},"(0,13,15)":{"fields":{"worldedit_placeholder":"air"},"inventory":null},"(0,13,8)":{"fields":{"worldedit_placeholder":"air"},"inventory":null},"(0,14,12)":{"fields":{"worldedit_placeholder":"air"},"inventory":null},"(0,14,13)":{"fields":{"worldedit_placeholder":"air"},"inventory":null},"(0,14,14)":{"fields":{"worldedit_placeholder":"air"},"inventory":null},"(0,14,15)":{"fields":{"worldedit_placeholder":"air"},"inventory":null},"(0,14,8)":{"fields":{"worldedit_placeholder":"air"},"inventory":null},"(0,15,12)":{"fields":{"worldedit_placeholder":"air"},"inventory":null},"(0,15,13)":{"fields":{"worldedit_placeholder":"air"},"inventory":null},"(0,15,14)":{"fields":{"worldedit_placeholder":"air"},"inventory":null},"(0,15,15)":{"fields":{"worldedit_placeholder":"air"},"inventory":null},"(0,15,8)":{"fields":{"worldedit_placeholder":"air"},"inventory":null},"(0,2,12)":{"fields":{"worldedit_placeholder":"air"},"inventory":null},"(0,2,13)":{"fields":{"worldedit_placeholder":"air"},"inventory":null},"(0,2,14)":{"fields":{"worldedit_placeholder":"air"},"inventory":null},"(0,2,15)":{"fields":{"worldedit_placeholder":"air"},"inventory":null},"(0,2,8)":{"fields":{"worldedit_placeholder":"air"},"inventory":null},"(0,3,12)":{"fields":{"worldedit_placeholder":"air"},"inventory":null},"(0,3,13)":{"fields":{"worldedit_placeholder":"air"},"inventory":null},"(0,3,14)":{"fields":{"worldedit_placeholder":"air"},"inventory":null},"(0,3,15)":{"fields":{"worldedit_placeholder":"air"},"inventory":null},"(0,3,8)":{"fields":{"worldedit_placeholder":"air"},"inventory":null},"(0,4,12)":{"fields":{"worldedit_placeholder":"air"},"inventory":null},"(0,4,13)":{"fields":{"worldedit_placeholder":"air"},"inventory":null},"(0,4,14)":{"fields":{"worldedit_placeholder":"air"},"inventory":null},"(0,4,15)":{"fields":{"worldedit_placeholder":"air"},"inventory":null},"(0,4,8)":{"fields":{"worldedit_placeholder":"air"},"inventory":null},"(0,5,12)":{"fields":{"worldedit_placeholder":"air"},"inventory":null},"(0,5,13)":{"fields":{"worldedit_placeholder":"air"},"inventory":null},"(0,5,14)":{"fields":{"worldedit_placeholder":"air"},"inventory":null},"(0,5,15)":{"fields":{"worldedit_placeholder":"air"},"inventory":null},"(0,5,8)":{"fields":{"worldedit_placeholder":"air"},"inventory":null},"(0,6,12)":{"fields":{"worldedit_placeholder":"air"},"inventory":null},"(0,6,13)":{"fields":{"worldedit_placeholder":"air"},"inventory":null},"(0,6,14)":{"fields":{"worldedit_placeholder":"air"},"inventory":null},"(0,6,15)":{"fields":{"worldedit_placeholder":"air"},"inventory":null},"(0,6,8)":{"fields":{"worldedit_placeholder":"air"},"inventory":null},"(0,7,12)":{"fields":{"worldedit_placeholder":"air"},"inventory":null},"(0,7,13)":{"fields":{"worldedit_placeholder":"air"},"inventory":null},"(0,7,14)":{"fields":{"worldedit_placeholder":"air"},"inventory":null},"(0,7,15)":{"fields":{"worldedit_placeholder":"air"},"inventory":null},"(0,7,8)":{"fields":{"worldedit_placeholder":"air"},"inventory":null},"(1,0,12)":{"fields":{"worldedit_placeholder":"air"},"inventory":null},"(1,0,8)":{"fields":{"worldedit_placeholder":"air"},"inventory":null},"(1,1,12)":{"fields":{"worldedit_placeholder":"air"},"inventory":null},"(1,1,8)":{"fields":{"worldedit_placeholder":"air"},"inventory":null},"(1,10,12)":{"fields":{"worldedit_placeholder":"air"},"inventory":null},"(1,10,8)":{"fields":{"worldedit_placeholder":"air"},"inventory":null},"(1,11,12)":{"fields":{"worldedit_placeholder":"air"},"inventory":null},"(1,11,8)":{"fields":{"worldedit_placeholder":"air"},"inventory":null},"(1,12,12)":{"fields":{"worldedit_placeholder":"air"},"inventory":null},"(1,12,8)":{"fields":{"worldedit_placeholder":"air"},"inventory":null},"(1,13,12)":{"fields":{"worldedit_placeholder":"air"},"inventory":null},"(1,13,8)":{"fields":{"worldedit_placeholder":"air"},"inventory":null},"(1,14,12)":{"fields":{"worldedit_placeholder":"air"},"inventory":null},"(1,14,8)":{"fields":{"worldedit_placeholder":"air"},"inventory":null},"(1,15,12)":{"fields":{"worldedit_placeholder":"air"},"inventory":null},"(1,15,8)":{"fields":{"worldedit_placeholder":"air"},"inventory":null},"(1,2,12)":{"fields":{"worldedit_placeholder":"air"},"inventory":null},"(1,2,8)":{"fields":{"worldedit_placeholder":"air"},"inventory":null},"(1,3,12)":{"fields":{"worldedit_placeholder":"air"},"inventory":null},"(1,3,8)":{"fields":{"worldedit_placeholder":"air"},"inventory":null},"(1,4,12)":{"fields":{"worldedit_placeholder":"air"},"inventory":null},"(1,4,8)":{"fields":{"worldedit_placeholder":"air"},"inventory":null},"(1,5,12)":{"fields":{"worldedit_placeholder":"air"},"inventory":null},"(1,5,8)":{"fields":{"worldedit_placeholder":"air"},"inventory":null},"(1,6,12)":{"fields":{"worldedit_placeholder":"air"},"inventory":null},"(1,6,8)":{"fields":{"worldedit_placeholder":"air"},"inventory":null},"(1,7,12)":{"fields":{"worldedit_placeholder":"air"},"inventory":null},"(1,7,8)":{"fields":{"worldedit_placeholder":"air"},"inventory":null},"(10,0,12)":{"fields":{"worldedit_placeholder":"air"},"inventory":null},"(10,0,8)":{"fields":{"worldedit_placeholder":"air"},"inventory":null},"(10,1,12)":{"fields":{"worldedit_placeholder":"air"},"inventory":null},"(10,1,8)":{"fields":{"worldedit_placeholder":"air"},"inventory":null},"(10,10,12)":{"fields":{"worldedit_placeholder":"air"},"inventory":null},"(10,10,8)":{"fields":{"worldedit_placeholder":"air"},"inventory":null},"(10,11,12)":{"fields":{"worldedit_placeholder":"air"},"inventory":null},"(10,11,8)":{"fields":{"worldedit_placeholder":"air"},"inventory":null},"(10,12,12)":{"fields":{"worldedit_placeholder":"air"},"inventory":null},"(10,12,8)":{"fields":{"worldedit_placeholder":"air"},"inventory":null},"(10,13,12)":{"fields":{"worldedit_placeholder":"air"},"inventory":null},"(10,13,8)":{"fields":{"worldedit_placeholder":"air"},"inventory":null},"(10,14,12)":{"fields":{"worldedit_placeholder":"air"},"inventory":null},"(10,14,8)":{"fields":{"worldedit_placeholder":"air"},"inventory":null},"(10,15,12)":{"fields":{"worldedit_placeholder":"air"},"inventory":null},"(10,15,8)":{"fields":{"worldedit_placeholder":"air"},"inventory":null},"(10,2,12)":{"fields":{"worldedit_placeholder":"air"},"inventory":null},"(10,2,8)":{"fields":{"worldedit_placeholder":"air"},"inventory":null},"(10,3,12)":{"fields":{"worldedit_placeholder":"air"},"inventory":null},"(10,3,8)":{"fields":{"worldedit_placeholder":"air"},"inventory":null},"(10,4,12)":{"fields":{"worldedit_placeholder":"air"},"inventory":null},"(10,4,8)":{"fields":{"worldedit_placeholder":"air"},"inventory":null},"(10,5,12)":{"fields":{"worldedit_placeholder":"air"},"inventory":null},"(10,5,8)":{"fields":{"worldedit_placeholder":"air"},"inventory":null},"(10,6,12)":{"fields":{"worldedit_placeholder":"air"},"inventory":null},"(10,6,8)":{"fields":{"worldedit_placeholder":"air"},"inventory":null},"(10,7,12)":{"fields":{"worldedit_placeholder":"air"},"inventory":null},"(10,7,8)":{"fields":{"worldedit_placeholder":"air"},"inventory":null},"(11,0,12)":{"fields":{"worldedit_placeholder":"air"},"inventory":null},"(11,0,8)":{"fields":{"worldedit_placeholder":"air"},"inventory":null},"(11,1,12)":{"fields":{"worldedit_placeholder":"air"},"inventory":null},"(11,1,8)":{"fields":{"worldedit_placeholder":"air"},"inventory":null},"(11,10,12)":{"fields":{"worldedit_placeholder":"air"},"inventory":null},"(11,10,8)":{"fields":{"worldedit_placeholder":"air"},"inventory":null},"(11,11,12)":{"fields":{"worldedit_placeholder":"air"},"inventory":null},"(11,11,8)":{"fields":{"worldedit_placeholder":"air"},"inventory":null},"(11,12,12)":{"fields":{"worldedit_placeholder":"air"},"inventory":null},"(11,12,8)":{"fields":{"worldedit_placeholder":"air"},"inventory":null},"(11,13,12)":{"fields":{"worldedit_placeholder":"air"},"inventory":null},"(11,13,8)":{"fields":{"worldedit_placeholder":"air"},"inventory":null},"(11,14,12)":{"fields":{"worldedit_placeholder":"air"},"inventory":null},"(11,14,8)":{"fields":{"worldedit_placeholder":"air"},"inventory":null},"(11,15,12)":{"fields":{"worldedit_placeholder":"air"},"inventory":null},"(11,15,8)":{"fields":{"worldedit_placeholder":"air"},"inventory":null},"(11,2,12)":{"fields":{"worldedit_placeholder":"air"},"inventory":null},"(11,2,8)":{"fields":{"worldedit_placeholder":"air"},"inventory":null},"(11,3,12)":{"fields":{"worldedit_placeholder":"air"},"inventory":null},"(11,3,8)":{"fields":{"worldedit_placeholder":"air"},"inventory":null},"(11,4,12)":{"fields":{"worldedit_placeholder":"air"},"inventory":null},"(11,4,8)":{"fields":{"worldedit_placeholder":"air"},"inventory":null},"(11,5,12)":{"fields":{"worldedit_placeholder":"air"},"inventory":null},"(11,5,8)":{"fields":{"worldedit_placeholder":"air"},"inventory":null},"(11,6,12)":{"fields":{"worldedit_placeholder":"air"},"inventory":null},"(11,6,8)":{"fields":{"worldedit_placeholder":"air"},"inventory":null},"(11,7,12)":{"fields":{"worldedit_placeholder":"air"},"inventory":null},"(11,7,8)":{"fields":{"worldedit_placeholder":"air"},"inventory":null},"(12,0,12)":{"fields":{"worldedit_placeholder":"air"},"inventory":null},"(12,0,8)":{"fields":{"worldedit_placeholder":"air"},"inventory":null},"(12,1,12)":{"fields":{"worldedit_placeholder":"air"},"inventory":null},"(12,1,8)":{"fields":{"worldedit_placeholder":"air"},"inventory":null},"(12,10,12)":{"fields":{"worldedit_placeholder":"air"},"inventory":null},"(12,10,8)":{"fields":{"worldedit_placeholder":"air"},"inventory":null},"(12,11,12)":{"fields":{"worldedit_placeholder":"air"},"inventory":null},"(12,11,8)":{"fields":{"worldedit_placeholder":"air"},"inventory":null},"(12,12,12)":{"fields":{"worldedit_placeholder":"air"},"inventory":null},"(12,12,8)":{"fields":{"worldedit_placeholder":"air"},"inventory":null},"(12,13,12)":{"fields":{"worldedit_placeholder":"air"},"inventory":null},"(12,13,8)":{"fields":{"worldedit_placeholder":"air"},"inventory":null},"(12,14,12)":{"fields":{"worldedit_placeholder":"air"},"inventory":null},"(12,14,8)":{"fields":{"worldedit_placeholder":"air"},"inventory":null},"(12,15,12)":{"fields":{"worldedit_placeholder":"air"},"inventory":null},"(12,15,8)":{"fields":{"worldedit_placeholder":"air"},"inventory":null},"(12,2,12)":{"fields":{"worldedit_placeholder":"air"},"inventory":null},"(12,2,8)":{"fields":{"worldedit_placeholder":"air"},"inventory":null},"(12,3,12)":{"fields":{"worldedit_placeholder":"air"},"inventory":null},"(12,3,8)":{"fields":{"worldedit_placeholder":"air"},"inventory":null},"(12,4,12)":{"fields":{"worldedit_placeholder":"air"},"inventory":null},"(12,4,8)":{"fields":{"worldedit_placeholder":"air"},"inventory":null},"(12,5,12)":{"fields":{"worldedit_placeholder":"air"},"inventory":null},"(12,5,8)":{"fields":{"worldedit_placeholder":"air"},"inventory":null},"(12,6,12)":{"fields":{"worldedit_placeholder":"air"},"inventory":null},"(12,6,8)":{"fields":{"worldedit_placeholder":"air"},"inventory":null},"(12,7,12)":{"fields":{"worldedit_placeholder":"air"},"inventory":null},"(12,7,8)":{"fields":{"worldedit_placeholder":"air"},"inventory":null},"(13,0,12)":{"fields":{"worldedit_placeholder":"air"},"inventory":null},"(13,0,8)":{"fields":{"worldedit_placeholder":"air"},"inventory":null},"(13,1,12)":{"fields":{"worldedit_placeholder":"air"},"inventory":null},"(13,1,8)":{"fields":{"worldedit_placeholder":"air"},"inventory":null},"(13,10,12)":{"fields":{"worldedit_placeholder":"air"},"inventory":null},"(13,10,8)":{"fields":{"worldedit_placeholder":"air"},"inventory":null},"(13,11,12)":{"fields":{"worldedit_placeholder":"air"},"inventory":null},"(13,11,8)":{"fields":{"worldedit_placeholder":"air"},"inventory":null},"(13,12,12)":{"fields":{"worldedit_placeholder":"air"},"inventory":null},"(13,12,8)":{"fields":{"worldedit_placeholder":"air"},"inventory":null},"(13,13,12)":{"fields":{"worldedit_placeholder":"air"},"inventory":null},"(13,13,8)":{"fields":{"worldedit_placeholder":"air"},"inventory":null},"(13,14,12)":{"fields":{"worldedit_placeholder":"air"},"inventory":null},"(13,14,8)":{"fields":{"worldedit_placeholder":"air"},"inventory":null},"(13,15,12)":{"fields":{"worldedit_placeholder":"air"},"inventory":null},"(13,15,8)":{"fields":{"worldedit_placeholder":"air"},"inventory":null},"(13,2,12)":{"fields":{"worldedit_placeholder":"air"},"inventory":null},"(13,2,8)":{"fields":{"worldedit_placeholder":"air"},"inventory":null},"(13,3,12)":{"fields":{"worldedit_placeholder":"air"},"inventory":null},"(13,3,8)":{"fields":{"worldedit_placeholder":"air"},"inventory":null},"(13,4,12)":{"fields":{"worldedit_placeholder":"air"},"inventory":null},"(13,4,8)":{"fields":{"worldedit_placeholder":"air"},"inventory":null},"(13,5,12)":{"fields":{"worldedit_placeholder":"air"},"inventory":null},"(13,5,8)":{"fields":{"worldedit_placeholder":"air"},"inventory":null},"(13,6,12)":{"fields":{"worldedit_placeholder":"air"},"inventory":null},"(13,6,8)":{"fields":{"worldedit_placeholder":"air"},"inventory":null},"(13,7,12)":{"fields":{"worldedit_placeholder":"air"},"inventory":null},"(13,7,8)":{"fields":{"worldedit_placeholder":"air"},"inventory":null},"(14,0,12)":{"fields":{"worldedit_placeholder":"air"},"inventory":null},"(14,0,8)":{"fields":{"worldedit_placeholder":"air"},"inventory":null},"(14,1,12)":{"fields":{"worldedit_placeholder":"air"},"inventory":null},"(14,1,8)":{"fields":{"worldedit_placeholder":"air"},"inventory":null},"(14,10,12)":{"fields":{"worldedit_placeholder":"air"},"inventory":null},"(14,10,8)":{"fields":{"worldedit_placeholder":"air"},"inventory":null},"(14,11,12)":{"fields":{"worldedit_placeholder":"air"},"inventory":null},"(14,11,8)":{"fields":{"worldedit_placeholder":"air"},"inventory":null},"(14,12,12)":{"fields":{"worldedit_placeholder":"air"},"inventory":null},"(14,12,8)":{"fields":{"worldedit_placeholder":"air"},"inventory":null},"(14,13,12)":{"fields":{"worldedit_placeholder":"air"},"inventory":null},"(14,13,8)":{"fields":{"worldedit_placeholder":"air"},"inventory":null},"(14,14,12)":{"fields":{"worldedit_placeholder":"air"},"inventory":null},"(14,14,8)":{"fields":{"worldedit_placeholder":"air"},"inventory":null},"(14,15,12)":{"fields":{"worldedit_placeholder":"air"},"inventory":null},"(14,15,8)":{"fields":{"worldedit_placeholder":"air"},"inventory":null},"(14,2,12)":{"fields":{"worldedit_placeholder":"air"},"inventory":null},"(14,2,8)":{"fields":{"worldedit_placeholder":"air"},"inventory":null},"(14,3,12)":{"fields":{"worldedit_placeholder":"air"},"inventory":null},"(14,3,8)":{"fields":{"worldedit_placeholder":"air"},"inventory":null},"(14,4,12)":{"fields":{"worldedit_placeholder":"air"},"inventory":null},"(14,4,8)":{"fields":{"worldedit_placeholder":"air"},"inventory":null},"(14,5,12)":{"fields":{"worldedit_placeholder":"air"},"inventory":null},"(14,5,8)":{"fields":{"worldedit_placeholder":"air"},"inventory":null},"(14,6,12)":{"fields":{"worldedit_placeholder":"air"},"inventory":null},"(14,6,8)":{"fields":{"worldedit_placeholder":"air"},"inventory":null},"(14,7,12)":{"fields":{"worldedit_placeholder":"air"},"inventory":null},"(14,7,8)":{"fields":{"worldedit_placeholder":"air"},"inventory":null},"(15,0,12)":{"fields":{"worldedit_placeholder":"air"},"inventory":null},"(15,0,8)":{"fields":{"worldedit_placeholder":"air"},"inventory":null},"(15,1,12)":{"fields":{"worldedit_placeholder":"air"},"inventory":null},"(15,1,8)":{"fields":{"worldedit_placeholder":"air"},"inventory":null},"(15,10,12)":{"fields":{"worldedit_placeholder":"air"},"inventory":null},"(15,10,8)":{"fields":{"worldedit_placeholder":"air"},"inventory":null},"(15,11,12)":{"fields":{"worldedit_placeholder":"air"},"inventory":null},"(15,11,8)":{"fields":{"worldedit_placeholder":"air"},"inventory":null},"(15,12,12)":{"fields":{"worldedit_placeholder":"air"},"inventory":null},"(15,12,8)":{"fields":{"worldedit_placeholder":"air"},"inventory":null},"(15,13,12)":{"fields":{"worldedit_placeholder":"air"},"inventory":null},"(15,13,8)":{"fields":{"worldedit_placeholder":"air"},"inventory":null},"(15,14,12)":{"fields":{"worldedit_placeholder":"air"},"inventory":null},"(15,14,8)":{"fields":{"worldedit_placeholder":"air"},"inventory":null},"(15,15,12)":{"fields":{"worldedit_placeholder":"air"},"inventory":null},"(15,15,8)":{"fields":{"worldedit_placeholder":"air"},"inventory":null},"(15,2,12)":{"fields":{"worldedit_placeholder":"air"},"inventory":null},"(15,2,8)":{"fields":{"worldedit_placeholder":"air"},"inventory":null},"(15,3,12)":{"fields":{"worldedit_placeholder":"air"},"inventory":null},"(15,3,8)":{"fields":{"worldedit_placeholder":"air"},"inventory":null},"(15,4,12)":{"fields":{"worldedit_placeholder":"air"},"inventory":null},"(15,4,8)":{"fields":{"worldedit_placeholder":"air"},"inventory":null},"(15,5,12)":{"fields":{"worldedit_placeholder":"air"},"inventory":null},"(15,5,8)":{"fields":{"worldedit_placeholder":"air"},"inventory":null},"(15,6,12)":{"fields":{"worldedit_placeholder":"air"},"inventory":null},"(15,6,8)":{"fields":{"worldedit_placeholder":"air"},"inventory":null},"(15,7,12)":{"fields":{"worldedit_placeholder":"air"},"inventory":null},"(15,7,8)":{"fields":{"worldedit_placeholder":"air"},"inventory":null},"(2,0,12)":{"fields":{"worldedit_placeholder":"air"},"inventory":null},"(2,0,8)":{"fields":{"worldedit_placeholder":"air"},"inventory":null},"(2,1,12)":{"fields":{"worldedit_placeholder":"air"},"inventory":null},"(2,1,8)":{"fields":{"worldedit_placeholder":"air"},"inventory":null},"(2,10,12)":{"fields":{"worldedit_placeholder":"air"},"inventory":null},"(2,10,8)":{"fields":{"worldedit_placeholder":"air"},"inventory":null},"(2,11,12)":{"fields":{"worldedit_placeholder":"air"},"inventory":null},"(2,11,8)":{"fields":{"worldedit_placeholder":"air"},"inventory":null},"(2,12,12)":{"fields":{"worldedit_placeholder":"air"},"inventory":null},"(2,12,8)":{"fields":{"worldedit_placeholder":"air"},"inventory":null},"(2,13,12)":{"fields":{"worldedit_placeholder":"air"},"inventory":null},"(2,13,8)":{"fields":{"worldedit_placeholder":"air"},"inventory":null},"(2,14,12)":{"fields":{"worldedit_placeholder":"air"},"inventory":null},"(2,14,8)":{"fields":{"worldedit_placeholder":"air"},"inventory":null},"(2,15,12)":{"fields":{"worldedit_placeholder":"air"},"inventory":null},"(2,15,8)":{"fields":{"worldedit_placeholder":"air"},"inventory":null},"(2,2,12)":{"fields":{"worldedit_placeholder":"air"},"inventory":null},"(2,2,8)":{"fields":{"worldedit_placeholder":"air"},"inventory":null},"(2,3,12)":{"fields":{"worldedit_placeholder":"air"},"inventory":null},"(2,3,8)":{"fields":{"worldedit_placeholder":"air"},"inventory":null},"(2,4,12)":{"fields":{"worldedit_placeholder":"air"},"inventory":null},"(2,4,8)":{"fields":{"worldedit_placeholder":"air"},"inventory":null},"(2,5,12)":{"fields":{"worldedit_placeholder":"air"},"inventory":null},"(2,5,8)":{"fields":{"worldedit_placeholder":"air"},"inventory":null},"(2,6,12)":{"fields":{"worldedit_placeholder":"air"},"inventory":null},"(2,6,8)":{"fields":{"worldedit_placeholder":"air"},"inventory":null},"(2,7,12)":{"fields":{"worldedit_placeholder":"air"},"inventory":null},"(2,7,8)":{"fields":{"worldedit_placeholder":"air"},"inventory":null},"(3,0,12)":{"fields":{"worldedit_placeholder":"air"},"inventory":null},"(3,0,8)":{"fields":{"worldedit_placeholder":"air"},"inventory":null},"(3,1,12)":{"fields":{"worldedit_placeholder":"air"},"inventory":null},"(3,1,8)":{"fields":{"worldedit_placeholder":"air"},"inventory":null},"(3,10,12)":{"fields":{"worldedit_placeholder":"air"},"inventory":null},"(3,10,8)":{"fields":{"worldedit_placeholder":"air"},"inventory":null},"(3,11,12)":{"fields":{"worldedit_placeholder":"air"},"inventory":null},"(3,11,8)":{"fields":{"worldedit_placeholder":"air"},"inventory":null},"(3,12,12)":{"fields":{"worldedit_placeholder":"air"},"inventory":null},"(3,12,8)":{"fields":{"worldedit_placeholder":"air"},"inventory":null},"(3,13,12)":{"fields":{"worldedit_placeholder":"air"},"inventory":null},"(3,13,8)":{"fields":{"worldedit_placeholder":"air"},"inventory":null},"(3,14,12)":{"fields":{"worldedit_placeholder":"air"},"inventory":null},"(3,14,8)":{"fields":{"worldedit_placeholder":"air"},"inventory":null},"(3,15,12)":{"fields":{"worldedit_placeholder":"air"},"inventory":null},"(3,15,8)":{"fields":{"worldedit_placeholder":"air"},"inventory":null},"(3,2,12)":{"fields":{"worldedit_placeholder":"air"},"inventory":null},"(3,2,8)":{"fields":{"worldedit_placeholder":"air"},"inventory":null},"(3,3,12)":{"fields":{"worldedit_placeholder":"air"},"inventory":null},"(3,3,8)":{"fields":{"worldedit_placeholder":"air"},"inventory":null},"(3,4,12)":{"fields":{"worldedit_placeholder":"air"},"inventory":null},"(3,4,8)":{"fields":{"worldedit_placeholder":"air"},"inventory":null},"(3,5,12)":{"fields":{"worldedit_placeholder":"air"},"inventory":null},"(3,5,8)":{"fields":{"worldedit_placeholder":"air"},"inventory":null},"(3,6,12)":{"fields":{"worldedit_placeholder":"air"},"inventory":null},"(3,6,8)":{"fields":{"worldedit_placeholder":"air"},"inventory":null},"(3,7,12)":{"fields":{"worldedit_placeholder":"air"},"inventory":null},"(3,7,8)":{"fields":{"worldedit_placeholder":"air"},"inventory":null},"(4,0,12)":{"fields":{"worldedit_placeholder":"air"},"inventory":null},"(4,0,8)":{"fields":{"worldedit_placeholder":"air"},"inventory":null},"(4,1,12)":{"fields":{"worldedit_placeholder":"air"},"inventory":null},"(4,1,8)":{"fields":{"worldedit_placeholder":"air"},"inventory":null},"(4,10,12)":{"fields":{"worldedit_placeholder":"air"},"inventory":null},"(4,10,8)":{"fields":{"worldedit_placeholder":"air"},"inventory":null},"(4,11,12)":{"fields":{"worldedit_placeholder":"air"},"inventory":null},"(4,11,8)":{"fields":{"worldedit_placeholder":"air"},"inventory":null},"(4,12,12)":{"fields":{"worldedit_placeholder":"air"},"inventory":null},"(4,12,8)":{"fields":{"worldedit_placeholder":"air"},"inventory":null},"(4,13,12)":{"fields":{"worldedit_placeholder":"air"},"inventory":null},"(4,13,8)":{"fields":{"worldedit_placeholder":"air"},"inventory":null},"(4,14,12)":{"fields":{"worldedit_placeholder":"air"},"inventory":null},"(4,14,8)":{"fields":{"worldedit_placeholder":"air"},"inventory":null},"(4,15,12)":{"fields":{"worldedit_placeholder":"air"},"inventory":null},"(4,15,8)":{"fields":{"worldedit_placeholder":"air"},"inventory":null},"(4,2,12)":{"fields":{"worldedit_placeholder":"air"},"inventory":null},"(4,2,8)":{"fields":{"worldedit_placeholder":"air"},"inventory":null},"(4,3,12)":{"fields":{"worldedit_placeholder":"air"},"inventory":null},"(4,3,8)":{"fields":{"worldedit_placeholder":"air"},"inventory":null},"(4,4,12)":{"fields":{"worldedit_placeholder":"air"},"inventory":null},"(4,4,8)":{"fields":{"worldedit_placeholder":"air"},"inventory":null},"(4,5,12)":{"fields":{"worldedit_placeholder":"air"},"inventory":null},"(4,5,8)":{"fields":{"worldedit_placeholder":"air"},"inventory":null},"(4,6,12)":{"fields":{"worldedit_placeholder":"air"},"inventory":null},"(4,6,8)":{"fields":{"worldedit_placeholder":"air"},"inventory":null},"(4,7,12)":{"fields":{"worldedit_placeholder":"air"},"inventory":null},"(4,7,8)":{"fields":{"worldedit_placeholder":"air"},"inventory":null},"(5,0,8)":{"fields":{"worldedit_placeholder":"air"},"inventory":null},"(5,1,8)":{"fields":{"worldedit_placeholder":"air"},"inventory":null},"(5,10,8)":{"fields":{"worldedit_placeholder":"air"},"inventory":null},"(5,11,8)":{"fields":{"worldedit_placeholder":"air"},"inventory":null},"(5,12,8)":{"fields":{"worldedit_placeholder":"air"},"inventory":null},"(5,13,8)":{"fields":{"worldedit_placeholder":"air"},"inventory":null},"(5,14,8)":{"fields":{"worldedit_placeholder":"air"},"inventory":null},"(5,15,8)":{"fields":{"worldedit_placeholder":"air"},"inventory":null},"(5,2,8)":{"fields":{"worldedit_placeholder":"air"},"inventory":null},"(5,3,8)":{"fields":{"worldedit_placeholder":"air"},"inventory":null},"(5,4,8)":{"fields":{"worldedit_placeholder":"air"},"inventory":null},"(5,5,8)":{"fields":{"worldedit_placeholder":"air"},"inventory":null},"(5,6,8)":{"fields":{"worldedit_placeholder":"air"},"inventory":null},"(5,7,8)":{"fields":{"worldedit_placeholder":"air"},"inventory":null},"(6,0,8)":{"fields":{"worldedit_placeholder":"air"},"inventory":null},"(6,1,8)":{"fields":{"worldedit_placeholder":"air"},"inventory":null},"(6,10,8)":{"fields":{"worldedit_placeholder":"air"},"inventory":null},"(6,11,8)":{"fields":{"worldedit_placeholder":"air"},"inventory":null},"(6,12,8)":{"fields":{"worldedit_placeholder":"air"},"inventory":null},"(6,13,8)":{"fields":{"worldedit_placeholder":"air"},"inventory":null},"(6,14,8)":{"fields":{"worldedit_placeholder":"air"},"inventory":null},"(6,15,8)":{"fields":{"worldedit_placeholder":"air"},"inventory":null},"(6,2,8)":{"fields":{"worldedit_placeholder":"air"},"inventory":null},"(6,3,8)":{"fields":{"worldedit_placeholder":"air"},"inventory":null},"(6,4,8)":{"fields":{"worldedit_placeholder":"air"},"inventory":null},"(6,5,8)":{"fields":{"worldedit_placeholder":"air"},"inventory":null},"(6,6,8)":{"fields":{"worldedit_placeholder":"air"},"inventory":null},"(6,7,8)":{"fields":{"worldedit_placeholder":"air"},"inventory":null},"(7,0,8)":{"fields":{"worldedit_placeholder":"air"},"inventory":null},"(7,1,8)":{"fields":{"worldedit_placeholder":"air"},"inventory":null},"(7,10,8)":{"fields":{"worldedit_placeholder":"air"},"inventory":null},"(7,11,8)":{"fields":{"worldedit_placeholder":"air"},"inventory":null},"(7,12,8)":{"fields":{"worldedit_placeholder":"air"},"inventory":null},"(7,13,8)":{"fields":{"worldedit_placeholder":"air"},"inventory":null},"(7,14,8)":{"fields":{"worldedit_placeholder":"air"},"inventory":null},"(7,15,8)":{"fields":{"worldedit_placeholder":"air"},"inventory":null},"(7,2,8)":{"fields":{"worldedit_placeholder":"air"},"inventory":null},"(7,3,8)":{"fields":{"worldedit_placeholder":"air"},"inventory":null},"(7,4,8)":{"fields":{"worldedit_placeholder":"air"},"inventory":null},"(7,5,8)":{"fields":{"worldedit_placeholder":"air"},"inventory":null},"(7,6,8)":{"fields":{"worldedit_placeholder":"air"},"inventory":null},"(7,7,8)":{"fields":{"worldedit_placeholder":"air"},"inventory":null},"(8,0,12)":{"fields":{"worldedit_placeholder":"air"},"inventory":null},"(8,0,13)":{"fields":{"worldedit_placeholder":"air"},"inventory":null},"(8,0,14)":{"fields":{"worldedit_placeholder":"air"},"inventory":null},"(8,0,15)":{"fields":{"worldedit_placeholder":"air"},"inventory":null},"(8,1,12)":{"fields":{"worldedit_placeholder":"air"},"inventory":null},"(8,1,13)":{"fields":{"worldedit_placeholder":"air"},"inventory":null},"(8,1,14)":{"fields":{"worldedit_placeholder":"air"},"inventory":null},"(8,1,15)":{"fields":{"worldedit_placeholder":"air"},"inventory":null},"(8,1,8)":{"fields":{"worldedit_placeholder":"air"},"inventory":null},"(8,10,12)":{"fields":{"worldedit_placeholder":"air"},"inventory":null},"(8,10,13)":{"fields":{"worldedit_placeholder":"air"},"inventory":null},"(8,10,14)":{"fields":{"worldedit_placeholder":"air"},"inventory":null},"(8,10,15)":{"fields":{"worldedit_placeholder":"air"},"inventory":null},"(8,10,8)":{"fields":{"state":"0"},"inventory":null},"(8,11,12)":{"fields":{"worldedit_placeholder":"air"},"inventory":null},"(8,11,13)":{"fields":{"worldedit_placeholder":"air"},"inventory":null},"(8,11,14)":{"fields":{"worldedit_placeholder":"air"},"inventory":null},"(8,11,15)":{"fields":{"worldedit_placeholder":"air"},"inventory":null},"(8,12,12)":{"fields":{"worldedit_placeholder":"air"},"inventory":null},"(8,12,13)":{"fields":{"worldedit_placeholder":"air"},"inventory":null},"(8,12,14)":{"fields":{"worldedit_placeholder":"air"},"inventory":null},"(8,12,15)":{"fields":{"worldedit_placeholder":"air"},"inventory":null},"(8,12,8)":{"fields":{"worldedit_placeholder":"air"},"inventory":null},"(8,13,12)":{"fields":{"worldedit_placeholder":"air"},"inventory":null},"(8,13,13)":{"fields":{"worldedit_placeholder":"air"},"inventory":null},"(8,13,14)":{"fields":{"worldedit_placeholder":"air"},"inventory":null},"(8,13,15)":{"fields":{"worldedit_placeholder":"air"},"inventory":null},"(8,13,8)":{"fields":{"worldedit_placeholder":"air"},"inventory":null},"(8,14,12)":{"fields":{"worldedit_placeholder":"air"},"inventory":null},"(8,14,13)":{"fields":{"worldedit_placeholder":"air"},"inventory":null},"(8,14,14)":{"fields":{"worldedit_placeholder":"air"},"inventory":null},"(8,14,15)":{"fields":{"worldedit_placeholder":"air"},"inventory":null},"(8,14,8)":{"fields":{"worldedit_placeholder":"air"},"inventory":null},"(8,15,12)":{"fields":{"worldedit_placeholder":"air"},"inventory":null},"(8,15,13)":{"fields":{"worldedit_placeholder":"air"},"inventory":null},"(8,15,14)":{"fields":{"worldedit_placeholder":"air"},"inventory":null},"(8,15,15)":{"fields":{"worldedit_placeholder":"air"},"inventory":null},"(8,15,8)":{"fields":{"worldedit_placeholder":"air"},"inventory":null},"(8,2,12)":{"fields":{"worldedit_placeholder":"air"},"inventory":null},"(8,2,13)":{"fields":{"worldedit_placeholder":"air"},"inventory":null},"(8,2,14)":{"fields":{"worldedit_placeholder":"air"},"inventory":null},"(8,2,15)":{"fields":{"worldedit_placeholder":"air"},"inventory":null},"(8,2,8)":{"fields":{"worldedit_placeholder":"air"},"inventory":null},"(8,3,12)":{"fields":{"worldedit_placeholder":"air"},"inventory":null},"(8,3,13)":{"fields":{"worldedit_placeholder":"air"},"inventory":null},"(8,3,14)":{"fields":{"worldedit_placeholder":"air"},"inventory":null},"(8,3,15)":{"fields":{"worldedit_placeholder":"air"},"inventory":null},"(8,3,8)":{"fields":{"worldedit_placeholder":"air"},"inventory":null},"(8,4,12)":{"fields":{"worldedit_placeholder":"air"},"inventory":null},"(8,4,13)":{"fields":{"worldedit_placeholder":"air"},"inventory":null},"(8,4,14)":{"fields":{"worldedit_placeholder":"air"},"inventory":null},"(8,4,15)":{"fields":{"worldedit_placeholder":"air"},"inventory":null},"(8,4,8)":{"fields":{"worldedit_placeholder":"air"},"inventory":null},"(8,5,12)":{"fields":{"worldedit_placeholder":"air"},"inventory":null},"(8,5,13)":{"fields":{"worldedit_placeholder":"air"},"inventory":null},"(8,5,14)":{"fields":{"worldedit_placeholder":"air"},"inventory":null},"(8,5,15)":{"fields":{"worldedit_placeholder":"air"},"inventory":null},"(8,5,8)":{"fields":{"worldedit_placeholder":"air"},"inventory":null},"(8,6,12)":{"fields":{"worldedit_placeholder":"air"},"inventory":null},"(8,6,13)":{"fields":{"worldedit_placeholder":"air"},"inventory":null},"(8,6,14)":{"fields":{"worldedit_placeholder":"air"},"inventory":null},"(8,6,15)":{"fields":{"worldedit_placeholder":"air"},"inventory":null},"(8,6,8)":{"fields":{"worldedit_placeholder":"air"},"inventory":null},"(8,7,12)":{"fields":{"worldedit_placeholder":"air"},"inventory":null},"(8,7,13)":{"fields":{"worldedit_placeholder":"air"},"inventory":null},"(8,7,14)":{"fields":{"worldedit_placeholder":"air"},"inventory":null},"(8,7,15)":{"fields":{"worldedit_placeholder":"air"},"inventory":null},"(8,7,8)":{"fields":{"worldedit_placeholder":"air"},"inventory":null},"(9,0,12)":{"fields":{"worldedit_placeholder":"air"},"inventory":null},"(9,0,8)":{"fields":{"worldedit_placeholder":"air"},"inventory":null},"(9,1,12)":{"fields":{"worldedit_placeholder":"air"},"inventory":null},"(9,1,8)":{"fields":{"worldedit_placeholder":"air"},"inventory":null},"(9,10,12)":{"fields":{"worldedit_placeholder":"air"},"inventory":null},"(9,10,8)":{"fields":{"worldedit_placeholder":"air"},"inventory":null},"(9,11,12)":{"fields":{"worldedit_placeholder":"air"},"inventory":null},"(9,11,8)":{"fields":{"worldedit_placeholder":"air"},"inventory":null},"(9,12,12)":{"fields":{"worldedit_placeholder":"air"},"inventory":null},"(9,12,8)":{"fields":{"worldedit_placeholder":"air"},"inventory":null},"(9,13,12)":{"fields":{"worldedit_placeholder":"air"},"inventory":null},"(9,13,8)":{"fields":{"worldedit_placeholder":"air"},"inventory":null},"(9,14,12)":{"fields":{"worldedit_placeholder":"air"},"inventory":null},"(9,14,8)":{"fields":{"worldedit_placeholder":"air"},"inventory":null},"(9,15,12)":{"fields":{"worldedit_placeholder":"air"},"inventory":null},"(9,15,8)":{"fields":{"worldedit_placeholder":"air"},"inventory":null},"(9,2,12)":{"fields":{"worldedit_placeholder":"air"},"inventory":null},"(9,2,8)":{"fields":{"worldedit_placeholder":"air"},"inventory":null},"(9,3,12)":{"fields":{"worldedit_placeholder":"air"},"inventory":null},"(9,3,8)":{"fields":{"worldedit_placeholder":"air"},"inventory":null},"(9,4,12)":{"fields":{"worldedit_placeholder":"air"},"inventory":null},"(9,4,8)":{"fields":{"worldedit_placeholder":"air"},"inventory":null},"(9,5,12)":{"fields":{"worldedit_placeholder":"air"},"inventory":null},"(9,5,8)":{"fields":{"worldedit_placeholder":"air"},"inventory":null},"(9,6,12)":{"fields":{"worldedit_placeholder":"air"},"inventory":null},"(9,6,8)":{"fields":{"worldedit_placeholder":"air"},"inventory":null},"(9,7,12)":{"fields":{"worldedit_placeholder":"air"},"inventory":null},"(9,7,8)":{"fields":{"worldedit_placeholder":"air"},"inventory":null}}},"node_mapping":{"air":126.0,"hightech:dark":394.0,"hightech:dark_stripe_bottom_autoconnect_0000":409.0,"stairs:stair_inner_glass":312.0}}