{"metadata":{"meta":{"(0,0,0)":{"fields":{"worldedit_placeholder":"air"},"inventory":null},"(0,0,4)":{"fields":{"worldedit_placeholder":"air"},"inventory":null},"(0,0,8)":{"fields":{"worldedit_placeholder":"air"},"inventory":null},"(0,1,0)":{"fields":{"worldedit_placeholder":"air"},"inventory":null},"(0,1,4)":{"fields":{"worldedit_placeholder":"air"},"inventory":null},"(0,1,8)":{"fields":{"worldedit_placeholder":"air"},"inventory":null},"(0,10,0)":{"fields":{"worldedit_placeholder":"air"},"inventory":null},"(0,10,4)":{"fields":{"worldedit_placeholder":"air"},"inventory":null},"(0,10,8)":{"fields":{"worldedit_placeholder":"air"},"inventory":null},"(0,11,0)":{"fields":{"worldedit_placeholder":"air"},"inventory":null},"(0,11,4)":{"fields":{"worldedit_placeholder":"air"},"inventory":null},"(0,11,8)":{"fields":{"worldedit_placeholder":"air"},"inventory":null},"(0,12,0)":{"fields":{"worldedit_placeholder":"air"},"inventory":null},"(0,12,4)":{"fields":{"worldedit_placeholder":"air"},"inventory":null},"(0,12,8)":{"fields":{"worldedit_placeholder":"air"},"inventory":null},"(0,13,0)":{"fields":{"worldedit_placeholder":"air"},"inventory":null},"(0,13,4)":{"fields":{"worldedit_placeholder":"air"},"inventory":null},"(0,13,8)":{"fields":{"worldedit_placeholder":"air"},"inventory":null},"(0,14,0)":{"fields":{"worldedit_placeholder":"air"},"inventory":null},"(0,14,4)":{"fields":{"worldedit_placeholder":"air"},"inventory":null},"(0,14,8)":{"fields":{"worldedit_placeholder":"air"},"inventory":null},"(0,15,0)":{"fields":{"worldedit_placeholder":"air"},"inventory":null},"(0,15,4)":{"fields":{"worldedit_placeholder":"air"},"inventory":null},"(0,15,8)":{"fields":{"worldedit_placeholder":"air"},"inventory":null},"(0,2,0)":{"fields":{"worldedit_placeholder":"air"},"inventory":null},"(0,2,4)":{"fields":{"worldedit_placeholder":"air"},"inventory":null},"(0,2,8)":{"fields":{"worldedit_placeholder":"air"},"inventory":null},"(0,3,0)":{"fields":{"worldedit_placeholder":"air"},"inventory":null},"(0,3,4)":{"fields":{"worldedit_placeholder":"air"},"inventory":null},"(0,3,8)":{"fields":{"worldedit_placeholder":"air"},"inventory":null},"(0,4,0)":{"fields":{"worldedit_placeholder":"air"},"inventory":null},"(0,4,4)":{"fields":{"worldedit_placeholder":"air"},"inventory":null},"(0,4,8)":{"fields":{"worldedit_placeholder":"air"},"inventory":null},"(0,5,0)":{"fields":{"worldedit_placeholder":"air"},"inventory":null},"(0,5,4)":{"fields":{"worldedit_placeholder":"air"},"inventory":null},"(0,5,8)":{"fields":{"worldedit_placeholder":"air"},"inventory":null},"(0,6,0)":{"fields":{"worldedit_placeholder":"air"},"inventory":null},"(0,6,4)":{"fields":{"worldedit_placeholder":"air"},"inventory":null},"(0,6,8)":{"fields":{"worldedit_placeholder":"air"},"inventory":null},"(0,7,0)":{"fields":{"worldedit_placeholder":"air"},"inventory":null},"(0,7,4)":{"fields":{"worldedit_placeholder":"air"},"inventory":null},"(0,7,8)":{"fields":{"worldedit_placeholder":"air"},"inventory":null},"(1,0,0)":{"fields":{"worldedit_placeholder":"air"},"inventory":null},"(1,0,4)":{"fields":{"worldedit_placeholder":"air"},"inventory":null},"(1,0,8)":{"fields":{"worldedit_placeholder":"air"},"inventory":null},"(1,1,0)":{"fields":{"worldedit_placeholder":"air"},"inventory":null},"(1,1,4)":{"fields":{"worldedit_placeholder":"air"},"inventory":null},"(1,1,8)":{"fields":{"worldedit_placeholder":"air"},"inventory":null},"(1,10,0)":{"fields":{"worldedit_placeholder":"air"},"inventory":null},"(1,10,4)":{"fields":{"worldedit_placeholder":"air"},"inventory":null},"(1,10,8)":{"fields":{"worldedit_placeholder":"air"},"inventory":null},"(1,11,0)":{"fields":{"worldedit_placeholder":"air"},"inventory":null},"(1,11,4)":{"fields":{"worldedit_placeholder":"air"},"inventory":null},"(1,11,8)":{"fields":{"worldedit_placeholder":"air"},"inventory":null},"(1,12,0)":{"fields":{"worldedit_placeholder":"air"},"inventory":null},"(1,12,4)":{"fields":{"worldedit_placeholder":"air"},"inventory":null},"(1,12,8)":{"fields":{"worldedit_placeholder":"air"},"inventory":null},"(1,13,0)":{"fields":{"worldedit_placeholder":"air"},"inventory":null},"(1,13,4)":{"fields":{"worldedit_placeholder":"air"},"inventory":null},"(1,13,8)":{"fields":{"worldedit_placeholder":"air"},"inventory":null},"(1,14,0)":{"fields":{"worldedit_placeholder":"air"},"inventory":null},"(1,14,4)":{"fields":{"worldedit_placeholder":"air"},"inventory":null},"(1,14,8)":{"fields":{"worldedit_placeholder":"air"},"inventory":null},"(1,15,0)":{"fields":{"worldedit_placeholder":"air"},"inventory":null},"(1,15,4)":{"fields":{"worldedit_placeholder":"air"},"inventory":null},"(1,15,8)":{"fields":{"worldedit_placeholder":"air"},"inventory":null},"(1,2,0)":{"fields":{"worldedit_placeholder":"air"},"inventory":null},"(1,2,4)":{"fields":{"worldedit_placeholder":"air"},"inventory":null},"(1,2,8)":{"fields":{"worldedit_placeholder":"air"},"inventory":null},"(1,3,0)":{"fields":{"worldedit_placeholder":"air"},"inventory":null},"(1,3,4)":{"fields":{"worldedit_placeholder":"air"},"inventory":null},"(1,3,8)":{"fields":{"worldedit_placeholder":"air"},"inventory":null},"(1,4,0)":{"fields":{"worldedit_placeholder":"air"},"inventory":null},"(1,4,4)":{"fields":{"worldedit_placeholder":"air"},"inventory":null},"(1,4,8)":{"fields":{"worldedit_placeholder":"air"},"inventory":null},"(1,5,0)":{"fields":{"worldedit_placeholder":"air"},"inventory":null},"(1,5,4)":{"fields":{"worldedit_placeholder":"air"},"inventory":null},"(1,5,8)":{"fields":{"worldedit_placeholder":"air"},"inventory":null},"(1,6,0)":{"fields":{"worldedit_placeholder":"air"},"inventory":null},"(1,6,4)":{"fields":{"worldedit_placeholder":"air"},"inventory":null},"(1,6,8)":{"fields":{"worldedit_placeholder":"air"},"inventory":null},"(1,7,0)":{"fields":{"worldedit_placeholder":"air"},"inventory":null},"(1,7,4)":{"fields":{"worldedit_placeholder":"air"},"inventory":null},"(1,7,8)":{"fields":{"worldedit_placeholder":"air"},"inventory":null},"(10,0,0)":{"fields":{"worldedit_placeholder":"air"},"inventory":null},"(10,0,4)":{"fields":{"worldedit_placeholder":"air"},"inventory":null},"(10,1,0)":{"fields":{"worldedit_placeholder":"air"},"inventory":null},"(10,1,4)":{"fields":{"worldedit_placeholder":"air"},"inventory":null},"(10,10,0)":{"fields":{"worldedit_placeholder":"air"},"inventory":null},"(10,10,4)":{"fields":{"worldedit_placeholder":"air"},"inventory":null},"(10,11,0)":{"fields":{"worldedit_placeholder":"air"},"inventory":null},"(10,11,4)":{"fields":{"worldedit_placeholder":"air"},"inventory":null},"(10,12,0)":{"fields":{"worldedit_placeholder":"air"},"inventory":null},"(10,12,4)":{"fields":{"worldedit_placeholder":"air"},"inventory":null},"(10,13,0)":{"fields":{"worldedit_placeholder":"air"},"inventory":null},"(10,13,4)":{"fields":{"worldedit_placeholder":"air"},"inventory":null},"(10,14,0)":{"fields":{"worldedit_placeholder":"air"},"inventory":null},"(10,14,4)":{"fields":{"worldedit_placeholder":"air"},"inventory":null},"(10,15,0)":{"fields":{"worldedit_placeholder":"air"},"inventory":null},"(10,15,4)":{"fields":{"worldedit_placeholder":"air"},"inventory":null},"(10,2,0)":{"fields":{"worldedit_placeholder":"air"},"inventory":null},"(10,2,4)":{"fields":{"worldedit_placeholder":"air"},"inventory":null},"(10,3,0)":{"fields":{"worldedit_placeholder":"air"},"inventory":null},"(10,3,4)":{"fields":{"worldedit_placeholder":"air"},"inventory":null},"(10,4,0)":{"fields":{"worldedit_placeholder":"air"},"inventory":null},"(10,4,4)":{"fields":{"worldedit_placeholder":"air"},"inventory":null},"(10,5,0)":{"fields":{"worldedit_placeholder":"air"},"inventory":null},"(10,5,4)":{"fields":{"worldedit_placeholder":"air"},"inventory":null},"(10,6,0)":{"fields":{"worldedit_placeholder":"air"},"inventory":null},"(10,6,4)":{"fields":{"worldedit_placeholder":"air"},"inventory":null},"(10,6,7)":{"fields":{"worldedit_placeholder":"air"},"inventory":null},"(10,7,0)":{"fields":{"worldedit_placeholder":"air"},"inventory":null},"(10,7,4)":{"fields":{"worldedit_placeholder":"air"},"inventory":null},"(10,7,7)":{"fields":{"worldedit_placeholder":"air"},"inventory":null},"(11,0,0)":{"fields":{"worldedit_placeholder":"air"},"inventory":null},"(11,0,4)":{"fields":{"worldedit_placeholder":"air"},"inventory":null},"(11,1,0)":{"fields":{"worldedit_placeholder":"air"},"inventory":null},"(11,1,4)":{"fields":{"worldedit_placeholder":"air"},"inventory":null},"(11,10,0)":{"fields":{"worldedit_placeholder":"air"},"inventory":null},"(11,10,4)":{"fields":{"worldedit_placeholder":"air"},"inventory":null},"(11,11,0)":{"fields":{"worldedit_placeholder":"air"},"inventory":null},"(11,11,4)":{"fields":{"worldedit_placeholder":"air"},"inventory":null},"(11,12,0)":{"fields":{"worldedit_placeholder":"air"},"inventory":null},"(11,12,4)":{"fields":{"worldedit_placeholder":"air"},"inventory":null},"(11,13,0)":{"fields":{"worldedit_placeholder":"air"},"inventory":null},"(11,13,4)":{"fields":{"worldedit_placeholder":"air"},"inventory":null},"(11,14,0)":{"fields":{"worldedit_placeholder":"air"},"inventory":null},"(11,14,4)":{"fields":{"worldedit_placeholder":"air"},"inventory":null},"(11,15,0)":{"fields":{"worldedit_placeholder":"air"},"inventory":null},"(11,15,4)":{"fields":{"worldedit_placeholder":"air"},"inventory":null},"(11,2,0)":{"fields":{"worldedit_placeholder":"air"},"inventory":null},"(11,2,4)":{"fields":{"worldedit_placeholder":"air"},"inventory":null},"(11,3,0)":{"fields":{"worldedit_placeholder":"air"},"inventory":null},"(11,3,4)":{"fields":{"worldedit_placeholder":"air"},"inventory":null},"(11,4,0)":{"fields":{"worldedit_placeholder":"air"},"inventory":null},"(11,4,4)":{"fields":{"worldedit_placeholder":"air"},"inventory":null},"(11,5,0)":{"fields":{"worldedit_placeholder":"air"},"inventory":null},"(11,5,4)":{"fields":{"worldedit_placeholder":"air"},"inventory":null},"(11,6,0)":{"fields":{"worldedit_placeholder":"air"},"inventory":null},"(11,6,4)":{"fields":{"worldedit_placeholder":"air"},"inventory":null},"(11,7,0)":{"fields":{"worldedit_placeholder":"air"},"inventory":null},"(11,7,4)":{"fields":{"worldedit_placeholder":"air"},"inventory":null},"(11,7,7)":{"fields":{"worldedit_placeholder":"air"},"inventory":null},"(12,0,0)":{"fields":{"worldedit_placeholder":"air"},"inventory":null},"(12,0,4)":{"fields":{"worldedit_placeholder":"air"},"inventory":null},"(12,1,0)":{"fields":{"worldedit_placeholder":"air"},"inventory":null},"(12,1,4)":{"fields":{"worldedit_placeholder":"air"},"inventory":null},"(12,10,0)":{"fields":{"worldedit_placeholder":"air"},"inventory":null},"(12,10,4)":{"fields":{"worldedit_placeholder":"air"},"inventory":null},"(12,11,0)":{"fields":{"worldedit_placeholder":"air"},"inventory":null},"(12,11,4)":{"fields":{"worldedit_placeholder":"air"},"inventory":null},"(12,12,0)":{"fields":{"worldedit_placeholder":"air"},"inventory":null},"(12,12,4)":{"fields":{"worldedit_placeholder":"air"},"inventory":null},"(12,13,0)":{"fields":{"worldedit_placeholder":"air"},"inventory":null},"(12,13,4)":{"fields":{"worldedit_placeholder":"air"},"inventory":null},"(12,14,0)":{"fields":{"worldedit_placeholder":"air"},"inventory":null},"(12,14,4)":{"fields":{"worldedit_placeholder":"air"},"inventory":null},"(12,15,0)":{"fields":{"worldedit_placeholder":"air"},"inventory":null},"(12,15,4)":{"fields":{"worldedit_placeholder":"air"},"inventory":null},"(12,2,0)":{"fields":{"worldedit_placeholder":"air"},"inventory":null},"(12,2,4)":{"fields":{"worldedit_placeholder":"air"},"inventory":null},"(12,3,0)":{"fields":{"worldedit_placeholder":"air"},"inventory":null},"(12,3,4)":{"fields":{"worldedit_placeholder":"air"},"inventory":null},"(12,4,0)":{"fields":{"worldedit_placeholder":"air"},"inventory":null},"(12,4,4)":{"fields":{"worldedit_placeholder":"air"},"inventory":null},"(12,5,0)":{"fields":{"worldedit_placeholder":"air"},"inventory":null},"(12,5,4)":{"fields":{"worldedit_placeholder":"air"},"inventory":null},"(12,6,0)":{"fields":{"worldedit_placeholder":"air"},"inventory":null},"(12,6,4)":{"fields":{"worldedit_placeholder":"air"},"inventory":null},"(12,7,0)":{"fields":{"worldedit_placeholder":"air"},"inventory":null},"(12,7,4)":{"fields":{"worldedit_placeholder":"air"},"inventory":null},"(13,0,0)":{"fields":{"worldedit_placeholder":"air"},"inventory":null},"(13,0,4)":{"fields":{"worldedit_placeholder":"air"},"inventory":null},"(13,1,0)":{"fields":{"worldedit_placeholder":"air"},"inventory":null},"(13,1,4)":{"fields":{"worldedit_placeholder":"air"},"inventory":null},"(13,10,0)":{"fields":{"worldedit_placeholder":"air"},"inventory":null},"(13,10,4)":{"fields":{"worldedit_placeholder":"air"},"inventory":null},"(13,11,0)":{"fields":{"worldedit_placeholder":"air"},"inventory":null},"(13,11,4)":{"fields":{"worldedit_placeholder":"air"},"inventory":null},"(13,12,0)":{"fields":{"worldedit_placeholder":"air"},"inventory":null},"(13,12,4)":{"fields":{"worldedit_placeholder":"air"},"inventory":null},"(13,13,0)":{"fields":{"worldedit_placeholder":"air"},"inventory":null},"(13,13,4)":{"fields":{"worldedit_placeholder":"air"},"inventory":null},"(13,14,0)":{"fields":{"worldedit_placeholder":"air"},"inventory":null},"(13,14,4)":{"fields":{"worldedit_placeholder":"air"},"inventory":null},"(13,15,0)":{"fields":{"worldedit_placeholder":"air"},"inventory":null},"(13,15,4)":{"fields":{"worldedit_placeholder":"air"},"inventory":null},"(13,2,0)":{"fields":{"worldedit_placeholder":"air"},"inventory":null},"(13,2,4)":{"fields":{"worldedit_placeholder":"air"},"inventory":null},"(13,3,0)":{"fields":{"worldedit_placeholder":"air"},"inventory":null},"(13,3,4)":{"fields":{"worldedit_placeholder":"air"},"inventory":null},"(13,4,0)":{"fields":{"worldedit_placeholder":"air"},"inventory":null},"(13,4,4)":{"fields":{"worldedit_placeholder":"air"},"inventory":null},"(13,5,0)":{"fields":{"worldedit_placeholder":"air"},"inventory":null},"(13,5,4)":{"fields":{"worldedit_placeholder":"air"},"inventory":null},"(13,6,0)":{"fields":{"worldedit_placeholder":"air"},"inventory":null},"(13,6,4)":{"fields":{"worldedit_placeholder":"air"},"inventory":null},"(13,7,0)":{"fields":{"worldedit_placeholder":"air"},"inventory":null},"(13,7,4)":{"fields":{"worldedit_placeholder":"air"},"inventory":null},"(14,0,0)":{"fields":{"worldedit_placeholder":"air"},"inventory":null},"(14,0,4)":{"fields":{"worldedit_placeholder":"air"},"inventory":null},"(14,1,0)":{"fields":{"worldedit_placeholder":"air"},"inventory":null},"(14,1,4)":{"fields":{"worldedit_placeholder":"air"},"inventory":null},"(14,10,0)":{"fields":{"worldedit_placeholder":"air"},"inventory":null},"(14,10,4)":{"fields":{"worldedit_placeholder":"air"},"inventory":null},"(14,11,0)":{"fields":{"worldedit_placeholder":"air"},"inventory":null},"(14,11,4)":{"fields":{"worldedit_placeholder":"air"},"inventory":null},"(14,12,0)":{"fields":{"worldedit_placeholder":"air"},"inventory":null},"(14,12,4)":{"fields":{"worldedit_placeholder":"air"},"inventory":null},"(14,13,0)":{"fields":{"worldedit_placeholder":"air"},"inventory":null},"(14,13,4)":{"fields":{"worldedit_placeholder":"air"},"inventory":null},"(14,14,0)":{"fields":{"worldedit_placeholder":"air"},"inventory":null},"(14,14,4)":{"fields":{"worldedit_placeholder":"air"},"inventory":null},"(14,15,0)":{"fields":{"worldedit_placeholder":"air"},"inventory":null},"(14,15,4)":{"fields":{"worldedit_placeholder":"air"},"inventory":null},"(14,2,0)":{"fields":{"worldedit_placeholder":"air"},"inventory":null},"(14,2,4)":{"fields":{"worldedit_placeholder":"air"},"inventory":null},"(14,3,0)":{"fields":{"worldedit_placeholder":"air"},"inventory":null},"(14,3,4)":{"fields":{"worldedit_placeholder":"air"},"inventory":null},"(14,4,0)":{"fields":{"worldedit_placeholder":"air"},"inventory":null},"(14,4,4)":{"fields":{"worldedit_placeholder":"air"},"inventory":null},"(14,5,0)":{"fields":{"worldedit_placeholder":"air"},"inventory":null},"(14,5,4)":{"fields":{"worldedit_placeholder":"air"},"inventory":null},"(14,6,0)":{"fields":{"worldedit_placeholder":"air"},"inventory":null},"(14,6,4)":{"fields":{"worldedit_placeholder":"air"},"inventory":null},"(14,7,0)":{"fields":{"worldedit_placeholder":"air"},"inventory":null},"(14,7,4)":{"fields":{"worldedit_placeholder":"air"},"inventory":null},"(15,0,0)":{"fields":{"worldedit_placeholder":"air"},"inventory":null},"(15,0,10)":{"fields":{"worldedit_placeholder":"air"},"inventory":null},"(15,0,4)":{"fields":{"worldedit_placeholder":"air"},"inventory":null},"(15,0,5)":{"fields":{"worldedit_placeholder":"air"},"inventory":null},"(15,0,7)":{"fields":{"worldedit_placeholder":"air"},"inventory":null},"(15,1,0)":{"fields":{"worldedit_placeholder":"air"},"inventory":null},"(15,1,10)":{"fields":{"worldedit_placeholder":"air"},"inventory":null},"(15,1,4)":{"fields":{"worldedit_placeholder":"air"},"inventory":null},"(15,1,5)":{"fields":{"worldedit_placeholder":"air"},"inventory":null},"(15,1,7)":{"fields":{"worldedit_placeholder":"air"},"inventory":null},"(15,1,8)":{"fields":{"worldedit_placeholder":"air"},"inventory":null},"(15,1,9)":{"fields":{"worldedit_placeholder":"air"},"inventory":null},"(15,10,0)":{"fields":{"worldedit_placeholder":"air"},"inventory":null},"(15,10,1)":{"fields":{"worldedit_placeholder":"air"},"inventory":null},"(15,10,10)":{"fields":{"worldedit_placeholder":"air"},"inventory":null},"(15,10,3)":{"fields":{"worldedit_placeholder":"air"},"inventory":null},"(15,10,4)":{"fields":{"worldedit_placeholder":"air"},"inventory":null},"(15,10,7)":{"fields":{"worldedit_placeholder":"air"},"inventory":null},"(15,10,8)":{"fields":{"worldedit_placeholder":"air"},"inventory":null},"(15,10,9)":{"fields":{"state":"0"},"inventory":null},"(15,11,0)":{"fields":{"worldedit_placeholder":"air"},"inventory":null},"(15,11,10)":{"fields":{"worldedit_placeholder":"air"},"inventory":null},"(15,11,4)":{"fields":{"worldedit_placeholder":"air"},"inventory":null},"(15,11,5)":{"fields":{"worldedit_placeholder":"air"},"inventory":null},"(15,11,7)":{"fields":{"worldedit_placeholder":"air"},"inventory":null},"(15,12,0)":{"fields":{"worldedit_placeholder":"air"},"inventory":null},"(15,12,10)":{"fields":{"worldedit_placeholder":"air"},"inventory":null},"(15,12,4)":{"fields":{"worldedit_placeholder":"air"},"inventory":null},"(15,12,5)":{"fields":{"worldedit_placeholder":"air"},"inventory":null},"(15,12,7)":{"fields":{"worldedit_placeholder":"air"},"inventory":null},"(15,12,8)":{"fields":{"worldedit_placeholder":"air"},"inventory":null},"(15,12,9)":{"fields":{"worldedit_placeholder":"air"},"inventory":null},"(15,13,0)":{"fields":{"worldedit_placeholder":"air"},"inventory":null},"(15,13,10)":{"fields":{"worldedit_placeholder":"air"},"inventory":null},"(15,13,4)":{"fields":{"worldedit_placeholder":"air"},"inventory":null},"(15,13,5)":{"fields":{"worldedit_placeholder":"air"},"inventory":null},"(15,13,6)":{"fields":{"worldedit_placeholder":"air"},"inventory":null},"(15,13,7)":{"fields":{"worldedit_placeholder":"air"},"inventory":null},"(15,13,8)":{"fields":{"worldedit_placeholder":"air"},"inventory":null},"(15,13,9)":{"fields":{"worldedit_placeholder":"air"},"inventory":null},"(15,14,0)":{"fields":{"worldedit_placeholder":"air"},"inventory":null},"(15,14,10)":{"fields":{"worldedit_placeholder":"air"},"inventory":null},"(15,14,4)":{"fields":{"worldedit_placeholder":"air"},"inventory":null},"(15,14,5)":{"fields":{"worldedit_placeholder":"air"},"inventory":null},"(15,14,6)":{"fields":{"worldedit_placeholder":"air"},"inventory":null},"(15,14,7)":{"fields":{"worldedit_placeholder":"air"},"inventory":null},"(15,14,8)":{"fields":{"worldedit_placeholder":"air"},"inventory":null},"(15,14,9)":{"fields":{"worldedit_placeholder":"air"},"inventory":null},"(15,15,0)":{"fields":{"worldedit_placeholder":"air"},"inventory":null},"(15,15,10)":{"fields":{"worldedit_placeholder":"air"},"inventory":null},"(15,15,4)":{"fields":{"worldedit_placeholder":"air"},"inventory":null},"(15,15,5)":{"fields":{"worldedit_placeholder":"air"},"inventory":null},"(15,15,6)":{"fields":{"worldedit_placeholder":"air"},"inventory":null},"(15,15,7)":{"fields":{"worldedit_placeholder":"air"},"inventory":null},"(15,15,8)":{"fields":{"worldedit_placeholder":"air"},"inventory":null},"(15,15,9)":{"fields":{"worldedit_placeholder":"air"},"inventory":null},"(15,2,0)":{"fields":{"worldedit_placeholder":"air"},"inventory":null},"(15,2,10)":{"fields":{"worldedit_placeholder":"air"},"inventory":null},"(15,2,4)":{"fields":{"worldedit_placeholder":"air"},"inventory":null},"(15,2,5)":{"fields":{"worldedit_placeholder":"air"},"inventory":null},"(15,2,6)":{"fields":{"worldedit_placeholder":"air"},"inventory":null},"(15,2,7)":{"fields":{"worldedit_placeholder":"air"},"inventory":null},"(15,2,8)":{"fields":{"worldedit_placeholder":"air"},"inventory":null},"(15,2,9)":{"fields":{"worldedit_placeholder":"air"},"inventory":null},"(15,3,0)":{"fields":{"worldedit_placeholder":"air"},"inventory":null},"(15,3,10)":{"fields":{"worldedit_placeholder":"air"},"inventory":null},"(15,3,4)":{"fields":{"worldedit_placeholder":"air"},"inventory":null},"(15,3,5)":{"fields":{"worldedit_placeholder":"air"},"inventory":null},"(15,3,6)":{"fields":{"worldedit_placeholder":"air"},"inventory":null},"(15,3,7)":{"fields":{"worldedit_placeholder":"air"},"inventory":null},"(15,3,8)":{"fields":{"worldedit_placeholder":"air"},"inventory":null},"(15,3,9)":{"fields":{"worldedit_placeholder":"air"},"inventory":null},"(15,4,0)":{"fields":{"worldedit_placeholder":"air"},"inventory":null},"(15,4,10)":{"fields":{"worldedit_placeholder":"air"},"inventory":null},"(15,4,4)":{"fields":{"worldedit_placeholder":"air"},"inventory":null},"(15,4,5)":{"fields":{"worldedit_placeholder":"air"},"inventory":null},"(15,4,6)":{"fields":{"worldedit_placeholder":"air"},"inventory":null},"(15,4,7)":{"fields":{"worldedit_placeholder":"air"},"inventory":null},"(15,4,8)":{"fields":{"worldedit_placeholder":"air"},"inventory":null},"(15,4,9)":{"fields":{"worldedit_placeholder":"air"},"inventory":null},"(15,5,0)":{"fields":{"worldedit_placeholder":"air"},"inventory":null},"(15,5,10)":{"fields":{"worldedit_placeholder":"air"},"inventory":null},"(15,5,4)":{"fields":{"worldedit_placeholder":"air"},"inventory":null},"(15,5,5)":{"fields":{"worldedit_placeholder":"air"},"inventory":null},"(15,5,6)":{"fields":{"worldedit_placeholder":"air"},"inventory":null},"(15,5,7)":{"fields":{"worldedit_placeholder":"air"},"inventory":null},"(15,5,8)":{"fields":{"worldedit_placeholder":"air"},"inventory":null},"(15,5,9)":{"fields":{"worldedit_placeholder":"air"},"inventory":null},"(15,6,0)":{"fields":{"worldedit_placeholder":"air"},"inventory":null},"(15,6,10)":{"fields":{"worldedit_placeholder":"air"},"inventory":null},"(15,6,4)":{"fields":{"worldedit_placeholder":"air"},"inventory":null},"(15,6,5)":{"fields":{"worldedit_placeholder":"air"},"inventory":null},"(15,6,6)":{"fields":{"worldedit_placeholder":"air"},"inventory":null},"(15,6,7)":{"fields":{"worldedit_placeholder":"air"},"inventory":null},"(15,6,8)":{"fields":{"worldedit_placeholder":"air"},"inventory":null},"(15,6,9)":{"fields":{"worldedit_placeholder":"air"},"inventory":null},"(15,7,0)":{"fields":{"worldedit_placeholder":"air"},"inventory":null},"(15,7,10)":{"fields":{"worldedit_placeholder":"air"},"inventory":null},"(15,7,4)":{"fields":{"worldedit_placeholder":"air"},"inventory":null},"(15,7,5)":{"fields":{"worldedit_placeholder":"air"},"inventory":null},"(15,7,6)":{"fields":{"worldedit_placeholder":"air"},"inventory":null},"(15,7,7)":{"fields":{"worldedit_placeholder":"air"},"inventory":null},"(15,7,8)":{"fields":{"worldedit_placeholder":"air"},"inventory":null},"(15,7,9)":{"fields":{"worldedit_placeholder":"air"},"inventory":null},"(2,0,0)":{"fields":{"worldedit_placeholder":"air"},"inventory":null},"(2,0,4)":{"fields":{"worldedit_placeholder":"air"},"inventory":null},"(2,0,8)":{"fields":{"worldedit_placeholder":"air"},"inventory":null},"(2,1,0)":{"fields":{"worldedit_placeholder":"air"},"inventory":null},"(2,1,4)":{"fields":{"worldedit_placeholder":"air"},"inventory":null},"(2,1,8)":{"fields":{"worldedit_placeholder":"air"},"inventory":null},"(2,10,0)":{"fields":{"worldedit_placeholder":"air"},"inventory":null},"(2,10,4)":{"fields":{"worldedit_placeholder":"air"},"inventory":null},"(2,10,8)":{"fields":{"worldedit_placeholder":"air"},"inventory":null},"(2,11,0)":{"fields":{"worldedit_placeholder":"air"},"inventory":null},"(2,11,4)":{"fields":{"worldedit_placeholder":"air"},"inventory":null},"(2,11,8)":{"fields":{"worldedit_placeholder":"air"},"inventory":null},"(2,12,0)":{"fields":{"worldedit_placeholder":"air"},"inventory":null},"(2,12,4)":{"fields":{"worldedit_placeholder":"air"},"inventory":null},"(2,12,8)":{"fields":{"worldedit_placeholder":"air"},"inventory":null},"(2,13,0)":{"fields":{"worldedit_placeholder":"air"},"inventory":null},"(2,13,4)":{"fields":{"worldedit_placeholder":"air"},"inventory":null},"(2,13,8)":{"fields":{"worldedit_placeholder":"air"},"inventory":null},"(2,14,0)":{"fields":{"worldedit_placeholder":"air"},"inventory":null},"(2,14,4)":{"fields":{"worldedit_placeholder":"air"},"inventory":null},"(2,14,8)":{"fields":{"worldedit_placeholder":"air"},"inventory":null},"(2,15,0)":{"fields":{"worldedit_placeholder":"air"},"inventory":null},"(2,15,4)":{"fields":{"worldedit_placeholder":"air"},"inventory":null},"(2,15,8)":{"fields":{"worldedit_placeholder":"air"},"inventory":null},"(2,2,0)":{"fields":{"worldedit_placeholder":"air"},"inventory":null},"(2,2,4)":{"fields":{"worldedit_placeholder":"air"},"inventory":null},"(2,2,8)":{"fields":{"worldedit_placeholder":"air"},"inventory":null},"(2,3,0)":{"fields":{"worldedit_placeholder":"air"},"inventory":null},"(2,3,4)":{"fields":{"worldedit_placeholder":"air"},"inventory":null},"(2,3,8)":{"fields":{"worldedit_placeholder":"air"},"inventory":null},"(2,4,0)":{"fields":{"worldedit_placeholder":"air"},"inventory":null},"(2,4,4)":{"fields":{"worldedit_placeholder":"air"},"inventory":null},"(2,4,8)":{"fields":{"worldedit_placeholder":"air"},"inventory":null},"(2,5,0)":{"fields":{"worldedit_placeholder":"air"},"inventory":null},"(2,5,4)":{"fields":{"worldedit_placeholder":"air"},"inventory":null},"(2,5,8)":{"fields":{"worldedit_placeholder":"air"},"inventory":null},"(2,6,0)":{"fields":{"worldedit_placeholder":"air"},"inventory":null},"(2,6,4)":{"fields":{"worldedit_placeholder":"air"},"inventory":null},"(2,6,8)":{"fields":{"worldedit_placeholder":"air"},"inventory":null},"(2,7,0)":{"fields":{"worldedit_placeholder":"air"},"inventory":null},"(2,7,4)":{"fields":{"worldedit_placeholder":"air"},"inventory":null},"(2,7,8)":{"fields":{"worldedit_placeholder":"air"},"inventory":null},"(3,0,0)":{"fields":{"worldedit_placeholder":"air"},"inventory":null},"(3,0,4)":{"fields":{"worldedit_placeholder":"air"},"inventory":null},"(3,1,0)":{"fields":{"worldedit_placeholder":"air"},"inventory":null},"(3,1,4)":{"fields":{"worldedit_placeholder":"air"},"inventory":null},"(3,10,0)":{"fields":{"worldedit_placeholder":"air"},"inventory":null},"(3,10,4)":{"fields":{"worldedit_placeholder":"air"},"inventory":null},"(3,10,7)":{"fields":{"worldedit_placeholder":"air"},"inventory":null},"(3,11,0)":{"fields":{"worldedit_placeholder":"air"},"inventory":null},"(3,11,4)":{"fields":{"worldedit_placeholder":"air"},"inventory":null},"(3,12,0)":{"fields":{"worldedit_placeholder":"air"},"inventory":null},"(3,12,4)":{"fields":{"worldedit_placeholder":"air"},"inventory":null},"(3,13,0)":{"fields":{"worldedit_placeholder":"air"},"inventory":null},"(3,13,4)":{"fields":{"worldedit_placeholder":"air"},"inventory":null},"(3,14,0)":{"fields":{"worldedit_placeholder":"air"},"inventory":null},"(3,14,4)":{"fields":{"worldedit_placeholder":"air"},"inventory":null},"(3,15,0)":{"fields":{"worldedit_placeholder":"air"},"inventory":null},"(3,15,4)":{"fields":{"worldedit_placeholder":"air"},"inventory":null},"(3,2,0)":{"fields":{"worldedit_placeholder":"air"},"inventory":null},"(3,2,4)":{"fields":{"worldedit_placeholder":"air"},"inventory":null},"(3,3,0)":{"fields":{"worldedit_placeholder":"air"},"inventory":null},"(3,3,4)":{"fields":{"worldedit_placeholder":"air"},"inventory":null},"(3,4,0)":{"fields":{"worldedit_placeholder":"air"},"inventory":null},"(3,4,4)":{"fields":{"worldedit_placeholder":"air"},"inventory":null},"(3,5,0)":{"fields":{"worldedit_placeholder":"air"},"inventory":null},"(3,5,4)":{"fields":{"worldedit_placeholder":"air"},"inventory":null},"(3,6,0)":{"fields":{"worldedit_placeholder":"air"},"inventory":null},"(3,6,4)":{"fields":{"worldedit_placeholder":"air"},"inventory":null},"(3,7,0)":{"fields":{"worldedit_placeholder":"air"},"inventory":null},"(3,7,4)":{"fields":{"worldedit_placeholder":"air"},"inventory":null},"(4,0,0)":{"fields":{"worldedit_placeholder":"air"},"inventory":null},"(4,0,10)":{"fields":{"worldedit_placeholder":"air"},"inventory":null},"(4,0,4)":{"fields":{"worldedit_placeholder":"air"},"inventory":null},"(4,0,5)":{"fields":{"worldedit_placeholder":"air"},"inventory":null},"(4,0,6)":{"fields":{"worldedit_placeholder":"air"},"inventory":null},"(4,0,7)":{"fields":{"worldedit_placeholder":"air"},"inventory":null},"(4,0,8)":{"fields":{"worldedit_placeholder":"air"},"inventory":null},"(4,0,9)":{"fields":{"worldedit_placeholder":"air"},"inventory":null},"(4,1,0)":{"fields":{"worldedit_placeholder":"air"},"inventory":null},"(4,1,10)":{"fields":{"worldedit_placeholder":"air"},"inventory":null},"(4,1,4)":{"fields":{"worldedit_placeholder":"air"},"inventory":null},"(4,1,5)":{"fields":{"worldedit_placeholder":"air"},"inventory":null},"(4,1,6)":{"fields":{"worldedit_placeholder":"air"},"inventory":null},"(4,1,7)":{"fields":{"worldedit_placeholder":"air"},"inventory":null},"(4,1,8)":{"fields":{"worldedit_placeholder":"air"},"inventory":null},"(4,1,9)":{"fields":{"worldedit_placeholder":"air"},"inventory":null},"(4,10,0)":{"fields":{"worldedit_placeholder":"air"},"inventory":null},"(4,10,10)":{"fields":{"worldedit_placeholder":"air"},"inventory":null},"(4,10,5)":{"fields":{"worldedit_placeholder":"air"},"inventory":null},"(4,10,6)":{"fields":{"worldedit_placeholder":"air"},"inventory":null},"(4,10,7)":{"fields":{"worldedit_placeholder":"air"},"inventory":null},"(4,10,8)":{"fields":{"worldedit_placeholder":"air"},"inventory":null},"(4,10,9)":{"fields":{"worldedit_placeholder":"air"},"inventory":null},"(4,11,0)":{"fields":{"worldedit_placeholder":"air"},"inventory":null},"(4,11,10)":{"fields":{"worldedit_placeholder":"air"},"inventory":null},"(4,11,4)":{"fields":{"worldedit_placeholder":"air"},"inventory":null},"(4,11,5)":{"fields":{"worldedit_placeholder":"air"},"inventory":null},"(4,11,6)":{"fields":{"worldedit_placeholder":"air"},"inventory":null},"(4,11,7)":{"fields":{"worldedit_placeholder":"air"},"inventory":null},"(4,11,8)":{"fields":{"worldedit_placeholder":"air"},"inventory":null},"(4,11,9)":{"fields":{"worldedit_placeholder":"air"},"inventory":null},"(4,12,0)":{"fields":{"worldedit_placeholder":"air"},"inventory":null},"(4,12,10)":{"fields":{"worldedit_placeholder":"air"},"inventory":null},"(4,12,4)":{"fields":{"worldedit_placeholder":"air"},"inventory":null},"(4,12,5)":{"fields":{"worldedit_placeholder":"air"},"inventory":null},"(4,12,6)":{"fields":{"worldedit_placeholder":"air"},"inventory":null},"(4,12,7)":{"fields":{"worldedit_placeholder":"air"},"inventory":null},"(4,12,8)":{"fields":{"worldedit_placeholder":"air"},"inventory":null},"(4,12,9)":{"fields":{"worldedit_placeholder":"air"},"inventory":null},"(4,13,0)":{"fields":{"worldedit_placeholder":"air"},"inventory":null},"(4,13,10)":{"fields":{"worldedit_placeholder":"air"},"inventory":null},"(4,13,4)":{"fields":{"worldedit_placeholder":"air"},"inventory":null},"(4,13,5)":{"fields":{"worldedit_placeholder":"air"},"inventory":null},"(4,13,6)":{"fields":{"worldedit_placeholder":"air"},"inventory":null},"(4,13,7)":{"fields":{"worldedit_placeholder":"air"},"inventory":null},"(4,13,8)":{"fields":{"worldedit_placeholder":"air"},"inventory":null},"(4,13,9)":{"fields":{"worldedit_placeholder":"air"},"inventory":null},"(4,14,0)":{"fields":{"worldedit_placeholder":"air"},"inventory":null},"(4,14,10)":{"fields":{"worldedit_placeholder":"air"},"inventory":null},"(4,14,4)":{"fields":{"worldedit_placeholder":"air"},"inventory":null},"(4,14,5)":{"fields":{"worldedit_placeholder":"air"},"inventory":null},"(4,14,7)":{"fields":{"worldedit_placeholder":"air"},"inventory":null},"(4,14,9)":{"fields":{"worldedit_placeholder":"air"},"inventory":null},"(4,15,0)":{"fields":{"worldedit_placeholder":"air"},"inventory":null},"(4,15,10)":{"fields":{"worldedit_placeholder":"air"},"inventory":null},"(4,15,4)":{"fields":{"worldedit_placeholder":"air"},"inventory":null},"(4,2,0)":{"fields":{"worldedit_placeholder":"air"},"inventory":null},"(4,2,10)":{"fields":{"worldedit_placeholder":"air"},"inventory":null},"(4,2,4)":{"fields":{"worldedit_placeholder":"air"},"inventory":null},"(4,2,5)":{"fields":{"worldedit_placeholder":"air"},"inventory":null},"(4,2,6)":{"fields":{"worldedit_placeholder":"air"},"inventory":null},"(4,2,7)":{"fields":{"worldedit_placeholder":"air"},"inventory":null},"(4,2,8)":{"fields":{"worldedit_placeholder":"air"},"inventory":null},"(4,2,9)":{"fields":{"worldedit_placeholder":"air"},"inventory":null},"(4,3,0)":{"fields":{"worldedit_placeholder":"air"},"inventory":null},"(4,3,10)":{"fields":{"worldedit_placeholder":"air"},"inventory":null},"(4,3,4)":{"fields":{"worldedit_placeholder":"air"},"inventory":null},"(4,3,5)":{"fields":{"worldedit_placeholder":"air"},"inventory":null},"(4,3,6)":{"fields":{"worldedit_placeholder":"air"},"inventory":null},"(4,3,7)":{"fields":{"worldedit_placeholder":"air"},"inventory":null},"(4,3,8)":{"fields":{"worldedit_placeholder":"air"},"inventory":null},"(4,3,9)":{"fields":{"worldedit_placeholder":"air"},"inventory":null},"(4,4,0)":{"fields":{"worldedit_placeholder":"air"},"inventory":null},"(4,4,10)":{"fields":{"worldedit_placeholder":"air"},"inventory":null},"(4,4,4)":{"fields":{"worldedit_placeholder":"air"},"inventory":null},"(4,4,5)":{"fields":{"worldedit_placeholder":"air"},"inventory":null},"(4,4,6)":{"fields":{"worldedit_placeholder":"air"},"inventory":null},"(4,4,7)":{"fields":{"worldedit_placeholder":"air"},"inventory":null},"(4,4,8)":{"fields":{"worldedit_placeholder":"air"},"inventory":null},"(4,4,9)":{"fields":{"worldedit_placeholder":"air"},"inventory":null},"(4,5,0)":{"fields":{"worldedit_placeholder":"air"},"inventory":null},"(4,5,10)":{"fields":{"worldedit_placeholder":"air"},"inventory":null},"(4,5,4)":{"fields":{"worldedit_placeholder":"air"},"inventory":null},"(4,5,5)":{"fields":{"worldedit_placeholder":"air"},"inventory":null},"(4,5,7)":{"fields":{"worldedit_placeholder":"air"},"inventory":null},"(4,5,8)":{"fields":{"worldedit_placeholder":"air"},"inventory":null},"(4,5,9)":{"fields":{"worldedit_placeholder":"air"},"inventory":null},"(4,6,0)":{"fields":{"worldedit_placeholder":"air"},"inventory":null},"(4,6,10)":{"fields":{"worldedit_placeholder":"air"},"inventory":null},"(4,6,4)":{"fields":{"worldedit_placeholder":"air"},"inventory":null},"(4,6,5)":{"fields":{"worldedit_placeholder":"air"},"inventory":null},"(4,6,7)":{"fields":{"worldedit_placeholder":"air"},"inventory":null},"(4,6,8)":{"fields":{"worldedit_placeholder":"air"},"inventory":null},"(4,6,9)":{"fields":{"worldedit_placeholder":"air"},"inventory":null},"(4,7,0)":{"fields":{"worldedit_placeholder":"air"},"inventory":null},"(4,7,10)":{"fields":{"worldedit_placeholder":"air"},"inventory":null},"(4,7,4)":{"fields":{"worldedit_placeholder":"air"},"inventory":null},"(4,7,5)":{"fields":{"worldedit_placeholder":"air"},"inventory":null},"(4,7,6)":{"fields":{"worldedit_placeholder":"air"},"inventory":null},"(4,7,7)":{"fields":{"worldedit_placeholder":"air"},"inventory":null},"(4,7,8)":{"fields":{"worldedit_placeholder":"air"},"inventory":null},"(4,7,9)":{"fields":{"worldedit_placeholder":"air"},"inventory":null},"(5,0,4)":{"fields":{"worldedit_placeholder":"air"},"inventory":null},"(5,1,4)":{"fields":{"worldedit_placeholder":"air"},"inventory":null},"(5,10,4)":{"fields":{"worldedit_placeholder":"air"},"inventory":null},"(5,11,4)":{"fields":{"worldedit_placeholder":"air"},"inventory":null},"(5,12,4)":{"fields":{"worldedit_placeholder":"air"},"inventory":null},"(5,13,4)":{"fields":{"worldedit_placeholder":"air"},"inventory":null},"(5,14,4)":{"fields":{"worldedit_placeholder":"air"},"inventory":null},"(5,2,4)":{"fields":{"worldedit_placeholder":"air"},"inventory":null},"(5,3,4)":{"fields":{"worldedit_placeholder":"air"},"inventory":null},"(5,3,7)":{"fields":{"worldedit_placeholder":"air"},"inventory":null},"(5,4,4)":{"fields":{"worldedit_placeholder":"air"},"inventory":null},"(5,5,4)":{"fields":{"worldedit_placeholder":"air"},"inventory":null},"(5,6,4)":{"fields":{"worldedit_placeholder":"air"},"inventory":null},"(5,7,4)":{"fields":{"worldedit_placeholder":"air"},"inventory":null},"(6,0,4)":{"fields":{"worldedit_placeholder":"air"},"inventory":null},"(6,1,4)":{"fields":{"worldedit_placeholder":"air"},"inventory":null},"(6,10,4)":{"fields":{"worldedit_placeholder":"air"},"inventory":null},"(6,11,4)":{"fields":{"worldedit_placeholder":"air"},"inventory":null},"(6,12,4)":{"fields":{"worldedit_placeholder":"air"},"inventory":null},"(6,13,4)":{"fields":{"worldedit_placeholder":"air"},"inventory":null},"(6,2,4)":{"fields":{"worldedit_placeholder":"air"},"inventory":null},"(6,3,4)":{"fields":{"worldedit_placeholder":"air"},"inventory":null},"(6,3,7)":{"fields":{"worldedit_placeholder":"air"},"inventory":null},"(6,4,4)":{"fields":{"worldedit_placeholder":"air"},"inventory":null},"(6,5,4)":{"fields":{"worldedit_placeholder":"air"},"inventory":null},"(6,6,4)":{"fields":{"worldedit_placeholder":"air"},"inventory":null},"(6,7,4)":{"fields":{"worldedit_placeholder":"air"},"inventory":null},"(7,0,4)":{"fields":{"worldedit_placeholder":"air"},"inventory":null},"(7,1,4)":{"fields":{"worldedit_placeholder":"air"},"inventory":null},"(7,10,4)":{"fields":{"worldedit_placeholder":"air"},"inventory":null},"(7,11,4)":{"fields":{"worldedit_placeholder":"air"},"inventory":null},"(7,12,4)":{"fields":{"worldedit_placeholder":"air"},"inventory":null},"(7,13,4)":{"fields":{"worldedit_placeholder":"air"},"inventory":null},"(7,14,4)":{"fields":{"worldedit_placeholder":"air"},"inventory":null},"(7,2,4)":{"fields":{"worldedit_placeholder":"air"},"inventory":null},"(7,3,4)":{"fields":{"worldedit_placeholder":"air"},"inventory":null},"(7,3,7)":{"fields":{"worldedit_placeholder":"air"},"inventory":null},"(7,4,4)":{"fields":{"worldedit_placeholder":"air"},"inventory":null},"(7,4,7)":{"fields":{"worldedit_placeholder":"air"},"inventory":null},"(7,5,4)":{"fields":{"worldedit_placeholder":"air"},"inventory":null},"(7,6,4)":{"fields":{"worldedit_placeholder":"air"},"inventory":null},"(7,7,4)":{"fields":{"worldedit_placeholder":"air"},"inventory":null},"(8,0,0)":{"fields":{"worldedit_placeholder":"air"},"inventory":null},"(8,0,4)":{"fields":{"worldedit_placeholder":"air"},"inventory":null},"(8,1,0)":{"fields":{"worldedit_placeholder":"air"},"inventory":null},"(8,1,4)":{"fields":{"worldedit_placeholder":"air"},"inventory":null},"(8,10,0)":{"fields":{"worldedit_placeholder":"air"},"inventory":null},"(8,10,4)":{"fields":{"worldedit_placeholder":"air"},"inventory":null},"(8,11,0)":{"fields":{"worldedit_placeholder":"air"},"inventory":null},"(8,11,4)":{"fields":{"worldedit_placeholder":"air"},"inventory":null},"(8,12,0)":{"fields":{"worldedit_placeholder":"air"},"inventory":null},"(8,12,4)":{"fields":{"worldedit_placeholder":"air"},"inventory":null},"(8,13,0)":{"fields":{"worldedit_placeholder":"air"},"inventory":null},"(8,13,4)":{"fields":{"worldedit_placeholder":"air"},"inventory":null},"(8,14,0)":{"fields":{"worldedit_placeholder":"air"},"inventory":null},"(8,14,4)":{"fields":{"worldedit_placeholder":"air"},"inventory":null},"(8,15,0)":{"fields":{"worldedit_placeholder":"air"},"inventory":null},"(8,2,0)":{"fields":{"worldedit_placeholder":"air"},"inventory":null},"(8,2,4)":{"fields":{"worldedit_placeholder":"air"},"inventory":null},"(8,3,0)":{"fields":{"worldedit_placeholder":"air"},"inventory":null},"(8,3,4)":{"fields":{"worldedit_placeholder":"air"},"inventory":null},"(8,4,0)":{"fields":{"worldedit_placeholder":"air"},"inventory":null},"(8,4,4)":{"fields":{"worldedit_placeholder":"air"},"inventory":null},"(8,4,7)":{"fields":{"worldedit_placeholder":"air"},"inventory":null},"(8,5,0)":{"fields":{"worldedit_placeholder":"air"},"inventory":null},"(8,5,4)":{"fields":{"worldedit_placeholder":"air"},"inventory":null},"(8,5,7)":{"fields":{"worldedit_placeholder":"air"},"inventory":null},"(8,6,0)":{"fields":{"worldedit_placeholder":"air"},"inventory":null},"(8,6,4)":{"fields":{"worldedit_placeholder":"air"},"inventory":null},"(8,7,0)":{"fields":{"worldedit_placeholder":"air"},"inventory":null},"(8,7,4)":{"fields":{"worldedit_placeholder":"air"},"inventory":null},"(9,0,0)":{"fields":{"worldedit_placeholder":"air"},"inventory":null},"(9,0,4)":{"fields":{"worldedit_placeholder":"air"},"inventory":null},"(9,1,0)":{"fields":{"worldedit_placeholder":"air"},"inventory":null},"(9,1,4)":{"fields":{"worldedit_placeholder":"air"},"inventory":null},"(9,10,0)":{"fields":{"worldedit_placeholder":"air"},"inventory":null},"(9,10,4)":{"fields":{"worldedit_placeholder":"air"},"inventory":null},"(9,11,0)":{"fields":{"worldedit_placeholder":"air"},"inventory":null},"(9,11,4)":{"fields":{"worldedit_placeholder":"air"},"inventory":null},"(9,12,0)":{"fields":{"worldedit_placeholder":"air"},"inventory":null},"(9,12,4)":{"fields":{"worldedit_placeholder":"air"},"inventory":null},"(9,13,0)":{"fields":{"worldedit_placeholder":"air"},"inventory":null},"(9,13,4)":{"fields":{"worldedit_placeholder":"air"},"inventory":null},"(9,14,0)":{"fields":{"worldedit_placeholder":"air"},"inventory":null},"(9,15,0)":{"fields":{"worldedit_placeholder":"air"},"inventory":null},"(9,2,0)":{"fields":{"worldedit_placeholder":"air"},"inventory":null},"(9,2,4)":{"fields":{"worldedit_placeholder":"air"},"inventory":null},"(9,3,0)":{"fields":{"worldedit_placeholder":"air"},"inventory":null},"(9,3,4)":{"fields":{"worldedit_placeholder":"air"},"inventory":null},"(9,4,0)":{"fields":{"worldedit_placeholder":"air"},"inventory":null},"(9,4,4)":{"fields":{"worldedit_placeholder":"air"},"inventory":null},"(9,5,0)":{"fields":{"worldedit_placeholder":"air"},"inventory":null},"(9,5,4)":{"fields":{"worldedit_placeholder":"air"},"inventory":null},"(9,5,7)":{"fields":{"worldedit_placeholder":"air"},"inventory":null},"(9,6,0)":{"fields":{"worldedit_placeholder":"air"},"inventory":null},"(9,6,4)":{"fields":{"worldedit_placeholder":"air"},"inventory":null},"(9,6,7)":{"fields":{"worldedit_placeholder":"air"},"inventory":null},"(9,7,0)":{"fields":{"worldedit_placeholder":"air"},"inventory":null},"(9,7,4)":{"fields":{"worldedit_placeholder":"air"},"inventory":null}}},"node_mapping":{"air":126.0,"hightech:dark":394.0,"hightech:dark_stripe_bottom_autoconnect_0000":409.0,"hightech:door_a":440.0,"hightech:glass":400.0,"stairs:stair_hightech_dark":395.0,"stairs:stair_inner_glass":312.0}}