{"metadata":{"meta":{"(0,0,0)":{"fields":{"worldedit_placeholder":"air"},"inventory":null},"(0,0,4)":{"fields":{"worldedit_placeholder":"air"},"inventory":null},"(0,1,0)":{"fields":{"worldedit_placeholder":"air"},"inventory":null},"(0,1,4)":{"fields":{"worldedit_placeholder":"air"},"inventory":null},"(0,10,0)":{"fields":{"worldedit_placeholder":"air"},"inventory":null},"(0,10,4)":{"fields":{"worldedit_placeholder":"air"},"inventory":null},"(0,11,0)":{"fields":{"worldedit_placeholder":"air"},"inventory":null},"(0,11,4)":{"fields":{"worldedit_placeholder":"air"},"inventory":null},"(0,12,0)":{"fields":{"worldedit_placeholder":"air"},"inventory":null},"(0,12,4)":{"fields":{"worldedit_placeholder":"air"},"inventory":null},"(0,13,0)":{"fields":{"worldedit_placeholder":"air"},"inventory":null},"(0,13,4)":{"fields":{"worldedit_placeholder":"air"},"inventory":null},"(0,14,0)":{"fields":{"worldedit_placeholder":"air"},"inventory":null},"(0,14,4)":{"fields":{"worldedit_placeholder":"air"},"inventory":null},"(0,15,0)":{"fields":{"worldedit_placeholder":"air"},"inventory":null},"(0,15,4)":{"fields":{"worldedit_placeholder":"air"},"inventory":null},"(0,2,0)":{"fields":{"worldedit_placeholder":"air"},"inventory":null},"(0,2,4)":{"fields":{"worldedit_placeholder":"air"},"inventory":null},"(0,3,0)":{"fields":{"worldedit_placeholder":"air"},"inventory":null},"(0,3,4)":{"fields":{"worldedit_placeholder":"air"},"inventory":null},"(0,4,0)":{"fields":{"worldedit_placeholder":"air"},"inventory":null},"(0,4,4)":{"fields":{"worldedit_placeholder":"air"},"inventory":null},"(0,5,0)":{"fields":{"worldedit_placeholder":"air"},"inventory":null},"(0,5,4)":{"fields":{"worldedit_placeholder":"air"},"inventory":null},"(0,6,0)":{"fields":{"worldedit_placeholder":"air"},"inventory":null},"(0,6,4)":{"fields":{"worldedit_placeholder":"air"},"inventory":null},"(0,7,0)":{"fields":{"worldedit_placeholder":"air"},"inventory":null},"(0,7,4)":{"fields":{"worldedit_placeholder":"air"},"inventory":null},"(1,0,0)":{"fields":{"worldedit_placeholder":"air"},"inventory":null},"(1,0,4)":{"fields":{"worldedit_placeholder":"air"},"inventory":null},"(1,1,0)":{"fields":{"worldedit_placeholder":"air"},"inventory":null},"(1,1,4)":{"fields":{"worldedit_placeholder":"air"},"inventory":null},"(1,10,0)":{"fields":{"worldedit_placeholder":"air"},"inventory":null},"(1,10,4)":{"fields":{"worldedit_placeholder":"air"},"inventory":null},"(1,11,0)":{"fields":{"worldedit_placeholder":"air"},"inventory":null},"(1,11,4)":{"fields":{"worldedit_placeholder":"air"},"inventory":null},"(1,12,0)":{"fields":{"worldedit_placeholder":"air"},"inventory":null},"(1,12,4)":{"fields":{"worldedit_placeholder":"air"},"inventory":null},"(1,13,0)":{"fields":{"worldedit_placeholder":"air"},"inventory":null},"(1,13,4)":{"fields":{"worldedit_placeholder":"air"},"inventory":null},"(1,14,0)":{"fields":{"worldedit_placeholder":"air"},"inventory":null},"(1,14,4)":{"fields":{"worldedit_placeholder":"air"},"inventory":null},"(1,15,0)":{"fields":{"worldedit_placeholder":"air"},"inventory":null},"(1,15,4)":{"fields":{"worldedit_placeholder":"air"},"inventory":null},"(1,2,0)":{"fields":{"worldedit_placeholder":"air"},"inventory":null},"(1,2,4)":{"fields":{"worldedit_placeholder":"air"},"inventory":null},"(1,3,0)":{"fields":{"worldedit_placeholder":"air"},"inventory":null},"(1,3,4)":{"fields":{"worldedit_placeholder":"air"},"inventory":null},"(1,4,0)":{"fields":{"worldedit_placeholder":"air"},"inventory":null},"(1,4,4)":{"fields":{"worldedit_placeholder":"air"},"inventory":null},"(1,5,0)":{"fields":{"worldedit_placeholder":"air"},"inventory":null},"(1,5,4)":{"fields":{"worldedit_placeholder":"air"},"inventory":null},"(1,6,0)":{"fields":{"worldedit_placeholder":"air"},"inventory":null},"(1,6,4)":{"fields":{"worldedit_placeholder":"air"},"inventory":null},"(1,7,0)":{"fields":{"worldedit_placeholder":"air"},"inventory":null},"(1,7,4)":{"fields":{"worldedit_placeholder":"air"},"inventory":null},"(2,0,0)":{"fields":{"worldedit_placeholder":"air"},"inventory":null},"(2,0,4)":{"fields":{"worldedit_placeholder":"air"},"inventory":null},"(2,1,0)":{"fields":{"worldedit_placeholder":"air"},"inventory":null},"(2,1,4)":{"fields":{"worldedit_placeholder":"air"},"inventory":null},"(2,10,0)":{"fields":{"worldedit_placeholder":"air"},"inventory":null},"(2,11,0)":{"fields":{"worldedit_placeholder":"air"},"inventory":null},"(2,11,4)":{"fields":{"worldedit_placeholder":"air"},"inventory":null},"(2,12,0)":{"fields":{"worldedit_placeholder":"air"},"inventory":null},"(2,12,4)":{"fields":{"worldedit_placeholder":"air"},"inventory":null},"(2,13,0)":{"fields":{"worldedit_placeholder":"air"},"inventory":null},"(2,13,4)":{"fields":{"worldedit_placeholder":"air"},"inventory":null},"(2,14,0)":{"fields":{"worldedit_placeholder":"air"},"inventory":null},"(2,14,4)":{"fields":{"worldedit_placeholder":"air"},"inventory":null},"(2,15,0)":{"fields":{"worldedit_placeholder":"air"},"inventory":null},"(2,15,4)":{"fields":{"worldedit_placeholder":"air"},"inventory":null},"(2,2,0)":{"fields":{"worldedit_placeholder":"air"},"inventory":null},"(2,2,4)":{"fields":{"worldedit_placeholder":"air"},"inventory":null},"(2,3,0)":{"fields":{"worldedit_placeholder":"air"},"inventory":null},"(2,3,4)":{"fields":{"worldedit_placeholder":"air"},"inventory":null},"(2,4,0)":{"fields":{"worldedit_placeholder":"air"},"inventory":null},"(2,4,4)":{"fields":{"worldedit_placeholder":"air"},"inventory":null},"(2,5,0)":{"fields":{"worldedit_placeholder":"air"},"inventory":null},"(2,5,4)":{"fields":{"worldedit_placeholder":"air"},"inventory":null},"(2,6,0)":{"fields":{"worldedit_placeholder":"air"},"inventory":null},"(2,6,4)":{"fields":{"worldedit_placeholder":"air"},"inventory":null},"(2,7,0)":{"fields":{"worldedit_placeholder":"air"},"inventory":null},"(2,7,4)":{"fields":{"worldedit_placeholder":"air"},"inventory":null},"(3,0,0)":{"fields":{"worldedit_placeholder":"air"},"inventory":null},"(3,0,4)":{"fields":{"worldedit_placeholder":"air"},"inventory":null},"(3,1,0)":{"fields":{"worldedit_placeholder":"air"},"inventory":null},"(3,1,4)":{"fields":{"worldedit_placeholder":"air"},"inventory":null},"(3,10,4)":{"fields":{"worldedit_placeholder":"air"},"inventory":null},"(3,11,0)":{"fields":{"worldedit_placeholder":"air"},"inventory":null},"(3,11,4)":{"fields":{"worldedit_placeholder":"air"},"inventory":null},"(3,12,0)":{"fields":{"worldedit_placeholder":"air"},"inventory":null},"(3,12,4)":{"fields":{"worldedit_placeholder":"air"},"inventory":null},"(3,13,0)":{"fields":{"worldedit_placeholder":"air"},"inventory":null},"(3,13,4)":{"fields":{"worldedit_placeholder":"air"},"inventory":null},"(3,14,0)":{"fields":{"worldedit_placeholder":"air"},"inventory":null},"(3,14,4)":{"fields":{"worldedit_placeholder":"air"},"inventory":null},"(3,15,0)":{"fields":{"worldedit_placeholder":"air"},"inventory":null},"(3,15,4)":{"fields":{"worldedit_placeholder":"air"},"inventory":null},"(3,2,0)":{"fields":{"worldedit_placeholder":"air"},"inventory":null},"(3,2,4)":{"fields":{"worldedit_placeholder":"air"},"inventory":null},"(3,3,0)":{"fields":{"worldedit_placeholder":"air"},"inventory":null},"(3,3,4)":{"fields":{"worldedit_placeholder":"air"},"inventory":null},"(3,4,0)":{"fields":{"worldedit_placeholder":"air"},"inventory":null},"(3,4,4)":{"fields":{"worldedit_placeholder":"air"},"inventory":null},"(3,5,0)":{"fields":{"worldedit_placeholder":"air"},"inventory":null},"(3,5,4)":{"fields":{"worldedit_placeholder":"air"},"inventory":null},"(3,6,0)":{"fields":{"worldedit_placeholder":"air"},"inventory":null},"(3,6,4)":{"fields":{"worldedit_placeholder":"air"},"inventory":null},"(3,7,0)":{"fields":{"worldedit_placeholder":"air"},"inventory":null},"(3,7,4)":{"fields":{"worldedit_placeholder":"air"},"inventory":null},"(4,0,0)":{"fields":{"worldedit_placeholder":"air"},"inventory":null},"(4,0,4)":{"fields":{"worldedit_placeholder":"air"},"inventory":null},"(4,1,0)":{"fields":{"worldedit_placeholder":"air"},"inventory":null},"(4,1,4)":{"fields":{"worldedit_placeholder":"air"},"inventory":null},"(4,10,0)":{"fields":{"worldedit_placeholder":"air"},"inventory":null},"(4,10,4)":{"fields":{"worldedit_placeholder":"air"},"inventory":null},"(4,11,0)":{"fields":{"worldedit_placeholder":"air"},"inventory":null},"(4,11,4)":{"fields":{"worldedit_placeholder":"air"},"inventory":null},"(4,12,0)":{"fields":{"worldedit_placeholder":"air"},"inventory":null},"(4,12,4)":{"fields":{"worldedit_placeholder":"air"},"inventory":null},"(4,13,0)":{"fields":{"worldedit_placeholder":"air"},"inventory":null},"(4,13,4)":{"fields":{"worldedit_placeholder":"air"},"inventory":null},"(4,14,0)":{"fields":{"worldedit_placeholder":"air"},"inventory":null},"(4,14,4)":{"fields":{"worldedit_placeholder":"air"},"inventory":null},"(4,15,0)":{"fields":{"worldedit_placeholder":"air"},"inventory":null},"(4,15,4)":{"fields":{"worldedit_placeholder":"air"},"inventory":null},"(4,2,0)":{"fields":{"worldedit_placeholder":"air"},"inventory":null},"(4,2,4)":{"fields":{"worldedit_placeholder":"air"},"inventory":null},"(4,3,0)":{"fields":{"worldedit_placeholder":"air"},"inventory":null},"(4,3,4)":{"fields":{"worldedit_placeholder":"air"},"inventory":null},"(4,4,0)":{"fields":{"worldedit_placeholder":"air"},"inventory":null},"(4,4,4)":{"fields":{"worldedit_placeholder":"air"},"inventory":null},"(4,5,0)":{"fields":{"worldedit_placeholder":"air"},"inventory":null},"(4,5,4)":{"fields":{"worldedit_placeholder":"air"},"inventory":null},"(4,6,0)":{"fields":{"worldedit_placeholder":"air"},"inventory":null},"(4,6,4)":{"fields":{"worldedit_placeholder":"air"},"inventory":null},"(4,7,0)":{"fields":{"worldedit_placeholder":"air"},"inventory":null},"(4,7,4)":{"fields":{"worldedit_placeholder":"air"},"inventory":null},"(5,0,0)":{"fields":{"worldedit_placeholder":"air"},"inventory":null},"(5,0,4)":{"fields":{"worldedit_placeholder":"air"},"inventory":null},"(5,1,0)":{"fields":{"worldedit_placeholder":"air"},"inventory":null},"(5,1,4)":{"fields":{"worldedit_placeholder":"air"},"inventory":null},"(5,10,0)":{"fields":{"worldedit_placeholder":"air"},"inventory":null},"(5,10,4)":{"fields":{"worldedit_placeholder":"air"},"inventory":null},"(5,11,0)":{"fields":{"worldedit_placeholder":"air"},"inventory":null},"(5,11,4)":{"fields":{"worldedit_placeholder":"air"},"inventory":null},"(5,12,0)":{"fields":{"worldedit_placeholder":"air"},"inventory":null},"(5,12,4)":{"fields":{"worldedit_placeholder":"air"},"inventory":null},"(5,13,0)":{"fields":{"worldedit_placeholder":"air"},"inventory":null},"(5,13,4)":{"fields":{"worldedit_placeholder":"air"},"inventory":null},"(5,14,0)":{"fields":{"worldedit_placeholder":"air"},"inventory":null},"(5,14,4)":{"fields":{"worldedit_placeholder":"air"},"inventory":null},"(5,15,0)":{"fields":{"worldedit_placeholder":"air"},"inventory":null},"(5,15,4)":{"fields":{"worldedit_placeholder":"air"},"inventory":null},"(5,2,0)":{"fields":{"worldedit_placeholder":"air"},"inventory":null},"(5,2,4)":{"fields":{"worldedit_placeholder":"air"},"inventory":null},"(5,3,0)":{"fields":{"worldedit_placeholder":"air"},"inventory":null},"(5,3,4)":{"fields":{"worldedit_placeholder":"air"},"inventory":null},"(5,4,0)":{"fields":{"worldedit_placeholder":"air"},"inventory":null},"(5,4,4)":{"fields":{"worldedit_placeholder":"air"},"inventory":null},"(5,5,0)":{"fields":{"worldedit_placeholder":"air"},"inventory":null},"(5,5,4)":{"fields":{"worldedit_placeholder":"air"},"inventory":null},"(5,6,0)":{"fields":{"worldedit_placeholder":"air"},"inventory":null},"(5,6,4)":{"fields":{"worldedit_placeholder":"air"},"inventory":null},"(5,7,0)":{"fields":{"worldedit_placeholder":"air"},"inventory":null},"(5,7,4)":{"fields":{"worldedit_placeholder":"air"},"inventory":null},"(6,0,0)":{"fields":{"worldedit_placeholder":"air"},"inventory":null},"(6,0,4)":{"fields":{"worldedit_placeholder":"air"},"inventory":null},"(6,1,0)":{"fields":{"worldedit_placeholder":"air"},"inventory":null},"(6,1,4)":{"fields":{"worldedit_placeholder":"air"},"inventory":null},"(6,10,0)":{"fields":{"worldedit_placeholder":"air"},"inventory":null},"(6,10,4)":{"fields":{"worldedit_placeholder":"air"},"inventory":null},"(6,11,0)":{"fields":{"worldedit_placeholder":"air"},"inventory":null},"(6,11,4)":{"fields":{"worldedit_placeholder":"air"},"inventory":null},"(6,12,0)":{"fields":{"worldedit_placeholder":"air"},"inventory":null},"(6,12,4)":{"fields":{"worldedit_placeholder":"air"},"inventory":null},"(6,13,0)":{"fields":{"worldedit_placeholder":"air"},"inventory":null},"(6,13,4)":{"fields":{"worldedit_placeholder":"air"},"inventory":null},"(6,14,0)":{"fields":{"worldedit_placeholder":"air"},"inventory":null},"(6,14,4)":{"fields":{"worldedit_placeholder":"air"},"inventory":null},"(6,15,0)":{"fields":{"worldedit_placeholder":"air"},"inventory":null},"(6,15,4)":{"fields":{"worldedit_placeholder":"air"},"inventory":null},"(6,2,0)":{"fields":{"worldedit_placeholder":"air"},"inventory":null},"(6,2,4)":{"fields":{"worldedit_placeholder":"air"},"inventory":null},"(6,3,0)":{"fields":{"worldedit_placeholder":"air"},"inventory":null},"(6,3,4)":{"fields":{"worldedit_placeholder":"air"},"inventory":null},"(6,4,0)":{"fields":{"worldedit_placeholder":"air"},"inventory":null},"(6,4,4)":{"fields":{"worldedit_placeholder":"air"},"inventory":null},"(6,5,0)":{"fields":{"worldedit_placeholder":"air"},"inventory":null},"(6,5,4)":{"fields":{"worldedit_placeholder":"air"},"inventory":null},"(6,6,0)":{"fields":{"worldedit_placeholder":"air"},"inventory":null},"(6,6,4)":{"fields":{"worldedit_placeholder":"air"},"inventory":null},"(6,7,0)":{"fields":{"worldedit_placeholder":"air"},"inventory":null},"(6,7,4)":{"fields":{"worldedit_placeholder":"air"},"inventory":null},"(7,0,0)":{"fields":{"worldedit_placeholder":"air"},"inventory":null},"(7,0,4)":{"fields":{"worldedit_placeholder":"air"},"inventory":null},"(7,1,0)":{"fields":{"worldedit_placeholder":"air"},"inventory":null},"(7,1,4)":{"fields":{"worldedit_placeholder":"air"},"inventory":null},"(7,10,0)":{"fields":{"worldedit_placeholder":"air"},"inventory":null},"(7,11,0)":{"fields":{"worldedit_placeholder":"air"},"inventory":null},"(7,11,4)":{"fields":{"worldedit_placeholder":"air"},"inventory":null},"(7,12,0)":{"fields":{"worldedit_placeholder":"air"},"inventory":null},"(7,12,4)":{"fields":{"worldedit_placeholder":"air"},"inventory":null},"(7,13,0)":{"fields":{"worldedit_placeholder":"air"},"inventory":null},"(7,13,4)":{"fields":{"worldedit_placeholder":"air"},"inventory":null},"(7,14,0)":{"fields":{"worldedit_placeholder":"air"},"inventory":null},"(7,14,4)":{"fields":{"worldedit_placeholder":"air"},"inventory":null},"(7,15,0)":{"fields":{"worldedit_placeholder":"air"},"inventory":null},"(7,15,4)":{"fields":{"worldedit_placeholder":"air"},"inventory":null},"(7,2,0)":{"fields":{"worldedit_placeholder":"air"},"inventory":null},"(7,2,4)":{"fields":{"worldedit_placeholder":"air"},"inventory":null},"(7,3,0)":{"fields":{"worldedit_placeholder":"air"},"inventory":null},"(7,3,4)":{"fields":{"worldedit_placeholder":"air"},"inventory":null},"(7,4,0)":{"fields":{"worldedit_placeholder":"air"},"inventory":null},"(7,4,4)":{"fields":{"worldedit_placeholder":"air"},"inventory":null},"(7,5,0)":{"fields":{"worldedit_placeholder":"air"},"inventory":null},"(7,5,4)":{"fields":{"worldedit_placeholder":"air"},"inventory":null},"(7,6,0)":{"fields":{"worldedit_placeholder":"air"},"inventory":null},"(7,6,4)":{"fields":{"worldedit_placeholder":"air"},"inventory":null},"(7,7,0)":{"fields":{"worldedit_placeholder":"air"},"inventory":null},"(7,7,4)":{"fields":{"worldedit_placeholder":"air"},"inventory":null}}},"node_mapping":{"air":126.0,"hightech:dark":394.0,"hightech:dark_stripe_bottom_autoconnect_0000":409.0,"stairs:stair_inner_glass":312.0}}