{"metadata":{"meta":{"(0,0,0)":{"fields":{"worldedit_placeholder":"air"},"inventory":null},"(0,0,1)":{"fields":{"worldedit_placeholder":"air"},"inventory":null},"(0,0,10)":{"fields":{"worldedit_placeholder":"air"},"inventory":null},"(0,0,11)":{"fields":{"worldedit_placeholder":"air"},"inventory":null},"(0,0,12)":{"fields":{"worldedit_placeholder":"air"},"inventory":null},"(0,0,2)":{"fields":{"worldedit_placeholder":"air"},"inventory":null},"(0,0,3)":{"fields":{"worldedit_placeholder":"air"},"inventory":null},"(0,0,4)":{"fields":{"worldedit_placeholder":"air"},"inventory":null},"(0,0,5)":{"fields":{"worldedit_placeholder":"air"},"inventory":null},"(0,0,6)":{"fields":{"worldedit_placeholder":"air"},"inventory":null},"(0,0,7)":{"fields":{"worldedit_placeholder":"air"},"inventory":null},"(0,0,8)":{"fields":{"worldedit_placeholder":"air"},"inventory":null},"(0,0,9)":{"fields":{"worldedit_placeholder":"air"},"inventory":null},"(0,1,0)":{"fields":{"worldedit_placeholder":"air"},"inventory":null},"(0,1,1)":{"fields":{"worldedit_placeholder":"air"},"inventory":null},"(0,1,10)":{"fields":{"worldedit_placeholder":"air"},"inventory":null},"(0,1,11)":{"fields":{"worldedit_placeholder":"air"},"inventory":null},"(0,1,12)":{"fields":{"worldedit_placeholder":"air"},"inventory":null},"(0,1,2)":{"fields":{"worldedit_placeholder":"air"},"inventory":null},"(0,1,3)":{"fields":{"worldedit_placeholder":"air"},"inventory":null},"(0,1,4)":{"fields":{"worldedit_placeholder":"air"},"inventory":null},"(0,1,5)":{"fields":{"worldedit_placeholder":"air"},"inventory":null},"(0,1,6)":{"fields":{"worldedit_placeholder":"air"},"inventory":null},"(0,1,7)":{"fields":{"worldedit_placeholder":"air"},"inventory":null},"(0,1,8)":{"fields":{"worldedit_placeholder":"air"},"inventory":null},"(0,1,9)":{"fields":{"worldedit_placeholder":"air"},"inventory":null},"(0,2,0)":{"fields":{"worldedit_placeholder":"air"},"inventory":null},"(0,2,1)":{"fields":{"worldedit_placeholder":"air"},"inventory":null},"(0,2,10)":{"fields":{"worldedit_placeholder":"air"},"inventory":null},"(0,2,11)":{"fields":{"worldedit_placeholder":"air"},"inventory":null},"(0,2,12)":{"fields":{"worldedit_placeholder":"air"},"inventory":null},"(0,2,2)":{"fields":{"worldedit_placeholder":"air"},"inventory":null},"(0,2,3)":{"fields":{"worldedit_placeholder":"air"},"inventory":null},"(0,2,4)":{"fields":{"worldedit_placeholder":"air"},"inventory":null},"(0,2,5)":{"fields":{"worldedit_placeholder":"air"},"inventory":null},"(0,2,6)":{"fields":{"worldedit_placeholder":"air"},"inventory":null},"(0,2,7)":{"fields":{"worldedit_placeholder":"air"},"inventory":null},"(0,2,8)":{"fields":{"worldedit_placeholder":"air"},"inventory":null},"(0,2,9)":{"fields":{"worldedit_placeholder":"air"},"inventory":null},"(4,0,0)":{"fields":{"worldedit_placeholder":"air"},"inventory":null},"(4,0,1)":{"fields":{"worldedit_placeholder":"air"},"inventory":null},"(4,0,10)":{"fields":{"worldedit_placeholder":"air"},"inventory":null},"(4,0,11)":{"fields":{"worldedit_placeholder":"air"},"inventory":null},"(4,0,12)":{"fields":{"worldedit_placeholder":"air"},"inventory":null},"(4,0,13)":{"fields":{"worldedit_placeholder":"air"},"inventory":null},"(4,0,14)":{"fields":{"worldedit_placeholder":"air"},"inventory":null},"(4,0,15)":{"fields":{"worldedit_placeholder":"air"},"inventory":null},"(4,0,2)":{"fields":{"worldedit_placeholder":"air"},"inventory":null},"(4,0,3)":{"fields":{"worldedit_placeholder":"air"},"inventory":null},"(4,0,4)":{"fields":{"worldedit_placeholder":"air"},"inventory":null},"(4,0,5)":{"fields":{"worldedit_placeholder":"air"},"inventory":null},"(4,0,6)":{"fields":{"worldedit_placeholder":"air"},"inventory":null},"(4,0,7)":{"fields":{"worldedit_placeholder":"air"},"inventory":null},"(4,0,8)":{"fields":{"worldedit_placeholder":"air"},"inventory":null},"(4,0,9)":{"fields":{"worldedit_placeholder":"air"},"inventory":null},"(4,1,0)":{"fields":{"worldedit_placeholder":"air"},"inventory":null},"(4,1,1)":{"fields":{"worldedit_placeholder":"air"},"inventory":null},"(4,1,10)":{"fields":{"worldedit_placeholder":"air"},"inventory":null},"(4,1,11)":{"fields":{"worldedit_placeholder":"air"},"inventory":null},"(4,1,12)":{"fields":{"worldedit_placeholder":"air"},"inventory":null},"(4,1,13)":{"fields":{"worldedit_placeholder":"air"},"inventory":null},"(4,1,14)":{"fields":{"worldedit_placeholder":"air"},"inventory":null},"(4,1,15)":{"fields":{"worldedit_placeholder":"air"},"inventory":null},"(4,1,2)":{"fields":{"worldedit_placeholder":"air"},"inventory":null},"(4,1,3)":{"fields":{"worldedit_placeholder":"air"},"inventory":null},"(4,1,4)":{"fields":{"worldedit_placeholder":"air"},"inventory":null},"(4,1,5)":{"fields":{"worldedit_placeholder":"air"},"inventory":null},"(4,1,6)":{"fields":{"worldedit_placeholder":"air"},"inventory":null},"(4,1,7)":{"fields":{"worldedit_placeholder":"air"},"inventory":null},"(4,1,8)":{"fields":{"worldedit_placeholder":"air"},"inventory":null},"(4,1,9)":{"fields":{"worldedit_placeholder":"air"},"inventory":null},"(4,2,0)":{"fields":{"worldedit_placeholder":"air"},"inventory":null},"(4,2,1)":{"fields":{"worldedit_placeholder":"air"},"inventory":null},"(4,2,10)":{"fields":{"worldedit_placeholder":"air"},"inventory":null},"(4,2,11)":{"fields":{"worldedit_placeholder":"air"},"inventory":null},"(4,2,12)":{"fields":{"worldedit_placeholder":"air"},"inventory":null},"(4,2,13)":{"fields":{"worldedit_placeholder":"air"},"inventory":null},"(4,2,14)":{"fields":{"worldedit_placeholder":"air"},"inventory":null},"(4,2,15)":{"fields":{"worldedit_placeholder":"air"},"inventory":null},"(4,2,2)":{"fields":{"worldedit_placeholder":"air"},"inventory":null},"(4,2,3)":{"fields":{"worldedit_placeholder":"air"},"inventory":null},"(4,2,4)":{"fields":{"worldedit_placeholder":"air"},"inventory":null},"(4,2,5)":{"fields":{"worldedit_placeholder":"air"},"inventory":null},"(4,2,6)":{"fields":{"worldedit_placeholder":"air"},"inventory":null},"(4,2,7)":{"fields":{"worldedit_placeholder":"air"},"inventory":null},"(4,2,8)":{"fields":{"worldedit_placeholder":"air"},"inventory":null},"(4,2,9)":{"fields":{"worldedit_placeholder":"air"},"inventory":null},"(8,0,0)":{"fields":{"worldedit_placeholder":"air"},"inventory":null},"(8,0,1)":{"fields":{"worldedit_placeholder":"air"},"inventory":null},"(8,0,10)":{"fields":{"worldedit_placeholder":"air"},"inventory":null},"(8,0,11)":{"fields":{"worldedit_placeholder":"air"},"inventory":null},"(8,0,12)":{"fields":{"worldedit_placeholder":"air"},"inventory":null},"(8,0,13)":{"fields":{"worldedit_placeholder":"air"},"inventory":null},"(8,0,14)":{"fields":{"worldedit_placeholder":"air"},"inventory":null},"(8,0,15)":{"fields":{"worldedit_placeholder":"air"},"inventory":null},"(8,0,2)":{"fields":{"worldedit_placeholder":"air"},"inventory":null},"(8,0,3)":{"fields":{"worldedit_placeholder":"air"},"inventory":null},"(8,0,4)":{"fields":{"worldedit_placeholder":"air"},"inventory":null},"(8,0,5)":{"fields":{"worldedit_placeholder":"air"},"inventory":null},"(8,0,6)":{"fields":{"worldedit_placeholder":"air"},"inventory":null},"(8,0,7)":{"fields":{"worldedit_placeholder":"air"},"inventory":null},"(8,0,8)":{"fields":{"worldedit_placeholder":"air"},"inventory":null},"(8,0,9)":{"fields":{"worldedit_placeholder":"air"},"inventory":null},"(8,1,0)":{"fields":{"worldedit_placeholder":"air"},"inventory":null},"(8,1,1)":{"fields":{"worldedit_placeholder":"air"},"inventory":null},"(8,1,10)":{"fields":{"worldedit_placeholder":"air"},"inventory":null},"(8,1,11)":{"fields":{"worldedit_placeholder":"air"},"inventory":null},"(8,1,12)":{"fields":{"worldedit_placeholder":"air"},"inventory":null},"(8,1,13)":{"fields":{"worldedit_placeholder":"air"},"inventory":null},"(8,1,14)":{"fields":{"worldedit_placeholder":"air"},"inventory":null},"(8,1,15)":{"fields":{"worldedit_placeholder":"air"},"inventory":null},"(8,1,2)":{"fields":{"worldedit_placeholder":"air"},"inventory":null},"(8,1,3)":{"fields":{"worldedit_placeholder":"air"},"inventory":null},"(8,1,4)":{"fields":{"worldedit_placeholder":"air"},"inventory":null},"(8,1,5)":{"fields":{"worldedit_placeholder":"air"},"inventory":null},"(8,1,6)":{"fields":{"worldedit_placeholder":"air"},"inventory":null},"(8,1,7)":{"fields":{"worldedit_placeholder":"air"},"inventory":null},"(8,1,8)":{"fields":{"worldedit_placeholder":"air"},"inventory":null},"(8,1,9)":{"fields":{"worldedit_placeholder":"air"},"inventory":null},"(8,2,0)":{"fields":{"worldedit_placeholder":"air"},"inventory":null},"(8,2,1)":{"fields":{"worldedit_placeholder":"air"},"inventory":null},"(8,2,10)":{"fields":{"worldedit_placeholder":"air"},"inventory":null},"(8,2,11)":{"fields":{"worldedit_placeholder":"air"},"inventory":null},"(8,2,12)":{"fields":{"worldedit_placeholder":"air"},"inventory":null},"(8,2,13)":{"fields":{"worldedit_placeholder":"air"},"inventory":null},"(8,2,14)":{"fields":{"worldedit_placeholder":"air"},"inventory":null},"(8,2,15)":{"fields":{"worldedit_placeholder":"air"},"inventory":null},"(8,2,2)":{"fields":{"worldedit_placeholder":"air"},"inventory":null},"(8,2,3)":{"fields":{"worldedit_placeholder":"air"},"inventory":null},"(8,2,4)":{"fields":{"worldedit_placeholder":"air"},"inventory":null},"(8,2,5)":{"fields":{"worldedit_placeholder":"air"},"inventory":null},"(8,2,6)":{"fields":{"worldedit_placeholder":"air"},"inventory":null},"(8,2,7)":{"fields":{"worldedit_placeholder":"air"},"inventory":null},"(8,2,8)":{"fields":{"worldedit_placeholder":"air"},"inventory":null},"(8,2,9)":{"fields":{"worldedit_placeholder":"air"},"inventory":null}}},"node_mapping":{"air":126.0,"hightech:dark":394.0,"hightech:dark_stripe_bottom_autoconnect_0000":409.0}}