{"metadata":{"meta":{"(10,0,3)":{"fields":{"worldedit_placeholder":"air"},"inventory":null},"(10,1,3)":{"fields":{"worldedit_placeholder":"air"},"inventory":null},"(10,2,3)":{"fields":{"worldedit_placeholder":"air"},"inventory":null},"(10,3,3)":{"fields":{"worldedit_placeholder":"air"},"inventory":null},"(10,4,3)":{"fields":{"worldedit_placeholder":"air"},"inventory":null},"(10,5,3)":{"fields":{"worldedit_placeholder":"air"},"inventory":null},"(10,6,3)":{"fields":{"worldedit_placeholder":"air"},"inventory":null},"(10,7,3)":{"fields":{"worldedit_placeholder":"air"},"inventory":null},"(7,0,10)":{"fields":{"worldedit_placeholder":"air"},"inventory":null},"(7,0,11)":{"fields":{"worldedit_placeholder":"air"},"inventory":null},"(7,0,12)":{"fields":{"worldedit_placeholder":"air"},"inventory":null},"(7,0,13)":{"fields":{"worldedit_placeholder":"air"},"inventory":null},"(7,0,14)":{"fields":{"worldedit_placeholder":"air"},"inventory":null},"(7,0,15)":{"fields":{"worldedit_placeholder":"air"},"inventory":null},"(7,0,4)":{"fields":{"worldedit_placeholder":"air"},"inventory":null},"(7,0,5)":{"fields":{"worldedit_placeholder":"air"},"inventory":null},"(7,0,6)":{"fields":{"worldedit_placeholder":"air"},"inventory":null},"(7,0,7)":{"fields":{"worldedit_placeholder":"air"},"inventory":null},"(7,0,8)":{"fields":{"worldedit_placeholder":"air"},"inventory":null},"(7,0,9)":{"fields":{"worldedit_placeholder":"air"},"inventory":null},"(7,1,10)":{"fields":{"worldedit_placeholder":"air"},"inventory":null},"(7,1,11)":{"fields":{"worldedit_placeholder":"air"},"inventory":null},"(7,1,12)":{"fields":{"worldedit_placeholder":"air"},"inventory":null},"(7,1,13)":{"fields":{"worldedit_placeholder":"air"},"inventory":null},"(7,1,14)":{"fields":{"worldedit_placeholder":"air"},"inventory":null},"(7,1,15)":{"fields":{"worldedit_placeholder":"air"},"inventory":null},"(7,1,4)":{"fields":{"worldedit_placeholder":"air"},"inventory":null},"(7,1,5)":{"fields":{"worldedit_placeholder":"air"},"inventory":null},"(7,1,6)":{"fields":{"worldedit_placeholder":"air"},"inventory":null},"(7,1,7)":{"fields":{"worldedit_placeholder":"air"},"inventory":null},"(7,1,8)":{"fields":{"worldedit_placeholder":"air"},"inventory":null},"(7,1,9)":{"fields":{"worldedit_placeholder":"air"},"inventory":null},"(7,10,0)":{"fields":{"worldedit_placeholder":"air"},"inventory":null},"(7,10,1)":{"fields":{"worldedit_placeholder":"air"},"inventory":null},"(7,10,10)":{"fields":{"worldedit_placeholder":"air"},"inventory":null},"(7,10,11)":{"fields":{"worldedit_placeholder":"air"},"inventory":null},"(7,10,12)":{"fields":{"worldedit_placeholder":"air"},"inventory":null},"(7,10,13)":{"fields":{"worldedit_placeholder":"air"},"inventory":null},"(7,10,14)":{"fields":{"worldedit_placeholder":"air"},"inventory":null},"(7,10,15)":{"fields":{"worldedit_placeholder":"air"},"inventory":null},"(7,10,5)":{"fields":{"worldedit_placeholder":"air"},"inventory":null},"(7,10,6)":{"fields":{"worldedit_placeholder":"air"},"inventory":null},"(7,10,7)":{"fields":{"worldedit_placeholder":"air"},"inventory":null},"(7,10,8)":{"fields":{"worldedit_placeholder":"air"},"inventory":null},"(7,10,9)":{"fields":{"worldedit_placeholder":"air"},"inventory":null},"(7,11,0)":{"fields":{"worldedit_placeholder":"air"},"inventory":null},"(7,11,1)":{"fields":{"worldedit_placeholder":"air"},"inventory":null},"(7,11,10)":{"fields":{"worldedit_placeholder":"air"},"inventory":null},"(7,11,11)":{"fields":{"worldedit_placeholder":"air"},"inventory":null},"(7,11,12)":{"fields":{"worldedit_placeholder":"air"},"inventory":null},"(7,11,13)":{"fields":{"worldedit_placeholder":"air"},"inventory":null},"(7,11,14)":{"fields":{"worldedit_placeholder":"air"},"inventory":null},"(7,11,15)":{"fields":{"worldedit_placeholder":"air"},"inventory":null},"(7,11,2)":{"fields":{"worldedit_placeholder":"air"},"inventory":null},"(7,11,4)":{"fields":{"worldedit_placeholder":"air"},"inventory":null},"(7,11,5)":{"fields":{"worldedit_placeholder":"air"},"inventory":null},"(7,11,6)":{"fields":{"worldedit_placeholder":"air"},"inventory":null},"(7,11,7)":{"fields":{"worldedit_placeholder":"air"},"inventory":null},"(7,11,8)":{"fields":{"worldedit_placeholder":"air"},"inventory":null},"(7,11,9)":{"fields":{"worldedit_placeholder":"air"},"inventory":null},"(7,12,0)":{"fields":{"worldedit_placeholder":"air"},"inventory":null},"(7,12,1)":{"fields":{"worldedit_placeholder":"air"},"inventory":null},"(7,12,10)":{"fields":{"worldedit_placeholder":"air"},"inventory":null},"(7,12,11)":{"fields":{"worldedit_placeholder":"air"},"inventory":null},"(7,12,12)":{"fields":{"worldedit_placeholder":"air"},"inventory":null},"(7,12,13)":{"fields":{"worldedit_placeholder":"air"},"inventory":null},"(7,12,14)":{"fields":{"worldedit_placeholder":"air"},"inventory":null},"(7,12,15)":{"fields":{"worldedit_placeholder":"air"},"inventory":null},"(7,12,2)":{"fields":{"worldedit_placeholder":"air"},"inventory":null},"(7,12,4)":{"fields":{"worldedit_placeholder":"air"},"inventory":null},"(7,12,5)":{"fields":{"worldedit_placeholder":"air"},"inventory":null},"(7,12,6)":{"fields":{"worldedit_placeholder":"air"},"inventory":null},"(7,12,7)":{"fields":{"worldedit_placeholder":"air"},"inventory":null},"(7,12,8)":{"fields":{"worldedit_placeholder":"air"},"inventory":null},"(7,12,9)":{"fields":{"worldedit_placeholder":"air"},"inventory":null},"(7,13,0)":{"fields":{"worldedit_placeholder":"air"},"inventory":null},"(7,13,1)":{"fields":{"worldedit_placeholder":"air"},"inventory":null},"(7,13,10)":{"fields":{"worldedit_placeholder":"air"},"inventory":null},"(7,13,11)":{"fields":{"worldedit_placeholder":"air"},"inventory":null},"(7,13,12)":{"fields":{"worldedit_placeholder":"air"},"inventory":null},"(7,13,13)":{"fields":{"worldedit_placeholder":"air"},"inventory":null},"(7,13,14)":{"fields":{"worldedit_placeholder":"air"},"inventory":null},"(7,13,15)":{"fields":{"worldedit_placeholder":"air"},"inventory":null},"(7,13,2)":{"fields":{"worldedit_placeholder":"air"},"inventory":null},"(7,13,4)":{"fields":{"worldedit_placeholder":"air"},"inventory":null},"(7,13,5)":{"fields":{"worldedit_placeholder":"air"},"inventory":null},"(7,13,6)":{"fields":{"worldedit_placeholder":"air"},"inventory":null},"(7,13,7)":{"fields":{"worldedit_placeholder":"air"},"inventory":null},"(7,13,8)":{"fields":{"worldedit_placeholder":"air"},"inventory":null},"(7,13,9)":{"fields":{"worldedit_placeholder":"air"},"inventory":null},"(7,14,0)":{"fields":{"worldedit_placeholder":"air"},"inventory":null},"(7,14,1)":{"fields":{"worldedit_placeholder":"air"},"inventory":null},"(7,14,10)":{"fields":{"worldedit_placeholder":"air"},"inventory":null},"(7,14,11)":{"fields":{"worldedit_placeholder":"air"},"inventory":null},"(7,14,12)":{"fields":{"worldedit_placeholder":"air"},"inventory":null},"(7,14,13)":{"fields":{"worldedit_placeholder":"air"},"inventory":null},"(7,14,14)":{"fields":{"worldedit_placeholder":"air"},"inventory":null},"(7,14,15)":{"fields":{"worldedit_placeholder":"air"},"inventory":null},"(7,14,2)":{"fields":{"worldedit_placeholder":"air"},"inventory":null},"(7,14,4)":{"fields":{"worldedit_placeholder":"air"},"inventory":null},"(7,14,5)":{"fields":{"worldedit_placeholder":"air"},"inventory":null},"(7,14,6)":{"fields":{"worldedit_placeholder":"air"},"inventory":null},"(7,14,7)":{"fields":{"worldedit_placeholder":"air"},"inventory":null},"(7,14,8)":{"fields":{"worldedit_placeholder":"air"},"inventory":null},"(7,14,9)":{"fields":{"worldedit_placeholder":"air"},"inventory":null},"(7,15,0)":{"fields":{"worldedit_placeholder":"air"},"inventory":null},"(7,15,1)":{"fields":{"worldedit_placeholder":"air"},"inventory":null},"(7,15,10)":{"fields":{"worldedit_placeholder":"air"},"inventory":null},"(7,15,11)":{"fields":{"worldedit_placeholder":"air"},"inventory":null},"(7,15,12)":{"fields":{"worldedit_placeholder":"air"},"inventory":null},"(7,15,13)":{"fields":{"worldedit_placeholder":"air"},"inventory":null},"(7,15,14)":{"fields":{"worldedit_placeholder":"air"},"inventory":null},"(7,15,15)":{"fields":{"worldedit_placeholder":"air"},"inventory":null},"(7,15,2)":{"fields":{"worldedit_placeholder":"air"},"inventory":null},"(7,15,4)":{"fields":{"worldedit_placeholder":"air"},"inventory":null},"(7,15,5)":{"fields":{"worldedit_placeholder":"air"},"inventory":null},"(7,15,6)":{"fields":{"worldedit_placeholder":"air"},"inventory":null},"(7,15,7)":{"fields":{"worldedit_placeholder":"air"},"inventory":null},"(7,15,8)":{"fields":{"worldedit_placeholder":"air"},"inventory":null},"(7,15,9)":{"fields":{"worldedit_placeholder":"air"},"inventory":null},"(7,2,10)":{"fields":{"worldedit_placeholder":"air"},"inventory":null},"(7,2,11)":{"fields":{"worldedit_placeholder":"air"},"inventory":null},"(7,2,12)":{"fields":{"worldedit_placeholder":"air"},"inventory":null},"(7,2,13)":{"fields":{"worldedit_placeholder":"air"},"inventory":null},"(7,2,14)":{"fields":{"worldedit_placeholder":"air"},"inventory":null},"(7,2,15)":{"fields":{"worldedit_placeholder":"air"},"inventory":null},"(7,2,4)":{"fields":{"worldedit_placeholder":"air"},"inventory":null},"(7,2,5)":{"fields":{"worldedit_placeholder":"air"},"inventory":null},"(7,2,6)":{"fields":{"worldedit_placeholder":"air"},"inventory":null},"(7,2,7)":{"fields":{"worldedit_placeholder":"air"},"inventory":null},"(7,2,8)":{"fields":{"worldedit_placeholder":"air"},"inventory":null},"(7,2,9)":{"fields":{"worldedit_placeholder":"air"},"inventory":null},"(7,3,10)":{"fields":{"worldedit_placeholder":"air"},"inventory":null},"(7,3,11)":{"fields":{"worldedit_placeholder":"air"},"inventory":null},"(7,3,12)":{"fields":{"worldedit_placeholder":"air"},"inventory":null},"(7,3,13)":{"fields":{"worldedit_placeholder":"air"},"inventory":null},"(7,3,14)":{"fields":{"worldedit_placeholder":"air"},"inventory":null},"(7,3,15)":{"fields":{"worldedit_placeholder":"air"},"inventory":null},"(7,3,4)":{"fields":{"worldedit_placeholder":"air"},"inventory":null},"(7,3,5)":{"fields":{"worldedit_placeholder":"air"},"inventory":null},"(7,3,6)":{"fields":{"worldedit_placeholder":"air"},"inventory":null},"(7,3,7)":{"fields":{"worldedit_placeholder":"air"},"inventory":null},"(7,3,8)":{"fields":{"worldedit_placeholder":"air"},"inventory":null},"(7,3,9)":{"fields":{"worldedit_placeholder":"air"},"inventory":null},"(7,4,10)":{"fields":{"worldedit_placeholder":"air"},"inventory":null},"(7,4,11)":{"fields":{"worldedit_placeholder":"air"},"inventory":null},"(7,4,12)":{"fields":{"worldedit_placeholder":"air"},"inventory":null},"(7,4,13)":{"fields":{"worldedit_placeholder":"air"},"inventory":null},"(7,4,14)":{"fields":{"worldedit_placeholder":"air"},"inventory":null},"(7,4,15)":{"fields":{"worldedit_placeholder":"air"},"inventory":null},"(7,4,4)":{"fields":{"worldedit_placeholder":"air"},"inventory":null},"(7,4,5)":{"fields":{"worldedit_placeholder":"air"},"inventory":null},"(7,4,6)":{"fields":{"worldedit_placeholder":"air"},"inventory":null},"(7,4,7)":{"fields":{"worldedit_placeholder":"air"},"inventory":null},"(7,4,8)":{"fields":{"worldedit_placeholder":"air"},"inventory":null},"(7,4,9)":{"fields":{"worldedit_placeholder":"air"},"inventory":null},"(7,5,10)":{"fields":{"worldedit_placeholder":"air"},"inventory":null},"(7,5,11)":{"fields":{"worldedit_placeholder":"air"},"inventory":null},"(7,5,12)":{"fields":{"worldedit_placeholder":"air"},"inventory":null},"(7,5,13)":{"fields":{"worldedit_placeholder":"air"},"inventory":null},"(7,5,14)":{"fields":{"worldedit_placeholder":"air"},"inventory":null},"(7,5,15)":{"fields":{"worldedit_placeholder":"air"},"inventory":null},"(7,5,4)":{"fields":{"worldedit_placeholder":"air"},"inventory":null},"(7,5,5)":{"fields":{"worldedit_placeholder":"air"},"inventory":null},"(7,5,6)":{"fields":{"worldedit_placeholder":"air"},"inventory":null},"(7,5,7)":{"fields":{"worldedit_placeholder":"air"},"inventory":null},"(7,5,8)":{"fields":{"worldedit_placeholder":"air"},"inventory":null},"(7,5,9)":{"fields":{"worldedit_placeholder":"air"},"inventory":null},"(7,6,10)":{"fields":{"worldedit_placeholder":"air"},"inventory":null},"(7,6,11)":{"fields":{"worldedit_placeholder":"air"},"inventory":null},"(7,6,12)":{"fields":{"worldedit_placeholder":"air"},"inventory":null},"(7,6,13)":{"fields":{"worldedit_placeholder":"air"},"inventory":null},"(7,6,14)":{"fields":{"worldedit_placeholder":"air"},"inventory":null},"(7,6,15)":{"fields":{"worldedit_placeholder":"air"},"inventory":null},"(7,6,4)":{"fields":{"worldedit_placeholder":"air"},"inventory":null},"(7,6,5)":{"fields":{"worldedit_placeholder":"air"},"inventory":null},"(7,6,6)":{"fields":{"worldedit_placeholder":"air"},"inventory":null},"(7,6,7)":{"fields":{"worldedit_placeholder":"air"},"inventory":null},"(7,6,8)":{"fields":{"worldedit_placeholder":"air"},"inventory":null},"(7,6,9)":{"fields":{"worldedit_placeholder":"air"},"inventory":null},"(7,7,10)":{"fields":{"worldedit_placeholder":"air"},"inventory":null},"(7,7,11)":{"fields":{"worldedit_placeholder":"air"},"inventory":null},"(7,7,12)":{"fields":{"worldedit_placeholder":"air"},"inventory":null},"(7,7,13)":{"fields":{"worldedit_placeholder":"air"},"inventory":null},"(7,7,14)":{"fields":{"worldedit_placeholder":"air"},"inventory":null},"(7,7,15)":{"fields":{"worldedit_placeholder":"air"},"inventory":null},"(7,7,4)":{"fields":{"worldedit_placeholder":"air"},"inventory":null},"(7,7,5)":{"fields":{"worldedit_placeholder":"air"},"inventory":null},"(7,7,6)":{"fields":{"worldedit_placeholder":"air"},"inventory":null},"(7,7,7)":{"fields":{"worldedit_placeholder":"air"},"inventory":null},"(7,7,8)":{"fields":{"worldedit_placeholder":"air"},"inventory":null},"(7,7,9)":{"fields":{"worldedit_placeholder":"air"},"inventory":null},"(8,0,3)":{"fields":{"worldedit_placeholder":"air"},"inventory":null},"(8,1,3)":{"fields":{"worldedit_placeholder":"air"},"inventory":null},"(8,2,3)":{"fields":{"worldedit_placeholder":"air"},"inventory":null},"(8,3,3)":{"fields":{"worldedit_placeholder":"air"},"inventory":null},"(8,4,3)":{"fields":{"worldedit_placeholder":"air"},"inventory":null},"(8,5,3)":{"fields":{"worldedit_placeholder":"air"},"inventory":null},"(8,6,3)":{"fields":{"worldedit_placeholder":"air"},"inventory":null},"(8,7,3)":{"fields":{"worldedit_placeholder":"air"},"inventory":null},"(9,0,3)":{"fields":{"worldedit_placeholder":"air"},"inventory":null},"(9,1,3)":{"fields":{"worldedit_placeholder":"air"},"inventory":null},"(9,2,3)":{"fields":{"worldedit_placeholder":"air"},"inventory":null},"(9,3,3)":{"fields":{"worldedit_placeholder":"air"},"inventory":null},"(9,4,3)":{"fields":{"worldedit_placeholder":"air"},"inventory":null},"(9,5,3)":{"fields":{"worldedit_placeholder":"air"},"inventory":null},"(9,6,3)":{"fields":{"worldedit_placeholder":"air"},"inventory":null},"(9,7,3)":{"fields":{"worldedit_placeholder":"air"},"inventory":null}}},"node_mapping":{"air":126.0,"hightech:dark":394.0,"hightech:dark_stripe_bottom_autoconnect_0000":409.0,"hightech:dark_stripe_horizontal":406.0,"hightech:dark_stripe_vertical":407.0,"stairs:stair_inner_glass":312.0}}