{"metadata":{"meta":{"(0,15,0)":{"fields":{"worldedit_placeholder":"air"},"inventory":null},"(0,15,4)":{"fields":{"worldedit_placeholder":"air"},"inventory":null},"(1,15,0)":{"fields":{"worldedit_placeholder":"air"},"inventory":null},"(1,15,4)":{"fields":{"worldedit_placeholder":"air"},"inventory":null},"(2,15,0)":{"fields":{"worldedit_placeholder":"air"},"inventory":null},"(3,15,4)":{"fields":{"worldedit_placeholder":"air"},"inventory":null},"(4,15,0)":{"fields":{"worldedit_placeholder":"air"},"inventory":null},"(4,15,4)":{"fields":{"worldedit_placeholder":"air"},"inventory":null},"(5,15,0)":{"fields":{"worldedit_placeholder":"air"},"inventory":null},"(5,15,3)":{"fields":{"worldedit_placeholder":"air"},"inventory":null},"(5,15,4)":{"fields":{"worldedit_placeholder":"air"},"inventory":null},"(6,15,0)":{"fields":{"worldedit_placeholder":"air"},"inventory":null},"(6,15,4)":{"fields":{"worldedit_placeholder":"air"},"inventory":null},"(7,15,0)":{"fields":{"worldedit_placeholder":"air"},"inventory":null}}},"node_mapping":{"air":126.0,"default:sand":34.0,"hightech:dark":394.0,"hightech:dark_stripe_top_autoconnect_0011":414.0,"hightech:dark_stripe_top_autoconnect_0101":418.0,"hightech:dark_stripe_top_autoconnect_1100":432.0,"stairs:stair_inner_glass":312.0}}