{"metadata":{"meta":{"(0,0,0)":{"fields":{"worldedit_placeholder":"air"},"inventory":null},"(0,0,4)":{"fields":{"worldedit_placeholder":"air"},"inventory":null},"(0,1,0)":{"fields":{"worldedit_placeholder":"air"},"inventory":null},"(0,1,4)":{"fields":{"worldedit_placeholder":"air"},"inventory":null},"(0,2,0)":{"fields":{"worldedit_placeholder":"air"},"inventory":null},"(0,2,4)":{"fields":{"worldedit_placeholder":"air"},"inventory":null},"(1,0,0)":{"fields":{"worldedit_placeholder":"air"},"inventory":null},"(1,0,4)":{"fields":{"worldedit_placeholder":"air"},"inventory":null},"(1,1,0)":{"fields":{"worldedit_placeholder":"air"},"inventory":null},"(1,1,4)":{"fields":{"worldedit_placeholder":"air"},"inventory":null},"(1,2,0)":{"fields":{"worldedit_placeholder":"air"},"inventory":null},"(1,2,4)":{"fields":{"worldedit_placeholder":"air"},"inventory":null},"(10,3,3)":{"fields":{"state":"0"},"inventory":null},"(10,4,3)":{"fields":{"state":"0"},"inventory":null},"(2,0,0)":{"fields":{"worldedit_placeholder":"air"},"inventory":null},"(2,0,4)":{"fields":{"worldedit_placeholder":"air"},"inventory":null},"(2,1,0)":{"fields":{"worldedit_placeholder":"air"},"inventory":null},"(2,1,4)":{"fields":{"worldedit_placeholder":"air"},"inventory":null},"(2,2,0)":{"fields":{"worldedit_placeholder":"air"},"inventory":null},"(2,2,4)":{"fields":{"worldedit_placeholder":"air"},"inventory":null},"(3,0,0)":{"fields":{"worldedit_placeholder":"air"},"inventory":null},"(3,0,4)":{"fields":{"worldedit_placeholder":"air"},"inventory":null},"(3,1,0)":{"fields":{"worldedit_placeholder":"air"},"inventory":null},"(3,1,4)":{"fields":{"worldedit_placeholder":"air"},"inventory":null},"(3,2,0)":{"fields":{"worldedit_placeholder":"air"},"inventory":null},"(3,2,4)":{"fields":{"worldedit_placeholder":"air"},"inventory":null},"(4,0,0)":{"fields":{"worldedit_placeholder":"air"},"inventory":null},"(4,0,4)":{"fields":{"worldedit_placeholder":"air"},"inventory":null},"(4,1,0)":{"fields":{"worldedit_placeholder":"air"},"inventory":null},"(4,1,4)":{"fields":{"worldedit_placeholder":"air"},"inventory":null},"(4,2,0)":{"fields":{"worldedit_placeholder":"air"},"inventory":null},"(4,2,4)":{"fields":{"worldedit_placeholder":"air"},"inventory":null},"(5,0,0)":{"fields":{"worldedit_placeholder":"air"},"inventory":null},"(5,0,4)":{"fields":{"worldedit_placeholder":"air"},"inventory":null},"(5,1,0)":{"fields":{"worldedit_placeholder":"air"},"inventory":null},"(5,1,4)":{"fields":{"worldedit_placeholder":"air"},"inventory":null},"(5,2,0)":{"fields":{"worldedit_placeholder":"air"},"inventory":null},"(5,2,4)":{"fields":{"worldedit_placeholder":"air"},"inventory":null},"(6,0,0)":{"fields":{"worldedit_placeholder":"air"},"inventory":null},"(6,0,4)":{"fields":{"worldedit_placeholder":"air"},"inventory":null},"(6,1,0)":{"fields":{"worldedit_placeholder":"air"},"inventory":null},"(6,1,4)":{"fields":{"worldedit_placeholder":"air"},"inventory":null},"(6,2,0)":{"fields":{"worldedit_placeholder":"air"},"inventory":null},"(6,2,4)":{"fields":{"worldedit_placeholder":"air"},"inventory":null},"(7,0,0)":{"fields":{"worldedit_placeholder":"air"},"inventory":null},"(7,0,4)":{"fields":{"worldedit_placeholder":"air"},"inventory":null},"(7,1,0)":{"fields":{"worldedit_placeholder":"air"},"inventory":null},"(7,1,4)":{"fields":{"worldedit_placeholder":"air"},"inventory":null},"(7,2,0)":{"fields":{"worldedit_placeholder":"air"},"inventory":null},"(7,2,4)":{"fields":{"worldedit_placeholder":"air"},"inventory":null}}},"node_mapping":{"air":126.0,"hightech:dark":394.0,"hightech:dark_stripe_bottom_autoconnect_0000":409.0,"stairs:stair_inner_glass":312.0}}