{"metadata":{"meta":{"(0,0,12)":{"fields":{"worldedit_placeholder":"air"},"inventory":null},"(0,0,8)":{"fields":{"worldedit_placeholder":"air"},"inventory":null},"(0,1,12)":{"fields":{"worldedit_placeholder":"air"},"inventory":null},"(0,1,8)":{"fields":{"worldedit_placeholder":"air"},"inventory":null},"(0,10,12)":{"fields":{"worldedit_placeholder":"air"},"inventory":null},"(0,10,8)":{"fields":{"worldedit_placeholder":"air"},"inventory":null},"(0,11,12)":{"fields":{"worldedit_placeholder":"air"},"inventory":null},"(0,11,8)":{"fields":{"worldedit_placeholder":"air"},"inventory":null},"(0,12,12)":{"fields":{"worldedit_placeholder":"air"},"inventory":null},"(0,12,8)":{"fields":{"worldedit_placeholder":"air"},"inventory":null},"(0,13,12)":{"fields":{"worldedit_placeholder":"air"},"inventory":null},"(0,13,8)":{"fields":{"worldedit_placeholder":"air"},"inventory":null},"(0,14,12)":{"fields":{"worldedit_placeholder":"air"},"inventory":null},"(0,14,8)":{"fields":{"worldedit_placeholder":"air"},"inventory":null},"(0,15,12)":{"fields":{"worldedit_placeholder":"air"},"inventory":null},"(0,15,8)":{"fields":{"worldedit_placeholder":"air"},"inventory":null},"(0,2,12)":{"fields":{"worldedit_placeholder":"air"},"inventory":null},"(0,2,8)":{"fields":{"worldedit_placeholder":"air"},"inventory":null},"(0,3,12)":{"fields":{"worldedit_placeholder":"air"},"inventory":null},"(0,3,8)":{"fields":{"worldedit_placeholder":"air"},"inventory":null},"(0,4,12)":{"fields":{"worldedit_placeholder":"air"},"inventory":null},"(0,4,8)":{"fields":{"worldedit_placeholder":"air"},"inventory":null},"(0,5,12)":{"fields":{"worldedit_placeholder":"air"},"inventory":null},"(0,5,8)":{"fields":{"worldedit_placeholder":"air"},"inventory":null},"(0,6,12)":{"fields":{"worldedit_placeholder":"air"},"inventory":null},"(0,6,8)":{"fields":{"worldedit_placeholder":"air"},"inventory":null},"(0,7,12)":{"fields":{"worldedit_placeholder":"air"},"inventory":null},"(0,7,8)":{"fields":{"worldedit_placeholder":"air"},"inventory":null},"(1,0,12)":{"fields":{"worldedit_placeholder":"air"},"inventory":null},"(1,0,8)":{"fields":{"worldedit_placeholder":"air"},"inventory":null},"(1,1,12)":{"fields":{"worldedit_placeholder":"air"},"inventory":null},"(1,1,8)":{"fields":{"worldedit_placeholder":"air"},"inventory":null},"(1,10,12)":{"fields":{"worldedit_placeholder":"air"},"inventory":null},"(1,10,8)":{"fields":{"worldedit_placeholder":"air"},"inventory":null},"(1,11,12)":{"fields":{"worldedit_placeholder":"air"},"inventory":null},"(1,11,8)":{"fields":{"worldedit_placeholder":"air"},"inventory":null},"(1,12,12)":{"fields":{"worldedit_placeholder":"air"},"inventory":null},"(1,12,8)":{"fields":{"worldedit_placeholder":"air"},"inventory":null},"(1,13,12)":{"fields":{"worldedit_placeholder":"air"},"inventory":null},"(1,13,8)":{"fields":{"worldedit_placeholder":"air"},"inventory":null},"(1,14,12)":{"fields":{"worldedit_placeholder":"air"},"inventory":null},"(1,14,8)":{"fields":{"worldedit_placeholder":"air"},"inventory":null},"(1,15,12)":{"fields":{"worldedit_placeholder":"air"},"inventory":null},"(1,15,8)":{"fields":{"worldedit_placeholder":"air"},"inventory":null},"(1,2,12)":{"fields":{"worldedit_placeholder":"air"},"inventory":null},"(1,2,8)":{"fields":{"worldedit_placeholder":"air"},"inventory":null},"(1,3,12)":{"fields":{"worldedit_placeholder":"air"},"inventory":null},"(1,3,8)":{"fields":{"worldedit_placeholder":"air"},"inventory":null},"(1,4,12)":{"fields":{"worldedit_placeholder":"air"},"inventory":null},"(1,4,8)":{"fields":{"worldedit_placeholder":"air"},"inventory":null},"(1,5,12)":{"fields":{"worldedit_placeholder":"air"},"inventory":null},"(1,5,8)":{"fields":{"worldedit_placeholder":"air"},"inventory":null},"(1,6,12)":{"fields":{"worldedit_placeholder":"air"},"inventory":null},"(1,6,8)":{"fields":{"worldedit_placeholder":"air"},"inventory":null},"(1,7,12)":{"fields":{"worldedit_placeholder":"air"},"inventory":null},"(1,7,8)":{"fields":{"worldedit_placeholder":"air"},"inventory":null},"(10,0,8)":{"fields":{"worldedit_placeholder":"air"},"inventory":null},"(10,1,8)":{"fields":{"worldedit_placeholder":"air"},"inventory":null},"(10,11,8)":{"fields":{"worldedit_placeholder":"air"},"inventory":null},"(10,12,8)":{"fields":{"worldedit_placeholder":"air"},"inventory":null},"(10,13,8)":{"fields":{"worldedit_placeholder":"air"},"inventory":null},"(10,14,8)":{"fields":{"worldedit_placeholder":"air"},"inventory":null},"(10,15,8)":{"fields":{"worldedit_placeholder":"air"},"inventory":null},"(10,2,8)":{"fields":{"worldedit_placeholder":"air"},"inventory":null},"(10,3,8)":{"fields":{"worldedit_placeholder":"air"},"inventory":null},"(10,4,8)":{"fields":{"worldedit_placeholder":"air"},"inventory":null},"(10,5,8)":{"fields":{"worldedit_placeholder":"air"},"inventory":null},"(10,6,8)":{"fields":{"worldedit_placeholder":"air"},"inventory":null},"(10,7,8)":{"fields":{"worldedit_placeholder":"air"},"inventory":null},"(2,0,12)":{"fields":{"worldedit_placeholder":"air"},"inventory":null},"(2,0,8)":{"fields":{"worldedit_placeholder":"air"},"inventory":null},"(2,1,12)":{"fields":{"worldedit_placeholder":"air"},"inventory":null},"(2,1,8)":{"fields":{"worldedit_placeholder":"air"},"inventory":null},"(2,10,12)":{"fields":{"worldedit_placeholder":"air"},"inventory":null},"(2,10,8)":{"fields":{"worldedit_placeholder":"air"},"inventory":null},"(2,11,12)":{"fields":{"worldedit_placeholder":"air"},"inventory":null},"(2,11,8)":{"fields":{"worldedit_placeholder":"air"},"inventory":null},"(2,12,12)":{"fields":{"worldedit_placeholder":"air"},"inventory":null},"(2,12,8)":{"fields":{"worldedit_placeholder":"air"},"inventory":null},"(2,13,12)":{"fields":{"worldedit_placeholder":"air"},"inventory":null},"(2,13,8)":{"fields":{"worldedit_placeholder":"air"},"inventory":null},"(2,14,12)":{"fields":{"worldedit_placeholder":"air"},"inventory":null},"(2,14,8)":{"fields":{"worldedit_placeholder":"air"},"inventory":null},"(2,15,12)":{"fields":{"worldedit_placeholder":"air"},"inventory":null},"(2,15,8)":{"fields":{"worldedit_placeholder":"air"},"inventory":null},"(2,2,12)":{"fields":{"worldedit_placeholder":"air"},"inventory":null},"(2,2,8)":{"fields":{"worldedit_placeholder":"air"},"inventory":null},"(2,3,12)":{"fields":{"worldedit_placeholder":"air"},"inventory":null},"(2,3,8)":{"fields":{"worldedit_placeholder":"air"},"inventory":null},"(2,4,12)":{"fields":{"worldedit_placeholder":"air"},"inventory":null},"(2,4,8)":{"fields":{"worldedit_placeholder":"air"},"inventory":null},"(2,5,12)":{"fields":{"worldedit_placeholder":"air"},"inventory":null},"(2,5,8)":{"fields":{"worldedit_placeholder":"air"},"inventory":null},"(2,6,12)":{"fields":{"worldedit_placeholder":"air"},"inventory":null},"(2,6,8)":{"fields":{"worldedit_placeholder":"air"},"inventory":null},"(2,7,12)":{"fields":{"worldedit_placeholder":"air"},"inventory":null},"(2,7,8)":{"fields":{"worldedit_placeholder":"air"},"inventory":null},"(3,0,12)":{"fields":{"worldedit_placeholder":"air"},"inventory":null},"(3,0,8)":{"fields":{"worldedit_placeholder":"air"},"inventory":null},"(3,1,12)":{"fields":{"worldedit_placeholder":"air"},"inventory":null},"(3,1,8)":{"fields":{"worldedit_placeholder":"air"},"inventory":null},"(3,10,12)":{"fields":{"worldedit_placeholder":"air"},"inventory":null},"(3,10,8)":{"fields":{"worldedit_placeholder":"air"},"inventory":null},"(3,11,12)":{"fields":{"worldedit_placeholder":"air"},"inventory":null},"(3,11,8)":{"fields":{"worldedit_placeholder":"air"},"inventory":null},"(3,12,12)":{"fields":{"worldedit_placeholder":"air"},"inventory":null},"(3,12,8)":{"fields":{"worldedit_placeholder":"air"},"inventory":null},"(3,13,12)":{"fields":{"worldedit_placeholder":"air"},"inventory":null},"(3,13,8)":{"fields":{"worldedit_placeholder":"air"},"inventory":null},"(3,14,12)":{"fields":{"worldedit_placeholder":"air"},"inventory":null},"(3,14,8)":{"fields":{"worldedit_placeholder":"air"},"inventory":null},"(3,15,12)":{"fields":{"worldedit_placeholder":"air"},"inventory":null},"(3,15,8)":{"fields":{"worldedit_placeholder":"air"},"inventory":null},"(3,2,12)":{"fields":{"worldedit_placeholder":"air"},"inventory":null},"(3,2,8)":{"fields":{"worldedit_placeholder":"air"},"inventory":null},"(3,3,12)":{"fields":{"worldedit_placeholder":"air"},"inventory":null},"(3,3,8)":{"fields":{"worldedit_placeholder":"air"},"inventory":null},"(3,4,12)":{"fields":{"worldedit_placeholder":"air"},"inventory":null},"(3,4,8)":{"fields":{"worldedit_placeholder":"air"},"inventory":null},"(3,5,12)":{"fields":{"worldedit_placeholder":"air"},"inventory":null},"(3,5,8)":{"fields":{"worldedit_placeholder":"air"},"inventory":null},"(3,6,12)":{"fields":{"worldedit_placeholder":"air"},"inventory":null},"(3,6,8)":{"fields":{"worldedit_placeholder":"air"},"inventory":null},"(3,7,12)":{"fields":{"worldedit_placeholder":"air"},"inventory":null},"(3,7,8)":{"fields":{"worldedit_placeholder":"air"},"inventory":null},"(4,0,12)":{"fields":{"worldedit_placeholder":"air"},"inventory":null},"(4,0,8)":{"fields":{"worldedit_placeholder":"air"},"inventory":null},"(4,1,12)":{"fields":{"worldedit_placeholder":"air"},"inventory":null},"(4,1,8)":{"fields":{"worldedit_placeholder":"air"},"inventory":null},"(4,10,8)":{"fields":{"worldedit_placeholder":"air"},"inventory":null},"(4,11,12)":{"fields":{"worldedit_placeholder":"air"},"inventory":null},"(4,11,8)":{"fields":{"worldedit_placeholder":"air"},"inventory":null},"(4,12,12)":{"fields":{"worldedit_placeholder":"air"},"inventory":null},"(4,12,8)":{"fields":{"worldedit_placeholder":"air"},"inventory":null},"(4,13,12)":{"fields":{"worldedit_placeholder":"air"},"inventory":null},"(4,13,8)":{"fields":{"worldedit_placeholder":"air"},"inventory":null},"(4,14,12)":{"fields":{"worldedit_placeholder":"air"},"inventory":null},"(4,14,8)":{"fields":{"worldedit_placeholder":"air"},"inventory":null},"(4,15,12)":{"fields":{"worldedit_placeholder":"air"},"inventory":null},"(4,15,8)":{"fields":{"worldedit_placeholder":"air"},"inventory":null},"(4,2,12)":{"fields":{"worldedit_placeholder":"air"},"inventory":null},"(4,2,8)":{"fields":{"worldedit_placeholder":"air"},"inventory":null},"(4,3,12)":{"fields":{"worldedit_placeholder":"air"},"inventory":null},"(4,3,8)":{"fields":{"worldedit_placeholder":"air"},"inventory":null},"(4,4,12)":{"fields":{"worldedit_placeholder":"air"},"inventory":null},"(4,4,8)":{"fields":{"worldedit_placeholder":"air"},"inventory":null},"(4,5,12)":{"fields":{"worldedit_placeholder":"air"},"inventory":null},"(4,5,8)":{"fields":{"worldedit_placeholder":"air"},"inventory":null},"(4,6,12)":{"fields":{"worldedit_placeholder":"air"},"inventory":null},"(4,6,8)":{"fields":{"worldedit_placeholder":"air"},"inventory":null},"(4,7,12)":{"fields":{"worldedit_placeholder":"air"},"inventory":null},"(4,7,8)":{"fields":{"worldedit_placeholder":"air"},"inventory":null},"(5,0,12)":{"fields":{"worldedit_placeholder":"air"},"inventory":null},"(5,1,12)":{"fields":{"worldedit_placeholder":"air"},"inventory":null},"(5,1,8)":{"fields":{"worldedit_placeholder":"air"},"inventory":null},"(5,10,12)":{"fields":{"worldedit_placeholder":"air"},"inventory":null},"(5,10,8)":{"fields":{"state":"0"},"inventory":null},"(5,11,12)":{"fields":{"worldedit_placeholder":"air"},"inventory":null},"(5,12,12)":{"fields":{"worldedit_placeholder":"air"},"inventory":null},"(5,12,8)":{"fields":{"worldedit_placeholder":"air"},"inventory":null},"(5,13,12)":{"fields":{"worldedit_placeholder":"air"},"inventory":null},"(5,13,8)":{"fields":{"worldedit_placeholder":"air"},"inventory":null},"(5,14,12)":{"fields":{"worldedit_placeholder":"air"},"inventory":null},"(5,15,12)":{"fields":{"worldedit_placeholder":"air"},"inventory":null},"(5,15,8)":{"fields":{"worldedit_placeholder":"air"},"inventory":null},"(5,2,12)":{"fields":{"worldedit_placeholder":"air"},"inventory":null},"(5,2,8)":{"fields":{"worldedit_placeholder":"air"},"inventory":null},"(5,3,12)":{"fields":{"worldedit_placeholder":"air"},"inventory":null},"(5,3,8)":{"fields":{"worldedit_placeholder":"air"},"inventory":null},"(5,4,12)":{"fields":{"worldedit_placeholder":"air"},"inventory":null},"(5,4,8)":{"fields":{"worldedit_placeholder":"air"},"inventory":null},"(5,5,12)":{"fields":{"worldedit_placeholder":"air"},"inventory":null},"(5,5,8)":{"fields":{"worldedit_placeholder":"air"},"inventory":null},"(5,6,12)":{"fields":{"worldedit_placeholder":"air"},"inventory":null},"(5,6,8)":{"fields":{"worldedit_placeholder":"air"},"inventory":null},"(5,7,12)":{"fields":{"worldedit_placeholder":"air"},"inventory":null},"(5,7,8)":{"fields":{"worldedit_placeholder":"air"},"inventory":null},"(6,0,12)":{"fields":{"worldedit_placeholder":"air"},"inventory":null},"(6,0,8)":{"fields":{"worldedit_placeholder":"air"},"inventory":null},"(6,1,12)":{"fields":{"worldedit_placeholder":"air"},"inventory":null},"(6,1,8)":{"fields":{"worldedit_placeholder":"air"},"inventory":null},"(6,10,12)":{"fields":{"worldedit_placeholder":"air"},"inventory":null},"(6,10,8)":{"fields":{"worldedit_placeholder":"air"},"inventory":null},"(6,11,12)":{"fields":{"worldedit_placeholder":"air"},"inventory":null},"(6,11,8)":{"fields":{"worldedit_placeholder":"air"},"inventory":null},"(6,12,12)":{"fields":{"worldedit_placeholder":"air"},"inventory":null},"(6,12,8)":{"fields":{"worldedit_placeholder":"air"},"inventory":null},"(6,13,12)":{"fields":{"worldedit_placeholder":"air"},"inventory":null},"(6,13,8)":{"fields":{"worldedit_placeholder":"air"},"inventory":null},"(6,14,12)":{"fields":{"worldedit_placeholder":"air"},"inventory":null},"(6,14,8)":{"fields":{"worldedit_placeholder":"air"},"inventory":null},"(6,15,12)":{"fields":{"worldedit_placeholder":"air"},"inventory":null},"(6,15,8)":{"fields":{"worldedit_placeholder":"air"},"inventory":null},"(6,2,12)":{"fields":{"worldedit_placeholder":"air"},"inventory":null},"(6,2,8)":{"fields":{"worldedit_placeholder":"air"},"inventory":null},"(6,3,12)":{"fields":{"worldedit_placeholder":"air"},"inventory":null},"(6,3,8)":{"fields":{"worldedit_placeholder":"air"},"inventory":null},"(6,4,12)":{"fields":{"worldedit_placeholder":"air"},"inventory":null},"(6,4,8)":{"fields":{"worldedit_placeholder":"air"},"inventory":null},"(6,5,12)":{"fields":{"worldedit_placeholder":"air"},"inventory":null},"(6,5,8)":{"fields":{"worldedit_placeholder":"air"},"inventory":null},"(6,6,12)":{"fields":{"worldedit_placeholder":"air"},"inventory":null},"(6,6,8)":{"fields":{"worldedit_placeholder":"air"},"inventory":null},"(6,7,12)":{"fields":{"worldedit_placeholder":"air"},"inventory":null},"(6,7,8)":{"fields":{"worldedit_placeholder":"air"},"inventory":null},"(7,0,12)":{"fields":{"worldedit_placeholder":"air"},"inventory":null},"(7,0,8)":{"fields":{"worldedit_placeholder":"air"},"inventory":null},"(7,1,12)":{"fields":{"worldedit_placeholder":"air"},"inventory":null},"(7,1,8)":{"fields":{"worldedit_placeholder":"air"},"inventory":null},"(7,10,12)":{"fields":{"worldedit_placeholder":"air"},"inventory":null},"(7,10,14)":{"fields":{"worldedit_placeholder":"air"},"inventory":null},"(7,10,8)":{"fields":{"worldedit_placeholder":"air"},"inventory":null},"(7,11,12)":{"fields":{"worldedit_placeholder":"air"},"inventory":null},"(7,11,13)":{"fields":{"worldedit_placeholder":"air"},"inventory":null},"(7,11,14)":{"fields":{"worldedit_placeholder":"air"},"inventory":null},"(7,11,15)":{"fields":{"worldedit_placeholder":"air"},"inventory":null},"(7,11,8)":{"fields":{"worldedit_placeholder":"air"},"inventory":null},"(7,12,12)":{"fields":{"worldedit_placeholder":"air"},"inventory":null},"(7,12,13)":{"fields":{"worldedit_placeholder":"air"},"inventory":null},"(7,12,14)":{"fields":{"worldedit_placeholder":"air"},"inventory":null},"(7,12,15)":{"fields":{"worldedit_placeholder":"air"},"inventory":null},"(7,12,8)":{"fields":{"worldedit_placeholder":"air"},"inventory":null},"(7,13,12)":{"fields":{"worldedit_placeholder":"air"},"inventory":null},"(7,13,13)":{"fields":{"worldedit_placeholder":"air"},"inventory":null},"(7,13,14)":{"fields":{"worldedit_placeholder":"air"},"inventory":null},"(7,13,15)":{"fields":{"worldedit_placeholder":"air"},"inventory":null},"(7,13,8)":{"fields":{"worldedit_placeholder":"air"},"inventory":null},"(7,14,12)":{"fields":{"worldedit_placeholder":"air"},"inventory":null},"(7,14,13)":{"fields":{"worldedit_placeholder":"air"},"inventory":null},"(7,14,14)":{"fields":{"worldedit_placeholder":"air"},"inventory":null},"(7,14,15)":{"fields":{"worldedit_placeholder":"air"},"inventory":null},"(7,14,8)":{"fields":{"worldedit_placeholder":"air"},"inventory":null},"(7,15,12)":{"fields":{"worldedit_placeholder":"air"},"inventory":null},"(7,15,13)":{"fields":{"worldedit_placeholder":"air"},"inventory":null},"(7,15,14)":{"fields":{"worldedit_placeholder":"air"},"inventory":null},"(7,15,15)":{"fields":{"worldedit_placeholder":"air"},"inventory":null},"(7,15,8)":{"fields":{"worldedit_placeholder":"air"},"inventory":null},"(7,2,12)":{"fields":{"worldedit_placeholder":"air"},"inventory":null},"(7,2,8)":{"fields":{"worldedit_placeholder":"air"},"inventory":null},"(7,3,12)":{"fields":{"worldedit_placeholder":"air"},"inventory":null},"(7,3,8)":{"fields":{"worldedit_placeholder":"air"},"inventory":null},"(7,4,12)":{"fields":{"worldedit_placeholder":"air"},"inventory":null},"(7,4,8)":{"fields":{"worldedit_placeholder":"air"},"inventory":null},"(7,5,12)":{"fields":{"worldedit_placeholder":"air"},"inventory":null},"(7,5,8)":{"fields":{"worldedit_placeholder":"air"},"inventory":null},"(7,6,12)":{"fields":{"worldedit_placeholder":"air"},"inventory":null},"(7,6,8)":{"fields":{"worldedit_placeholder":"air"},"inventory":null},"(7,7,12)":{"fields":{"worldedit_placeholder":"air"},"inventory":null},"(7,7,8)":{"fields":{"worldedit_placeholder":"air"},"inventory":null},"(8,0,12)":{"fields":{"worldedit_placeholder":"air"},"inventory":null},"(8,0,8)":{"fields":{"worldedit_placeholder":"air"},"inventory":null},"(8,1,12)":{"fields":{"worldedit_placeholder":"air"},"inventory":null},"(8,1,8)":{"fields":{"worldedit_placeholder":"air"},"inventory":null},"(8,10,8)":{"fields":{"worldedit_placeholder":"air"},"inventory":null},"(8,11,8)":{"fields":{"worldedit_placeholder":"air"},"inventory":null},"(8,12,8)":{"fields":{"worldedit_placeholder":"air"},"inventory":null},"(8,13,8)":{"fields":{"worldedit_placeholder":"air"},"inventory":null},"(8,14,8)":{"fields":{"worldedit_placeholder":"air"},"inventory":null},"(8,15,8)":{"fields":{"worldedit_placeholder":"air"},"inventory":null},"(8,2,12)":{"fields":{"worldedit_placeholder":"air"},"inventory":null},"(8,2,8)":{"fields":{"worldedit_placeholder":"air"},"inventory":null},"(8,3,8)":{"fields":{"worldedit_placeholder":"air"},"inventory":null},"(8,4,8)":{"fields":{"worldedit_placeholder":"air"},"inventory":null},"(8,5,8)":{"fields":{"worldedit_placeholder":"air"},"inventory":null},"(8,6,8)":{"fields":{"worldedit_placeholder":"air"},"inventory":null},"(8,7,8)":{"fields":{"worldedit_placeholder":"air"},"inventory":null},"(9,0,12)":{"fields":{"worldedit_placeholder":"air"},"inventory":null},"(9,0,8)":{"fields":{"worldedit_placeholder":"air"},"inventory":null},"(9,1,12)":{"fields":{"worldedit_placeholder":"air"},"inventory":null},"(9,1,8)":{"fields":{"worldedit_placeholder":"air"},"inventory":null},"(9,10,8)":{"fields":{"worldedit_placeholder":"air"},"inventory":null},"(9,11,8)":{"fields":{"worldedit_placeholder":"air"},"inventory":null},"(9,12,8)":{"fields":{"worldedit_placeholder":"air"},"inventory":null},"(9,13,8)":{"fields":{"worldedit_placeholder":"air"},"inventory":null},"(9,14,8)":{"fields":{"worldedit_placeholder":"air"},"inventory":null},"(9,15,8)":{"fields":{"worldedit_placeholder":"air"},"inventory":null},"(9,2,12)":{"fields":{"worldedit_placeholder":"air"},"inventory":null},"(9,2,8)":{"fields":{"worldedit_placeholder":"air"},"inventory":null},"(9,3,12)":{"fields":{"worldedit_placeholder":"air"},"inventory":null},"(9,3,8)":{"fields":{"worldedit_placeholder":"air"},"inventory":null},"(9,4,12)":{"fields":{"worldedit_placeholder":"air"},"inventory":null},"(9,4,8)":{"fields":{"worldedit_placeholder":"air"},"inventory":null},"(9,5,12)":{"fields":{"worldedit_placeholder":"air"},"inventory":null},"(9,5,8)":{"fields":{"worldedit_placeholder":"air"},"inventory":null},"(9,6,8)":{"fields":{"worldedit_placeholder":"air"},"inventory":null},"(9,7,8)":{"fields":{"worldedit_placeholder":"air"},"inventory":null}}},"node_mapping":{"air":126.0,"hightech:dark":394.0,"hightech:dark_stripe_bottom_autoconnect_0000":409.0,"hightech:dark_stripe_horizontal":406.0,"hightech:dark_stripe_vertical":407.0,"stairs:stair_inner_glass":312.0}}