{"metadata":{"meta":{"(10,0,0)":{"fields":{"worldedit_placeholder":"air"},"inventory":null},"(10,0,4)":{"fields":{"worldedit_placeholder":"air"},"inventory":null},"(10,0,8)":{"fields":{"worldedit_placeholder":"air"},"inventory":null},"(10,1,0)":{"fields":{"worldedit_placeholder":"air"},"inventory":null},"(10,1,4)":{"fields":{"worldedit_placeholder":"air"},"inventory":null},"(10,1,8)":{"fields":{"worldedit_placeholder":"air"},"inventory":null},"(10,10,0)":{"fields":{"worldedit_placeholder":"air"},"inventory":null},"(10,10,4)":{"fields":{"worldedit_placeholder":"air"},"inventory":null},"(10,10,8)":{"fields":{"worldedit_placeholder":"air"},"inventory":null},"(10,11,0)":{"fields":{"worldedit_placeholder":"air"},"inventory":null},"(10,11,4)":{"fields":{"worldedit_placeholder":"air"},"inventory":null},"(10,11,8)":{"fields":{"worldedit_placeholder":"air"},"inventory":null},"(10,12,0)":{"fields":{"worldedit_placeholder":"air"},"inventory":null},"(10,12,4)":{"fields":{"worldedit_placeholder":"air"},"inventory":null},"(10,12,8)":{"fields":{"worldedit_placeholder":"air"},"inventory":null},"(10,13,0)":{"fields":{"worldedit_placeholder":"air"},"inventory":null},"(10,13,4)":{"fields":{"worldedit_placeholder":"air"},"inventory":null},"(10,13,8)":{"fields":{"worldedit_placeholder":"air"},"inventory":null},"(10,14,0)":{"fields":{"worldedit_placeholder":"air"},"inventory":null},"(10,14,4)":{"fields":{"worldedit_placeholder":"air"},"inventory":null},"(10,14,8)":{"fields":{"worldedit_placeholder":"air"},"inventory":null},"(10,15,0)":{"fields":{"worldedit_placeholder":"air"},"inventory":null},"(10,15,4)":{"fields":{"worldedit_placeholder":"air"},"inventory":null},"(10,15,8)":{"fields":{"worldedit_placeholder":"air"},"inventory":null},"(10,2,0)":{"fields":{"worldedit_placeholder":"air"},"inventory":null},"(10,2,4)":{"fields":{"worldedit_placeholder":"air"},"inventory":null},"(10,2,8)":{"fields":{"worldedit_placeholder":"air"},"inventory":null},"(10,3,0)":{"fields":{"worldedit_placeholder":"air"},"inventory":null},"(10,3,4)":{"fields":{"worldedit_placeholder":"air"},"inventory":null},"(10,3,8)":{"fields":{"worldedit_placeholder":"air"},"inventory":null},"(10,4,0)":{"fields":{"worldedit_placeholder":"air"},"inventory":null},"(10,4,4)":{"fields":{"worldedit_placeholder":"air"},"inventory":null},"(10,4,8)":{"fields":{"worldedit_placeholder":"air"},"inventory":null},"(10,5,0)":{"fields":{"worldedit_placeholder":"air"},"inventory":null},"(10,5,4)":{"fields":{"worldedit_placeholder":"air"},"inventory":null},"(10,5,8)":{"fields":{"worldedit_placeholder":"air"},"inventory":null},"(10,6,0)":{"fields":{"worldedit_placeholder":"air"},"inventory":null},"(10,6,4)":{"fields":{"worldedit_placeholder":"air"},"inventory":null},"(10,6,8)":{"fields":{"worldedit_placeholder":"air"},"inventory":null},"(10,7,0)":{"fields":{"worldedit_placeholder":"air"},"inventory":null},"(10,7,4)":{"fields":{"worldedit_placeholder":"air"},"inventory":null},"(10,7,8)":{"fields":{"worldedit_placeholder":"air"},"inventory":null},"(11,0,0)":{"fields":{"worldedit_placeholder":"air"},"inventory":null},"(11,0,4)":{"fields":{"worldedit_placeholder":"air"},"inventory":null},"(11,0,8)":{"fields":{"worldedit_placeholder":"air"},"inventory":null},"(11,1,0)":{"fields":{"worldedit_placeholder":"air"},"inventory":null},"(11,1,4)":{"fields":{"worldedit_placeholder":"air"},"inventory":null},"(11,1,8)":{"fields":{"worldedit_placeholder":"air"},"inventory":null},"(11,10,0)":{"fields":{"worldedit_placeholder":"air"},"inventory":null},"(11,10,4)":{"fields":{"worldedit_placeholder":"air"},"inventory":null},"(11,10,8)":{"fields":{"worldedit_placeholder":"air"},"inventory":null},"(11,11,0)":{"fields":{"worldedit_placeholder":"air"},"inventory":null},"(11,11,4)":{"fields":{"worldedit_placeholder":"air"},"inventory":null},"(11,11,8)":{"fields":{"worldedit_placeholder":"air"},"inventory":null},"(11,12,0)":{"fields":{"worldedit_placeholder":"air"},"inventory":null},"(11,12,4)":{"fields":{"worldedit_placeholder":"air"},"inventory":null},"(11,12,8)":{"fields":{"worldedit_placeholder":"air"},"inventory":null},"(11,13,0)":{"fields":{"worldedit_placeholder":"air"},"inventory":null},"(11,13,4)":{"fields":{"worldedit_placeholder":"air"},"inventory":null},"(11,13,8)":{"fields":{"worldedit_placeholder":"air"},"inventory":null},"(11,14,0)":{"fields":{"worldedit_placeholder":"air"},"inventory":null},"(11,14,4)":{"fields":{"worldedit_placeholder":"air"},"inventory":null},"(11,14,8)":{"fields":{"worldedit_placeholder":"air"},"inventory":null},"(11,15,0)":{"fields":{"worldedit_placeholder":"air"},"inventory":null},"(11,15,4)":{"fields":{"worldedit_placeholder":"air"},"inventory":null},"(11,15,8)":{"fields":{"worldedit_placeholder":"air"},"inventory":null},"(11,2,0)":{"fields":{"worldedit_placeholder":"air"},"inventory":null},"(11,2,4)":{"fields":{"worldedit_placeholder":"air"},"inventory":null},"(11,2,8)":{"fields":{"worldedit_placeholder":"air"},"inventory":null},"(11,3,0)":{"fields":{"worldedit_placeholder":"air"},"inventory":null},"(11,3,4)":{"fields":{"worldedit_placeholder":"air"},"inventory":null},"(11,3,8)":{"fields":{"worldedit_placeholder":"air"},"inventory":null},"(11,4,0)":{"fields":{"worldedit_placeholder":"air"},"inventory":null},"(11,4,4)":{"fields":{"worldedit_placeholder":"air"},"inventory":null},"(11,4,8)":{"fields":{"worldedit_placeholder":"air"},"inventory":null},"(11,5,0)":{"fields":{"worldedit_placeholder":"air"},"inventory":null},"(11,5,4)":{"fields":{"worldedit_placeholder":"air"},"inventory":null},"(11,5,8)":{"fields":{"worldedit_placeholder":"air"},"inventory":null},"(11,6,0)":{"fields":{"worldedit_placeholder":"air"},"inventory":null},"(11,6,4)":{"fields":{"worldedit_placeholder":"air"},"inventory":null},"(11,6,8)":{"fields":{"worldedit_placeholder":"air"},"inventory":null},"(11,7,0)":{"fields":{"worldedit_placeholder":"air"},"inventory":null},"(11,7,4)":{"fields":{"worldedit_placeholder":"air"},"inventory":null},"(11,7,8)":{"fields":{"worldedit_placeholder":"air"},"inventory":null},"(12,0,0)":{"fields":{"worldedit_placeholder":"air"},"inventory":null},"(12,0,4)":{"fields":{"worldedit_placeholder":"air"},"inventory":null},"(12,0,8)":{"fields":{"worldedit_placeholder":"air"},"inventory":null},"(12,1,0)":{"fields":{"worldedit_placeholder":"air"},"inventory":null},"(12,1,4)":{"fields":{"worldedit_placeholder":"air"},"inventory":null},"(12,1,8)":{"fields":{"worldedit_placeholder":"air"},"inventory":null},"(12,10,0)":{"fields":{"worldedit_placeholder":"air"},"inventory":null},"(12,10,4)":{"fields":{"worldedit_placeholder":"air"},"inventory":null},"(12,10,8)":{"fields":{"worldedit_placeholder":"air"},"inventory":null},"(12,11,0)":{"fields":{"worldedit_placeholder":"air"},"inventory":null},"(12,11,4)":{"fields":{"worldedit_placeholder":"air"},"inventory":null},"(12,11,8)":{"fields":{"worldedit_placeholder":"air"},"inventory":null},"(12,12,0)":{"fields":{"worldedit_placeholder":"air"},"inventory":null},"(12,12,4)":{"fields":{"worldedit_placeholder":"air"},"inventory":null},"(12,12,8)":{"fields":{"worldedit_placeholder":"air"},"inventory":null},"(12,13,0)":{"fields":{"worldedit_placeholder":"air"},"inventory":null},"(12,13,4)":{"fields":{"worldedit_placeholder":"air"},"inventory":null},"(12,13,8)":{"fields":{"worldedit_placeholder":"air"},"inventory":null},"(12,14,0)":{"fields":{"worldedit_placeholder":"air"},"inventory":null},"(12,14,4)":{"fields":{"worldedit_placeholder":"air"},"inventory":null},"(12,14,8)":{"fields":{"worldedit_placeholder":"air"},"inventory":null},"(12,15,0)":{"fields":{"worldedit_placeholder":"air"},"inventory":null},"(12,15,4)":{"fields":{"worldedit_placeholder":"air"},"inventory":null},"(12,15,8)":{"fields":{"worldedit_placeholder":"air"},"inventory":null},"(12,2,0)":{"fields":{"worldedit_placeholder":"air"},"inventory":null},"(12,2,4)":{"fields":{"worldedit_placeholder":"air"},"inventory":null},"(12,2,8)":{"fields":{"worldedit_placeholder":"air"},"inventory":null},"(12,3,0)":{"fields":{"worldedit_placeholder":"air"},"inventory":null},"(12,3,4)":{"fields":{"worldedit_placeholder":"air"},"inventory":null},"(12,3,8)":{"fields":{"worldedit_placeholder":"air"},"inventory":null},"(12,4,0)":{"fields":{"worldedit_placeholder":"air"},"inventory":null},"(12,4,4)":{"fields":{"worldedit_placeholder":"air"},"inventory":null},"(12,4,8)":{"fields":{"worldedit_placeholder":"air"},"inventory":null},"(12,5,0)":{"fields":{"worldedit_placeholder":"air"},"inventory":null},"(12,5,4)":{"fields":{"worldedit_placeholder":"air"},"inventory":null},"(12,5,8)":{"fields":{"worldedit_placeholder":"air"},"inventory":null},"(12,6,0)":{"fields":{"worldedit_placeholder":"air"},"inventory":null},"(12,6,4)":{"fields":{"worldedit_placeholder":"air"},"inventory":null},"(12,6,8)":{"fields":{"worldedit_placeholder":"air"},"inventory":null},"(12,7,0)":{"fields":{"worldedit_placeholder":"air"},"inventory":null},"(12,7,4)":{"fields":{"worldedit_placeholder":"air"},"inventory":null},"(12,7,8)":{"fields":{"worldedit_placeholder":"air"},"inventory":null},"(13,0,0)":{"fields":{"worldedit_placeholder":"air"},"inventory":null},"(13,0,4)":{"fields":{"worldedit_placeholder":"air"},"inventory":null},"(13,0,8)":{"fields":{"worldedit_placeholder":"air"},"inventory":null},"(13,1,0)":{"fields":{"worldedit_placeholder":"air"},"inventory":null},"(13,1,4)":{"fields":{"worldedit_placeholder":"air"},"inventory":null},"(13,1,8)":{"fields":{"worldedit_placeholder":"air"},"inventory":null},"(13,10,0)":{"fields":{"worldedit_placeholder":"air"},"inventory":null},"(13,10,4)":{"fields":{"worldedit_placeholder":"air"},"inventory":null},"(13,10,8)":{"fields":{"worldedit_placeholder":"air"},"inventory":null},"(13,11,0)":{"fields":{"worldedit_placeholder":"air"},"inventory":null},"(13,11,4)":{"fields":{"worldedit_placeholder":"air"},"inventory":null},"(13,11,8)":{"fields":{"worldedit_placeholder":"air"},"inventory":null},"(13,12,0)":{"fields":{"worldedit_placeholder":"air"},"inventory":null},"(13,12,4)":{"fields":{"worldedit_placeholder":"air"},"inventory":null},"(13,12,8)":{"fields":{"worldedit_placeholder":"air"},"inventory":null},"(13,13,0)":{"fields":{"worldedit_placeholder":"air"},"inventory":null},"(13,13,4)":{"fields":{"worldedit_placeholder":"air"},"inventory":null},"(13,13,8)":{"fields":{"worldedit_placeholder":"air"},"inventory":null},"(13,14,0)":{"fields":{"worldedit_placeholder":"air"},"inventory":null},"(13,14,4)":{"fields":{"worldedit_placeholder":"air"},"inventory":null},"(13,14,8)":{"fields":{"worldedit_placeholder":"air"},"inventory":null},"(13,15,0)":{"fields":{"worldedit_placeholder":"air"},"inventory":null},"(13,15,4)":{"fields":{"worldedit_placeholder":"air"},"inventory":null},"(13,15,8)":{"fields":{"worldedit_placeholder":"air"},"inventory":null},"(13,2,0)":{"fields":{"worldedit_placeholder":"air"},"inventory":null},"(13,2,4)":{"fields":{"worldedit_placeholder":"air"},"inventory":null},"(13,2,8)":{"fields":{"worldedit_placeholder":"air"},"inventory":null},"(13,3,0)":{"fields":{"worldedit_placeholder":"air"},"inventory":null},"(13,3,4)":{"fields":{"worldedit_placeholder":"air"},"inventory":null},"(13,3,8)":{"fields":{"worldedit_placeholder":"air"},"inventory":null},"(13,4,0)":{"fields":{"worldedit_placeholder":"air"},"inventory":null},"(13,4,4)":{"fields":{"worldedit_placeholder":"air"},"inventory":null},"(13,4,8)":{"fields":{"worldedit_placeholder":"air"},"inventory":null},"(13,5,0)":{"fields":{"worldedit_placeholder":"air"},"inventory":null},"(13,5,4)":{"fields":{"worldedit_placeholder":"air"},"inventory":null},"(13,5,8)":{"fields":{"worldedit_placeholder":"air"},"inventory":null},"(13,6,0)":{"fields":{"worldedit_placeholder":"air"},"inventory":null},"(13,6,4)":{"fields":{"worldedit_placeholder":"air"},"inventory":null},"(13,6,8)":{"fields":{"worldedit_placeholder":"air"},"inventory":null},"(13,7,0)":{"fields":{"worldedit_placeholder":"air"},"inventory":null},"(13,7,4)":{"fields":{"worldedit_placeholder":"air"},"inventory":null},"(13,7,8)":{"fields":{"worldedit_placeholder":"air"},"inventory":null},"(14,0,0)":{"fields":{"worldedit_placeholder":"air"},"inventory":null},"(14,0,4)":{"fields":{"worldedit_placeholder":"air"},"inventory":null},"(14,0,8)":{"fields":{"worldedit_placeholder":"air"},"inventory":null},"(14,1,0)":{"fields":{"worldedit_placeholder":"air"},"inventory":null},"(14,1,4)":{"fields":{"worldedit_placeholder":"air"},"inventory":null},"(14,1,8)":{"fields":{"worldedit_placeholder":"air"},"inventory":null},"(14,10,0)":{"fields":{"worldedit_placeholder":"air"},"inventory":null},"(14,10,4)":{"fields":{"worldedit_placeholder":"air"},"inventory":null},"(14,10,8)":{"fields":{"worldedit_placeholder":"air"},"inventory":null},"(14,11,0)":{"fields":{"worldedit_placeholder":"air"},"inventory":null},"(14,11,4)":{"fields":{"worldedit_placeholder":"air"},"inventory":null},"(14,11,8)":{"fields":{"worldedit_placeholder":"air"},"inventory":null},"(14,12,0)":{"fields":{"worldedit_placeholder":"air"},"inventory":null},"(14,12,4)":{"fields":{"worldedit_placeholder":"air"},"inventory":null},"(14,12,8)":{"fields":{"worldedit_placeholder":"air"},"inventory":null},"(14,13,0)":{"fields":{"worldedit_placeholder":"air"},"inventory":null},"(14,13,4)":{"fields":{"worldedit_placeholder":"air"},"inventory":null},"(14,13,8)":{"fields":{"worldedit_placeholder":"air"},"inventory":null},"(14,14,0)":{"fields":{"worldedit_placeholder":"air"},"inventory":null},"(14,14,4)":{"fields":{"worldedit_placeholder":"air"},"inventory":null},"(14,14,8)":{"fields":{"worldedit_placeholder":"air"},"inventory":null},"(14,15,0)":{"fields":{"worldedit_placeholder":"air"},"inventory":null},"(14,15,4)":{"fields":{"worldedit_placeholder":"air"},"inventory":null},"(14,15,8)":{"fields":{"worldedit_placeholder":"air"},"inventory":null},"(14,2,0)":{"fields":{"worldedit_placeholder":"air"},"inventory":null},"(14,2,4)":{"fields":{"worldedit_placeholder":"air"},"inventory":null},"(14,2,8)":{"fields":{"worldedit_placeholder":"air"},"inventory":null},"(14,3,0)":{"fields":{"worldedit_placeholder":"air"},"inventory":null},"(14,3,4)":{"fields":{"worldedit_placeholder":"air"},"inventory":null},"(14,3,8)":{"fields":{"worldedit_placeholder":"air"},"inventory":null},"(14,4,0)":{"fields":{"worldedit_placeholder":"air"},"inventory":null},"(14,4,4)":{"fields":{"worldedit_placeholder":"air"},"inventory":null},"(14,4,8)":{"fields":{"worldedit_placeholder":"air"},"inventory":null},"(14,5,0)":{"fields":{"worldedit_placeholder":"air"},"inventory":null},"(14,5,4)":{"fields":{"worldedit_placeholder":"air"},"inventory":null},"(14,5,8)":{"fields":{"worldedit_placeholder":"air"},"inventory":null},"(14,6,0)":{"fields":{"worldedit_placeholder":"air"},"inventory":null},"(14,6,4)":{"fields":{"worldedit_placeholder":"air"},"inventory":null},"(14,6,8)":{"fields":{"worldedit_placeholder":"air"},"inventory":null},"(14,7,0)":{"fields":{"worldedit_placeholder":"air"},"inventory":null},"(14,7,4)":{"fields":{"worldedit_placeholder":"air"},"inventory":null},"(14,7,8)":{"fields":{"worldedit_placeholder":"air"},"inventory":null},"(15,0,0)":{"fields":{"worldedit_placeholder":"air"},"inventory":null},"(15,0,4)":{"fields":{"worldedit_placeholder":"air"},"inventory":null},"(15,0,8)":{"fields":{"worldedit_placeholder":"air"},"inventory":null},"(15,1,0)":{"fields":{"worldedit_placeholder":"air"},"inventory":null},"(15,1,4)":{"fields":{"worldedit_placeholder":"air"},"inventory":null},"(15,1,8)":{"fields":{"worldedit_placeholder":"air"},"inventory":null},"(15,10,0)":{"fields":{"worldedit_placeholder":"air"},"inventory":null},"(15,10,4)":{"fields":{"worldedit_placeholder":"air"},"inventory":null},"(15,10,8)":{"fields":{"worldedit_placeholder":"air"},"inventory":null},"(15,11,0)":{"fields":{"worldedit_placeholder":"air"},"inventory":null},"(15,11,4)":{"fields":{"worldedit_placeholder":"air"},"inventory":null},"(15,11,8)":{"fields":{"worldedit_placeholder":"air"},"inventory":null},"(15,12,0)":{"fields":{"worldedit_placeholder":"air"},"inventory":null},"(15,12,4)":{"fields":{"worldedit_placeholder":"air"},"inventory":null},"(15,12,8)":{"fields":{"worldedit_placeholder":"air"},"inventory":null},"(15,13,0)":{"fields":{"worldedit_placeholder":"air"},"inventory":null},"(15,13,4)":{"fields":{"worldedit_placeholder":"air"},"inventory":null},"(15,13,8)":{"fields":{"worldedit_placeholder":"air"},"inventory":null},"(15,14,0)":{"fields":{"worldedit_placeholder":"air"},"inventory":null},"(15,14,4)":{"fields":{"worldedit_placeholder":"air"},"inventory":null},"(15,14,8)":{"fields":{"worldedit_placeholder":"air"},"inventory":null},"(15,15,0)":{"fields":{"worldedit_placeholder":"air"},"inventory":null},"(15,15,4)":{"fields":{"worldedit_placeholder":"air"},"inventory":null},"(15,15,8)":{"fields":{"worldedit_placeholder":"air"},"inventory":null},"(15,2,0)":{"fields":{"worldedit_placeholder":"air"},"inventory":null},"(15,2,4)":{"fields":{"worldedit_placeholder":"air"},"inventory":null},"(15,2,8)":{"fields":{"worldedit_placeholder":"air"},"inventory":null},"(15,3,0)":{"fields":{"worldedit_placeholder":"air"},"inventory":null},"(15,3,4)":{"fields":{"worldedit_placeholder":"air"},"inventory":null},"(15,3,8)":{"fields":{"worldedit_placeholder":"air"},"inventory":null},"(15,4,0)":{"fields":{"worldedit_placeholder":"air"},"inventory":null},"(15,4,4)":{"fields":{"worldedit_placeholder":"air"},"inventory":null},"(15,4,8)":{"fields":{"worldedit_placeholder":"air"},"inventory":null},"(15,5,0)":{"fields":{"worldedit_placeholder":"air"},"inventory":null},"(15,5,4)":{"fields":{"worldedit_placeholder":"air"},"inventory":null},"(15,5,8)":{"fields":{"worldedit_placeholder":"air"},"inventory":null},"(15,6,0)":{"fields":{"worldedit_placeholder":"air"},"inventory":null},"(15,6,4)":{"fields":{"worldedit_placeholder":"air"},"inventory":null},"(15,6,8)":{"fields":{"worldedit_placeholder":"air"},"inventory":null},"(15,7,0)":{"fields":{"worldedit_placeholder":"air"},"inventory":null},"(15,7,4)":{"fields":{"worldedit_placeholder":"air"},"inventory":null},"(15,7,8)":{"fields":{"worldedit_placeholder":"air"},"inventory":null},"(5,0,0)":{"fields":{"worldedit_placeholder":"air"},"inventory":null},"(5,0,8)":{"fields":{"worldedit_placeholder":"air"},"inventory":null},"(5,1,0)":{"fields":{"worldedit_placeholder":"air"},"inventory":null},"(5,1,8)":{"fields":{"worldedit_placeholder":"air"},"inventory":null},"(5,10,0)":{"fields":{"worldedit_placeholder":"air"},"inventory":null},"(5,11,0)":{"fields":{"worldedit_placeholder":"air"},"inventory":null},"(5,11,8)":{"fields":{"worldedit_placeholder":"air"},"inventory":null},"(5,12,0)":{"fields":{"worldedit_placeholder":"air"},"inventory":null},"(5,12,8)":{"fields":{"worldedit_placeholder":"air"},"inventory":null},"(5,13,0)":{"fields":{"worldedit_placeholder":"air"},"inventory":null},"(5,13,8)":{"fields":{"worldedit_placeholder":"air"},"inventory":null},"(5,14,0)":{"fields":{"worldedit_placeholder":"air"},"inventory":null},"(5,14,8)":{"fields":{"worldedit_placeholder":"air"},"inventory":null},"(5,15,0)":{"fields":{"worldedit_placeholder":"air"},"inventory":null},"(5,15,8)":{"fields":{"worldedit_placeholder":"air"},"inventory":null},"(5,2,0)":{"fields":{"worldedit_placeholder":"air"},"inventory":null},"(5,2,8)":{"fields":{"worldedit_placeholder":"air"},"inventory":null},"(5,3,0)":{"fields":{"worldedit_placeholder":"air"},"inventory":null},"(5,3,8)":{"fields":{"worldedit_placeholder":"air"},"inventory":null},"(5,4,0)":{"fields":{"worldedit_placeholder":"air"},"inventory":null},"(5,4,8)":{"fields":{"worldedit_placeholder":"air"},"inventory":null},"(5,5,0)":{"fields":{"worldedit_placeholder":"air"},"inventory":null},"(5,5,8)":{"fields":{"worldedit_placeholder":"air"},"inventory":null},"(5,6,0)":{"fields":{"worldedit_placeholder":"air"},"inventory":null},"(5,6,8)":{"fields":{"worldedit_placeholder":"air"},"inventory":null},"(5,7,0)":{"fields":{"worldedit_placeholder":"air"},"inventory":null},"(5,7,8)":{"fields":{"worldedit_placeholder":"air"},"inventory":null},"(6,0,0)":{"fields":{"worldedit_placeholder":"air"},"inventory":null},"(6,0,8)":{"fields":{"worldedit_placeholder":"air"},"inventory":null},"(6,1,0)":{"fields":{"worldedit_placeholder":"air"},"inventory":null},"(6,1,8)":{"fields":{"worldedit_placeholder":"air"},"inventory":null},"(6,10,0)":{"fields":{"worldedit_placeholder":"air"},"inventory":null},"(6,10,8)":{"fields":{"worldedit_placeholder":"air"},"inventory":null},"(6,11,0)":{"fields":{"worldedit_placeholder":"air"},"inventory":null},"(6,11,8)":{"fields":{"worldedit_placeholder":"air"},"inventory":null},"(6,12,0)":{"fields":{"worldedit_placeholder":"air"},"inventory":null},"(6,13,0)":{"fields":{"worldedit_placeholder":"air"},"inventory":null},"(6,13,8)":{"fields":{"worldedit_placeholder":"air"},"inventory":null},"(6,14,0)":{"fields":{"worldedit_placeholder":"air"},"inventory":null},"(6,14,8)":{"fields":{"worldedit_placeholder":"air"},"inventory":null},"(6,15,0)":{"fields":{"worldedit_placeholder":"air"},"inventory":null},"(6,15,8)":{"fields":{"worldedit_placeholder":"air"},"inventory":null},"(6,2,0)":{"fields":{"worldedit_placeholder":"air"},"inventory":null},"(6,2,8)":{"fields":{"worldedit_placeholder":"air"},"inventory":null},"(6,3,0)":{"fields":{"worldedit_placeholder":"air"},"inventory":null},"(6,3,8)":{"fields":{"worldedit_placeholder":"air"},"inventory":null},"(6,4,0)":{"fields":{"worldedit_placeholder":"air"},"inventory":null},"(6,4,8)":{"fields":{"worldedit_placeholder":"air"},"inventory":null},"(6,5,0)":{"fields":{"worldedit_placeholder":"air"},"inventory":null},"(6,5,8)":{"fields":{"worldedit_placeholder":"air"},"inventory":null},"(6,6,0)":{"fields":{"worldedit_placeholder":"air"},"inventory":null},"(6,6,8)":{"fields":{"worldedit_placeholder":"air"},"inventory":null},"(6,7,0)":{"fields":{"worldedit_placeholder":"air"},"inventory":null},"(6,7,8)":{"fields":{"worldedit_placeholder":"air"},"inventory":null},"(7,0,8)":{"fields":{"worldedit_placeholder":"air"},"inventory":null},"(7,1,0)":{"fields":{"worldedit_placeholder":"air"},"inventory":null},"(7,1,8)":{"fields":{"worldedit_placeholder":"air"},"inventory":null},"(7,11,8)":{"fields":{"worldedit_placeholder":"air"},"inventory":null},"(7,12,0)":{"fields":{"worldedit_placeholder":"air"},"inventory":null},"(7,12,8)":{"fields":{"worldedit_placeholder":"air"},"inventory":null},"(7,13,0)":{"fields":{"worldedit_placeholder":"air"},"inventory":null},"(7,13,8)":{"fields":{"worldedit_placeholder":"air"},"inventory":null},"(7,14,0)":{"fields":{"worldedit_placeholder":"air"},"inventory":null},"(7,14,8)":{"fields":{"worldedit_placeholder":"air"},"inventory":null},"(7,15,0)":{"fields":{"worldedit_placeholder":"air"},"inventory":null},"(7,15,8)":{"fields":{"worldedit_placeholder":"air"},"inventory":null},"(7,2,0)":{"fields":{"worldedit_placeholder":"air"},"inventory":null},"(7,2,8)":{"fields":{"worldedit_placeholder":"air"},"inventory":null},"(7,3,0)":{"fields":{"worldedit_placeholder":"air"},"inventory":null},"(7,3,8)":{"fields":{"worldedit_placeholder":"air"},"inventory":null},"(7,4,0)":{"fields":{"worldedit_placeholder":"air"},"inventory":null},"(7,4,8)":{"fields":{"worldedit_placeholder":"air"},"inventory":null},"(7,5,0)":{"fields":{"worldedit_placeholder":"air"},"inventory":null},"(7,5,8)":{"fields":{"worldedit_placeholder":"air"},"inventory":null},"(7,6,0)":{"fields":{"worldedit_placeholder":"air"},"inventory":null},"(7,6,8)":{"fields":{"worldedit_placeholder":"air"},"inventory":null},"(7,7,0)":{"fields":{"worldedit_placeholder":"air"},"inventory":null},"(7,7,8)":{"fields":{"worldedit_placeholder":"air"},"inventory":null},"(8,0,4)":{"fields":{"worldedit_placeholder":"air"},"inventory":null},"(8,0,8)":{"fields":{"worldedit_placeholder":"air"},"inventory":null},"(8,1,4)":{"fields":{"worldedit_placeholder":"air"},"inventory":null},"(8,1,8)":{"fields":{"worldedit_placeholder":"air"},"inventory":null},"(8,10,3)":{"fields":{"worldedit_placeholder":"air"},"inventory":null},"(8,10,8)":{"fields":{"worldedit_placeholder":"air"},"inventory":null},"(8,11,0)":{"fields":{"worldedit_placeholder":"air"},"inventory":null},"(8,11,4)":{"fields":{"worldedit_placeholder":"air"},"inventory":null},"(8,11,8)":{"fields":{"worldedit_placeholder":"air"},"inventory":null},"(8,12,0)":{"fields":{"worldedit_placeholder":"air"},"inventory":null},"(8,12,4)":{"fields":{"worldedit_placeholder":"air"},"inventory":null},"(8,12,8)":{"fields":{"worldedit_placeholder":"air"},"inventory":null},"(8,13,0)":{"fields":{"worldedit_placeholder":"air"},"inventory":null},"(8,13,4)":{"fields":{"worldedit_placeholder":"air"},"inventory":null},"(8,13,8)":{"fields":{"worldedit_placeholder":"air"},"inventory":null},"(8,14,0)":{"fields":{"worldedit_placeholder":"air"},"inventory":null},"(8,14,4)":{"fields":{"worldedit_placeholder":"air"},"inventory":null},"(8,14,8)":{"fields":{"worldedit_placeholder":"air"},"inventory":null},"(8,15,0)":{"fields":{"worldedit_placeholder":"air"},"inventory":null},"(8,15,4)":{"fields":{"worldedit_placeholder":"air"},"inventory":null},"(8,15,8)":{"fields":{"worldedit_placeholder":"air"},"inventory":null},"(8,2,4)":{"fields":{"worldedit_placeholder":"air"},"inventory":null},"(8,2,8)":{"fields":{"worldedit_placeholder":"air"},"inventory":null},"(8,3,4)":{"fields":{"worldedit_placeholder":"air"},"inventory":null},"(8,3,8)":{"fields":{"worldedit_placeholder":"air"},"inventory":null},"(8,4,4)":{"fields":{"worldedit_placeholder":"air"},"inventory":null},"(8,4,8)":{"fields":{"worldedit_placeholder":"air"},"inventory":null},"(8,5,4)":{"fields":{"worldedit_placeholder":"air"},"inventory":null},"(8,5,8)":{"fields":{"worldedit_placeholder":"air"},"inventory":null},"(8,6,4)":{"fields":{"worldedit_placeholder":"air"},"inventory":null},"(8,6,8)":{"fields":{"worldedit_placeholder":"air"},"inventory":null},"(8,7,4)":{"fields":{"worldedit_placeholder":"air"},"inventory":null},"(8,7,8)":{"fields":{"worldedit_placeholder":"air"},"inventory":null},"(9,0,0)":{"fields":{"worldedit_placeholder":"air"},"inventory":null},"(9,0,4)":{"fields":{"worldedit_placeholder":"air"},"inventory":null},"(9,0,8)":{"fields":{"worldedit_placeholder":"air"},"inventory":null},"(9,1,0)":{"fields":{"worldedit_placeholder":"air"},"inventory":null},"(9,1,4)":{"fields":{"worldedit_placeholder":"air"},"inventory":null},"(9,1,8)":{"fields":{"worldedit_placeholder":"air"},"inventory":null},"(9,10,0)":{"fields":{"worldedit_placeholder":"air"},"inventory":null},"(9,10,8)":{"fields":{"worldedit_placeholder":"air"},"inventory":null},"(9,11,0)":{"fields":{"worldedit_placeholder":"air"},"inventory":null},"(9,11,4)":{"fields":{"worldedit_placeholder":"air"},"inventory":null},"(9,11,8)":{"fields":{"worldedit_placeholder":"air"},"inventory":null},"(9,12,0)":{"fields":{"worldedit_placeholder":"air"},"inventory":null},"(9,12,4)":{"fields":{"worldedit_placeholder":"air"},"inventory":null},"(9,12,8)":{"fields":{"worldedit_placeholder":"air"},"inventory":null},"(9,13,0)":{"fields":{"worldedit_placeholder":"air"},"inventory":null},"(9,13,4)":{"fields":{"worldedit_placeholder":"air"},"inventory":null},"(9,13,8)":{"fields":{"worldedit_placeholder":"air"},"inventory":null},"(9,14,0)":{"fields":{"worldedit_placeholder":"air"},"inventory":null},"(9,14,4)":{"fields":{"worldedit_placeholder":"air"},"inventory":null},"(9,14,8)":{"fields":{"worldedit_placeholder":"air"},"inventory":null},"(9,15,0)":{"fields":{"worldedit_placeholder":"air"},"inventory":null},"(9,15,4)":{"fields":{"worldedit_placeholder":"air"},"inventory":null},"(9,15,8)":{"fields":{"worldedit_placeholder":"air"},"inventory":null},"(9,2,0)":{"fields":{"worldedit_placeholder":"air"},"inventory":null},"(9,2,4)":{"fields":{"worldedit_placeholder":"air"},"inventory":null},"(9,2,8)":{"fields":{"worldedit_placeholder":"air"},"inventory":null},"(9,3,0)":{"fields":{"worldedit_placeholder":"air"},"inventory":null},"(9,3,4)":{"fields":{"worldedit_placeholder":"air"},"inventory":null},"(9,3,8)":{"fields":{"worldedit_placeholder":"air"},"inventory":null},"(9,4,0)":{"fields":{"worldedit_placeholder":"air"},"inventory":null},"(9,4,4)":{"fields":{"worldedit_placeholder":"air"},"inventory":null},"(9,4,8)":{"fields":{"worldedit_placeholder":"air"},"inventory":null},"(9,5,0)":{"fields":{"worldedit_placeholder":"air"},"inventory":null},"(9,5,4)":{"fields":{"worldedit_placeholder":"air"},"inventory":null},"(9,5,8)":{"fields":{"worldedit_placeholder":"air"},"inventory":null},"(9,6,0)":{"fields":{"worldedit_placeholder":"air"},"inventory":null},"(9,6,4)":{"fields":{"worldedit_placeholder":"air"},"inventory":null},"(9,6,8)":{"fields":{"worldedit_placeholder":"air"},"inventory":null},"(9,7,0)":{"fields":{"worldedit_placeholder":"air"},"inventory":null},"(9,7,4)":{"fields":{"worldedit_placeholder":"air"},"inventory":null},"(9,7,8)":{"fields":{"worldedit_placeholder":"air"},"inventory":null}}},"node_mapping":{"air":126.0,"hightech:dark":394.0,"hightech:dark_stripe_bottom_autoconnect_0000":409.0,"stairs:stair_inner_glass":312.0}}